fonte;usina;codigo_fracttal;inversor;string;grupo;esperadas_cadastro;inicio;fim;fim_motivo;metodo;perda_kwh;os_folio;os_categoria;os_cita;os_status;os_criada;os_executada;horas_fim_menos_execucao
pv;Assis;ACB100;Inversor 2.1;Ipv13;dentro das esperadas;21;2026-09-24 06:50;;em aberto;misto;208,9;;;;;;;
pv;Assis;ACB100;Inversor 2.1;Ipv14;dentro das esperadas;21;2026-09-24 06:50;;em aberto;misto;208,9;;;;;;;
pv;Assis;ACB100;Inversor 2.1;Ipv17;dentro das esperadas;21;2026-09-24 06:50;;em aberto;misto;208,9;;;;;;;
pv;Assis;ACB100;Inversor 2.1;Ipv22;acima das esperadas;21;2026-09-24 06:50;;em aberto;misto;208,9;;;;;;;
pv;Assis;ACB100;Inversor 2.1;Ipv23;acima das esperadas;21;2026-09-24 06:50;;em aberto;misto;208,9;;;;;;;
pv;Assis;ACB100;Inversor 2.1;Ipv28;acima das esperadas;21;2026-09-24 06:50;;em aberto;misto;208,9;;;;;;;
pv;Assis;ACB100;Inversor 2.1;Ipv9;dentro das esperadas;21;2026-09-24 06:50;;em aberto;misto;208,9;;;;;;;
pv;Assis;ACB100;Inversor 2.2;Ipv13;dentro das esperadas;21;2026-09-24 06:50;;em aberto;misto;209,3;;;;;;;
pv;Assis;ACB100;Inversor 2.2;Ipv14;dentro das esperadas;21;2026-09-24 06:50;;em aberto;misto;209,3;;;;;;;
pv;Assis;ACB100;Inversor 2.2;Ipv18;dentro das esperadas;21;2026-09-24 06:50;;em aberto;misto;209,3;;;;;;;
pv;Assis;ACB100;Inversor 2.2;Ipv22;acima das esperadas;21;2026-09-24 06:50;;em aberto;misto;209,3;;;;;;;
pv;Assis;ACB100;Inversor 2.2;Ipv23;acima das esperadas;21;2026-09-24 06:50;;em aberto;misto;209,3;;;;;;;
pv;Assis;ACB100;Inversor 2.2;Ipv28;acima das esperadas;21;2026-09-24 06:50;;em aberto;misto;209,3;;;;;;;
pv;Assis;ACB100;Inversor 2.2;Ipv9;dentro das esperadas;21;2026-09-24 06:50;;em aberto;misto;209,3;;;;;;;
pv;Assis;ACB100;Inversor 2.3;Ipv13;dentro das esperadas;21;2026-09-24 06:50;;em aberto;misto;209,3;;;;;;;
pv;Assis;ACB100;Inversor 2.3;Ipv14;dentro das esperadas;21;2026-09-24 06:50;;em aberto;misto;209,3;;;;;;;
pv;Assis;ACB100;Inversor 2.3;Ipv18;dentro das esperadas;21;2026-09-24 06:50;;em aberto;misto;209,3;;;;;;;
pv;Assis;ACB100;Inversor 2.3;Ipv22;acima das esperadas;21;2026-09-24 06:50;;em aberto;misto;209,3;;;;;;;
pv;Assis;ACB100;Inversor 2.3;Ipv23;acima das esperadas;21;2026-09-24 06:50;;em aberto;misto;209,3;;;;;;;
pv;Assis;ACB100;Inversor 2.3;Ipv28;acima das esperadas;21;2026-09-24 06:50;;em aberto;misto;209,3;;;;;;;
pv;Assis;ACB100;Inversor 2.3;Ipv9;dentro das esperadas;21;2026-09-24 06:50;;em aberto;misto;209,3;;;;;;;
pv;Assis;ACB100;Inversor 2.4;Ipv13;dentro das esperadas;21;2026-09-24 07:10;;em aberto;misto;208,5;;;;;;;
pv;Assis;ACB100;Inversor 2.4;Ipv14;dentro das esperadas;21;2026-09-24 07:10;;em aberto;misto;208,5;;;;;;;
pv;Assis;ACB100;Inversor 2.4;Ipv18;dentro das esperadas;21;2026-09-24 07:10;;em aberto;misto;208,5;;;;;;;
pv;Assis;ACB100;Inversor 2.4;Ipv22;acima das esperadas;21;2026-09-24 07:10;;em aberto;misto;208,5;;;;;;;
pv;Assis;ACB100;Inversor 2.4;Ipv23;acima das esperadas;21;2026-09-24 07:10;;em aberto;misto;208,5;;;;;;;
pv;Assis;ACB100;Inversor 2.4;Ipv28;acima das esperadas;21;2026-09-24 07:10;;em aberto;misto;208,5;;;;;;;
pv;Assis;ACB100;Inversor 2.4;Ipv9;dentro das esperadas;21;2026-09-24 07:10;;em aberto;misto;208,5;;;;;;;
pv;Assis;ACB100;Inversor 3.1;Ipv13;dentro das esperadas;20;2026-09-25 07:00;;em aberto;curva;165,8;;;;;;;
pv;Assis;ACB100;Inversor 3.1;Ipv14;dentro das esperadas;20;2026-09-25 07:00;;em aberto;curva;165,8;;;;;;;
pv;Assis;ACB100;Inversor 3.1;Ipv22;acima das esperadas;20;2026-09-25 07:00;;em aberto;curva;165,8;;;;;;;
pv;Assis;ACB100;Inversor 3.1;Ipv23;acima das esperadas;20;2026-09-25 07:00;;em aberto;curva;165,8;;;;;;;
pv;Assis;ACB100;Inversor 3.1;Ipv24;acima das esperadas;20;2026-09-25 07:10;;em aberto;curva;165,3;;;;;;;
pv;Assis;ACB100;Inversor 3.1;Ipv28;acima das esperadas;20;2026-09-25 07:00;;em aberto;curva;165,8;;;;;;;
pv;Assis;ACB100;Inversor 3.1;Ipv9;dentro das esperadas;20;2026-09-25 07:00;;em aberto;curva;165,8;;;;;;;
pv;Assis;ACB100;Inversor 3.2;Ipv13;dentro das esperadas;20;2026-09-25 07:00;;em aberto;curva;165,8;;;;;;;
pv;Assis;ACB100;Inversor 3.2;Ipv14;dentro das esperadas;20;2026-09-25 07:00;;em aberto;curva;165,8;;;;;;;
pv;Assis;ACB100;Inversor 3.2;Ipv18;dentro das esperadas;20;2026-09-25 07:00;;em aberto;curva;165,8;;;;;;;
pv;Assis;ACB100;Inversor 3.2;Ipv22;acima das esperadas;20;2026-09-25 07:00;;em aberto;curva;165,8;;;;;;;
pv;Assis;ACB100;Inversor 3.2;Ipv23;acima das esperadas;20;2026-09-25 07:00;;em aberto;curva;165,8;;;;;;;
pv;Assis;ACB100;Inversor 3.2;Ipv28;acima das esperadas;20;2026-09-25 07:00;;em aberto;curva;165,8;;;;;;;
pv;Assis;ACB100;Inversor 3.2;Ipv9;dentro das esperadas;20;2026-09-25 07:00;;em aberto;curva;165,8;;;;;;;
pv;Assis;ACB100;Inversor 3.3;Ipv13;dentro das esperadas;20;2026-09-25 07:10;;em aberto;curva;165,6;;;;;;;
pv;Assis;ACB100;Inversor 3.3;Ipv14;dentro das esperadas;20;2026-09-25 07:10;;em aberto;curva;165,6;;;;;;;
pv;Assis;ACB100;Inversor 3.3;Ipv18;dentro das esperadas;20;2026-09-25 07:10;;em aberto;curva;165,6;;;;;;;
pv;Assis;ACB100;Inversor 3.3;Ipv22;acima das esperadas;20;2026-09-25 07:10;;em aberto;curva;165,6;;;;;;;
pv;Assis;ACB100;Inversor 3.3;Ipv23;acima das esperadas;20;2026-09-25 07:10;;em aberto;curva;165,6;;;;;;;
pv;Assis;ACB100;Inversor 3.3;Ipv28;acima das esperadas;20;2026-09-25 07:10;;em aberto;curva;165,6;;;;;;;
pv;Assis;ACB100;Inversor 3.3;Ipv9;dentro das esperadas;20;2026-09-25 07:10;;em aberto;curva;165,6;;;;;;;
pv;Assis;ACB100;Inversor 3.4;Ipv13;dentro das esperadas;20;2026-09-25 07:00;;em aberto;curva;165,8;;;;;;;
pv;Assis;ACB100;Inversor 3.4;Ipv14;dentro das esperadas;20;2026-09-25 07:00;;em aberto;curva;165,8;;;;;;;
pv;Assis;ACB100;Inversor 3.4;Ipv18;dentro das esperadas;20;2026-09-25 07:00;;em aberto;curva;165,8;;;;;;;
pv;Assis;ACB100;Inversor 3.4;Ipv22;acima das esperadas;20;2026-09-25 07:00;;em aberto;curva;165,8;;;;;;;
pv;Assis;ACB100;Inversor 3.4;Ipv23;acima das esperadas;20;2026-09-25 07:00;;em aberto;curva;165,8;;;;;;;
pv;Assis;ACB100;Inversor 3.4;Ipv28;acima das esperadas;20;2026-09-25 07:00;;em aberto;curva;165,8;;;;;;;
pv;Assis;ACB100;Inversor 3.4;Ipv9;dentro das esperadas;20;2026-09-25 07:00;;em aberto;curva;165,8;;;;;;;
pv;Assis;ACB100;Inversor 4.1;Ipv13;dentro das esperadas;20;2026-09-24 07:00;;em aberto;misto;209,3;;;;;;;
pv;Assis;ACB100;Inversor 4.1;Ipv14;dentro das esperadas;20;2026-09-24 07:00;;em aberto;misto;209,3;;;;;;;
pv;Assis;ACB100;Inversor 4.1;Ipv18;dentro das esperadas;20;2026-09-24 07:00;;em aberto;misto;209,3;;;;;;;
pv;Assis;ACB100;Inversor 4.1;Ipv22;acima das esperadas;20;2026-09-24 07:00;;em aberto;misto;209,3;;;;;;;
pv;Assis;ACB100;Inversor 4.1;Ipv23;acima das esperadas;20;2026-09-24 07:00;;em aberto;misto;209,3;;;;;;;
pv;Assis;ACB100;Inversor 4.1;Ipv28;acima das esperadas;20;2026-09-24 07:00;;em aberto;misto;209,3;;;;;;;
pv;Assis;ACB100;Inversor 4.1;Ipv9;dentro das esperadas;20;2026-09-24 07:00;;em aberto;misto;209,3;;;;;;;
pv;Assis;ACB100;Inversor 4.2;Ipv13;dentro das esperadas;20;2026-09-24 07:00;;em aberto;misto;209,3;;;;;;;
pv;Assis;ACB100;Inversor 4.2;Ipv14;dentro das esperadas;20;2026-09-24 07:00;;em aberto;misto;209,3;;;;;;;
pv;Assis;ACB100;Inversor 4.2;Ipv18;dentro das esperadas;20;2026-09-24 07:00;;em aberto;misto;209,3;;;;;;;
pv;Assis;ACB100;Inversor 4.2;Ipv22;acima das esperadas;20;2026-09-24 07:00;;em aberto;misto;209,3;;;;;;;
pv;Assis;ACB100;Inversor 4.2;Ipv23;acima das esperadas;20;2026-09-24 07:00;;em aberto;misto;209,3;;;;;;;
pv;Assis;ACB100;Inversor 4.2;Ipv28;acima das esperadas;20;2026-09-24 07:00;;em aberto;misto;209,3;;;;;;;
pv;Assis;ACB100;Inversor 4.2;Ipv9;dentro das esperadas;20;2026-09-24 07:00;;em aberto;misto;209,3;;;;;;;
pv;Assis;ACB100;Inversor 4.3;Ipv14;dentro das esperadas;20;2026-09-24 06:50;;em aberto;misto;209,4;;;;;;;
pv;Assis;ACB100;Inversor 4.3;Ipv15;dentro das esperadas;20;2026-09-24 06:50;;em aberto;misto;209,4;;;;;;;
pv;Assis;ACB100;Inversor 4.3;Ipv18;dentro das esperadas;20;2026-09-24 06:50;;em aberto;misto;209,4;;;;;;;
pv;Assis;ACB100;Inversor 4.3;Ipv22;acima das esperadas;20;2026-09-24 06:50;;em aberto;misto;209,4;;;;;;;
pv;Assis;ACB100;Inversor 4.3;Ipv23;acima das esperadas;20;2026-09-24 06:50;;em aberto;misto;209,4;;;;;;;
pv;Assis;ACB100;Inversor 4.3;Ipv28;acima das esperadas;20;2026-09-24 06:50;;em aberto;misto;209,4;;;;;;;
pv;Assis;ACB100;Inversor 4.3;Ipv9;dentro das esperadas;20;2026-09-24 06:50;;em aberto;misto;209,4;;;;;;;
pv;Assis;ACB100;Inversor 4.4;Ipv12;dentro das esperadas;20;2026-09-24 06:50;;em aberto;misto;209,4;;;;;;;
pv;Assis;ACB100;Inversor 4.4;Ipv13;dentro das esperadas;20;2026-09-24 06:50;;em aberto;misto;209,4;;;;;;;
pv;Assis;ACB100;Inversor 4.4;Ipv14;dentro das esperadas;20;2026-09-24 06:50;;em aberto;misto;209,4;;;;;;;
pv;Assis;ACB100;Inversor 4.4;Ipv18;dentro das esperadas;20;2026-09-24 06:50;;em aberto;misto;209,4;;;;;;;
pv;Assis;ACB100;Inversor 4.4;Ipv22;acima das esperadas;20;2026-09-24 06:50;;em aberto;misto;209,4;;;;;;;
pv;Assis;ACB100;Inversor 4.4;Ipv23;acima das esperadas;20;2026-09-24 06:50;;em aberto;misto;209,4;;;;;;;
pv;Assis;ACB100;Inversor 4.4;Ipv28;acima das esperadas;20;2026-09-24 06:50;;em aberto;misto;209,4;;;;;;;
pv;Assis;ACB100;Inversor 4.4;Ipv5;dentro das esperadas;20;2026-09-25 09:50;2026-09-25 13:30;voltou;curva;13,7;;;;;;;
pv;Assis;ACB100;Inversor 5.1;Ipv13;dentro das esperadas;20;2026-09-25 07:10;;em aberto;curva;164,8;;;;;;;
pv;Assis;ACB100;Inversor 5.1;Ipv14;dentro das esperadas;20;2026-09-25 07:10;;em aberto;curva;164,8;;;;;;;
pv;Assis;ACB100;Inversor 5.1;Ipv18;dentro das esperadas;20;2026-09-25 07:10;;em aberto;curva;164,8;;;;;;;
pv;Assis;ACB100;Inversor 5.1;Ipv22;acima das esperadas;20;2026-09-25 07:10;;em aberto;curva;164,8;;;;;;;
pv;Assis;ACB100;Inversor 5.1;Ipv23;acima das esperadas;20;2026-09-25 07:10;;em aberto;curva;164,8;;;;;;;
pv;Assis;ACB100;Inversor 5.1;Ipv9;dentro das esperadas;20;2026-09-25 07:10;;em aberto;curva;164,8;;;;;;;
pv;Assis;ACB100;Inversor 5.2;Ipv13;dentro das esperadas;20;2026-09-25 07:10;;em aberto;curva;164,8;;;;;;;
pv;Assis;ACB100;Inversor 5.2;Ipv14;dentro das esperadas;20;2026-09-25 07:10;;em aberto;curva;164,8;;;;;;;
pv;Assis;ACB100;Inversor 5.2;Ipv16;dentro das esperadas;20;2026-09-15 15:00;2026-09-16 09:00;voltou;quedas gravadas;16,1;;;;;;;
pv;Assis;ACB100;Inversor 5.2;Ipv16;dentro das esperadas;20;2026-09-16 16:10;2026-09-17 09:00;voltou;quedas gravadas;15,1;;;;;;;
pv;Assis;ACB100;Inversor 5.2;Ipv16;dentro das esperadas;20;2026-09-17 16:10;2026-09-25 11:50;voltou;misto;358,9;;;;;;;
pv;Assis;ACB100;Inversor 5.2;Ipv18;dentro das esperadas;20;2026-09-25 07:10;;em aberto;curva;164,8;;;;;;;
pv;Assis;ACB100;Inversor 5.2;Ipv22;acima das esperadas;20;2026-09-25 07:10;;em aberto;curva;164,8;;;;;;;
pv;Assis;ACB100;Inversor 5.2;Ipv28;acima das esperadas;20;2026-09-25 07:10;;em aberto;curva;164,8;;;;;;;
pv;Assis;ACB100;Inversor 5.2;Ipv9;dentro das esperadas;20;2026-09-25 07:10;;em aberto;curva;164,8;;;;;;;
pv;Assis;ACB100;Inversor 5.3;Ipv13;dentro das esperadas;20;2026-09-25 07:20;;em aberto;curva;164,6;;;;;;;
pv;Assis;ACB100;Inversor 5.3;Ipv14;dentro das esperadas;20;2026-09-25 07:20;;em aberto;curva;164,6;;;;;;;
pv;Assis;ACB100;Inversor 5.3;Ipv18;dentro das esperadas;20;2026-09-25 07:20;;em aberto;curva;164,6;;;;;;;
pv;Assis;ACB100;Inversor 5.3;Ipv22;acima das esperadas;20;2026-09-25 07:20;;em aberto;curva;164,6;;;;;;;
pv;Assis;ACB100;Inversor 5.3;Ipv23;acima das esperadas;20;2026-09-25 07:20;;em aberto;curva;164,6;;;;;;;
pv;Assis;ACB100;Inversor 5.3;Ipv9;dentro das esperadas;20;2026-09-25 07:20;;em aberto;curva;164,6;;;;;;;
pv;Assis;ACB100;Inversor 5.4;Ipv1;dentro das esperadas;20;2026-09-25 07:30;;em aberto;curva;164,9;14553;outra corretiva no inversor;não cita string;Em andamento;2026-09-24 14:20;;
pv;Assis;ACB100;Inversor 5.4;Ipv10;dentro das esperadas;20;2026-09-25 08:50;;em aberto;curva;162,3;14553;outra corretiva no inversor;não cita string;Em andamento;2026-09-24 14:20;;
pv;Assis;ACB100;Inversor 5.4;Ipv11;dentro das esperadas;20;2026-09-25 07:30;;em aberto;curva;164,9;14553;outra corretiva no inversor;não cita string;Em andamento;2026-09-24 14:20;;
pv;Assis;ACB100;Inversor 5.4;Ipv12;dentro das esperadas;20;2026-09-25 07:30;;em aberto;curva;164,9;14553;outra corretiva no inversor;não cita string;Em andamento;2026-09-24 14:20;;
pv;Assis;ACB100;Inversor 5.4;Ipv13;dentro das esperadas;20;2026-09-25 07:30;;em aberto;curva;164,9;14553;outra corretiva no inversor;não cita string;Em andamento;2026-09-24 14:20;;
pv;Assis;ACB100;Inversor 5.4;Ipv14;dentro das esperadas;20;2026-09-25 07:30;;em aberto;curva;164,9;14553;outra corretiva no inversor;não cita string;Em andamento;2026-09-24 14:20;;
pv;Assis;ACB100;Inversor 5.4;Ipv16;dentro das esperadas;20;2026-09-25 07:30;2026-09-25 17:00;voltou;curva;28,3;14553;outra corretiva no inversor;não cita string;Em andamento;2026-09-24 14:20;;
pv;Assis;ACB100;Inversor 5.4;Ipv17;dentro das esperadas;20;2026-09-25 07:30;2026-09-25 17:00;voltou;curva;28,3;14553;outra corretiva no inversor;não cita string;Em andamento;2026-09-24 14:20;;
pv;Assis;ACB100;Inversor 5.4;Ipv18;dentro das esperadas;20;2026-09-25 07:30;2026-09-25 17:00;voltou;curva;28,3;14553;outra corretiva no inversor;não cita string;Em andamento;2026-09-24 14:20;;
pv;Assis;ACB100;Inversor 5.4;Ipv19;dentro das esperadas;20;2026-09-25 07:30;2026-09-25 17:00;voltou;curva;28,3;14553;outra corretiva no inversor;não cita string;Em andamento;2026-09-24 14:20;;
pv;Assis;ACB100;Inversor 5.4;Ipv2;dentro das esperadas;20;2026-09-27 07:10;;em aberto;curva;67,5;14553;outra corretiva no inversor;não cita string;Em andamento;2026-09-24 14:20;;
pv;Assis;ACB100;Inversor 5.4;Ipv20;dentro das esperadas;20;2026-09-25 07:30;;em aberto;curva;164,9;14553;outra corretiva no inversor;não cita string;Em andamento;2026-09-24 14:20;;
pv;Assis;ACB100;Inversor 5.4;Ipv21;acima das esperadas;20;2026-09-25 07:30;2026-09-25 17:00;voltou;curva;28,3;14553;outra corretiva no inversor;não cita string;Em andamento;2026-09-24 14:20;;
pv;Assis;ACB100;Inversor 5.4;Ipv22;acima das esperadas;20;2026-09-25 07:30;;em aberto;curva;164,9;14553;outra corretiva no inversor;não cita string;Em andamento;2026-09-24 14:20;;
pv;Assis;ACB100;Inversor 5.4;Ipv23;acima das esperadas;20;2026-09-25 07:30;;em aberto;curva;164,9;14553;outra corretiva no inversor;não cita string;Em andamento;2026-09-24 14:20;;
pv;Assis;ACB100;Inversor 5.4;Ipv24;acima das esperadas;20;2026-09-25 07:30;2026-09-25 16:50;voltou;curva;28,1;14553;outra corretiva no inversor;não cita string;Em andamento;2026-09-24 14:20;;
pv;Assis;ACB100;Inversor 5.4;Ipv25;acima das esperadas;20;2026-09-25 07:30;2026-09-25 17:00;voltou;curva;28,3;14553;outra corretiva no inversor;não cita string;Em andamento;2026-09-24 14:20;;
pv;Assis;ACB100;Inversor 5.4;Ipv26;acima das esperadas;20;2026-09-25 07:30;2026-09-25 17:00;voltou;curva;28,3;14553;outra corretiva no inversor;não cita string;Em andamento;2026-09-24 14:20;;
pv;Assis;ACB100;Inversor 5.4;Ipv28;acima das esperadas;20;2026-09-27 07:10;;em aberto;curva;67,5;14553;outra corretiva no inversor;não cita string;Em andamento;2026-09-24 14:20;;
pv;Assis;ACB100;Inversor 5.4;Ipv3;dentro das esperadas;20;2026-09-25 07:30;;em aberto;curva;164,9;14553;outra corretiva no inversor;não cita string;Em andamento;2026-09-24 14:20;;
pv;Assis;ACB100;Inversor 5.4;Ipv4;dentro das esperadas;20;2026-09-25 07:30;;em aberto;curva;164,9;14553;outra corretiva no inversor;não cita string;Em andamento;2026-09-24 14:20;;
pv;Assis;ACB100;Inversor 5.4;Ipv5;dentro das esperadas;20;2026-09-25 07:30;;em aberto;curva;164,9;14553;outra corretiva no inversor;não cita string;Em andamento;2026-09-24 14:20;;
pv;Assis;ACB100;Inversor 5.4;Ipv6;dentro das esperadas;20;2026-09-25 07:30;;em aberto;curva;164,9;14553;outra corretiva no inversor;não cita string;Em andamento;2026-09-24 14:20;;
pv;Assis;ACB100;Inversor 5.4;Ipv7;dentro das esperadas;20;2026-09-27 07:10;;em aberto;curva;67,5;14553;outra corretiva no inversor;não cita string;Em andamento;2026-09-24 14:20;;
pv;Assis;ACB100;Inversor 5.4;Ipv8;dentro das esperadas;20;2026-09-25 07:30;;em aberto;curva;164,9;14553;outra corretiva no inversor;não cita string;Em andamento;2026-09-24 14:20;;
pv;Assis;ACB100;Inversor 5.4;Ipv9;dentro das esperadas;20;2026-09-25 07:30;;em aberto;curva;164,9;14553;outra corretiva no inversor;não cita string;Em andamento;2026-09-24 14:20;;
pv;Belo Jardim;BJD100;Inversor 1.1;Ipv29;Ipv29–32;21;2026-09-25 06:10;;em aberto;curva;221,3;14634;corretiva citando string;cita outras strings;Em andamento;2026-09-25 13:32;;
pv;Belo Jardim;BJD100;Inversor 1.1;Ipv30;Ipv29–32;21;2026-09-25 06:10;;em aberto;curva;221,3;14634;corretiva citando string;cita outras strings;Em andamento;2026-09-25 13:32;;
pv;Belo Jardim;BJD100;Inversor 1.1;Ipv31;Ipv29–32;21;2026-09-25 06:10;;em aberto;curva;221,3;14634;corretiva citando string;cita outras strings;Em andamento;2026-09-25 13:32;;
pv;Belo Jardim;BJD100;Inversor 1.1;Ipv32;Ipv29–32;21;2026-09-25 06:10;;em aberto;curva;221,3;14634;corretiva citando string;cita outras strings;Em andamento;2026-09-25 13:32;;
pv;Belo Jardim;BJD100;Inversor 1.2;Ipv29;Ipv29–32;21;2026-09-25 06:10;;em aberto;curva;221,3;;;;;;;
pv;Belo Jardim;BJD100;Inversor 1.2;Ipv30;Ipv29–32;21;2026-09-25 06:10;;em aberto;curva;221,3;;;;;;;
pv;Belo Jardim;BJD100;Inversor 1.2;Ipv31;Ipv29–32;21;2026-09-25 06:10;;em aberto;curva;221,3;;;;;;;
pv;Belo Jardim;BJD100;Inversor 1.2;Ipv32;Ipv29–32;21;2026-09-25 06:10;;em aberto;curva;221,3;;;;;;;
pv;Belo Jardim;BJD100;Inversor 1.3;Ipv29;Ipv29–32;21;2026-09-25 06:10;;em aberto;curva;221,3;;;;;;;
pv;Belo Jardim;BJD100;Inversor 1.3;Ipv30;Ipv29–32;21;2026-09-25 06:10;;em aberto;curva;221,3;;;;;;;
pv;Belo Jardim;BJD100;Inversor 1.3;Ipv31;Ipv29–32;21;2026-09-25 06:10;;em aberto;curva;221,3;;;;;;;
pv;Belo Jardim;BJD100;Inversor 1.3;Ipv32;Ipv29–32;21;2026-09-25 06:10;;em aberto;curva;221,3;;;;;;;
pv;Belo Jardim;BJD100;Inversor 1.4;Ipv29;Ipv29–32;21;2026-09-25 06:10;;em aberto;curva;221,3;;;;;;;
pv;Belo Jardim;BJD100;Inversor 1.4;Ipv30;Ipv29–32;21;2026-09-25 06:10;;em aberto;curva;221,3;;;;;;;
pv;Belo Jardim;BJD100;Inversor 1.4;Ipv31;Ipv29–32;21;2026-09-25 06:10;;em aberto;curva;221,3;;;;;;;
pv;Belo Jardim;BJD100;Inversor 1.4;Ipv32;Ipv29–32;21;2026-09-25 06:10;;em aberto;curva;221,3;;;;;;;
pv;Belo Jardim;BJD100;Inversor 1.5;Ipv29;Ipv29–32;21;2026-09-25 06:10;;em aberto;curva;221,3;;;;;;;
pv;Belo Jardim;BJD100;Inversor 1.5;Ipv30;Ipv29–32;21;2026-09-25 06:10;;em aberto;curva;221,3;;;;;;;
pv;Belo Jardim;BJD100;Inversor 1.5;Ipv31;Ipv29–32;21;2026-09-25 06:10;;em aberto;curva;221,3;;;;;;;
pv;Belo Jardim;BJD100;Inversor 1.5;Ipv32;Ipv29–32;21;2026-09-25 06:10;;em aberto;curva;221,3;;;;;;;
pv;Belo Jardim;BJD100;Inversor 1.6;Ipv29;Ipv29–32;21;2026-09-25 06:10;;em aberto;curva;221,3;;;;;;;
pv;Belo Jardim;BJD100;Inversor 1.6;Ipv30;Ipv29–32;21;2026-09-25 06:10;;em aberto;curva;221,3;;;;;;;
pv;Belo Jardim;BJD100;Inversor 1.6;Ipv31;Ipv29–32;21;2026-09-25 06:10;;em aberto;curva;221,3;;;;;;;
pv;Belo Jardim;BJD100;Inversor 1.6;Ipv32;Ipv29–32;21;2026-09-25 06:10;;em aberto;curva;221,3;;;;;;;
pv;Belo Jardim;BJD100;Inversor 1.7;Ipv29;Ipv29–32;21;2026-09-25 06:10;2026-09-27 06:00;voltou entre varreduras;curva;81,0;;;;;;;
pv;Belo Jardim;BJD100;Inversor 1.7;Ipv30;Ipv29–32;21;2026-09-25 06:10;2026-09-27 06:00;voltou entre varreduras;curva;81,0;;;;;;;
pv;Belo Jardim;BJD100;Inversor 1.7;Ipv31;Ipv29–32;21;2026-09-25 06:10;2026-09-27 06:00;voltou entre varreduras;curva;81,0;;;;;;;
pv;Belo Jardim;BJD100;Inversor 1.7;Ipv32;Ipv29–32;21;2026-09-25 06:10;2026-09-27 06:00;voltou entre varreduras;curva;81,0;;;;;;;
pv;Belo Jardim;BJD100;Inversor 1.8;Ipv29;Ipv29–32;21;2026-09-25 06:10;2026-09-27 06:00;voltou entre varreduras;curva;81,0;;;;;;;
pv;Belo Jardim;BJD100;Inversor 1.8;Ipv30;Ipv29–32;21;2026-09-25 06:10;2026-09-27 06:00;voltou entre varreduras;curva;81,0;;;;;;;
pv;Belo Jardim;BJD100;Inversor 1.8;Ipv31;Ipv29–32;21;2026-09-25 06:10;2026-09-27 06:00;voltou entre varreduras;curva;81,0;;;;;;;
pv;Belo Jardim;BJD100;Inversor 1.8;Ipv32;Ipv29–32;21;2026-09-25 06:10;2026-09-27 06:00;voltou entre varreduras;curva;81,0;;;;;;;
pv;Bernardino de Campos;BDC100;Inversor 1.1;Ipv10;dentro das esperadas;22;2026-09-06 16:40;2026-09-10 11:20;voltou;quedas gravadas;94,9;;;;;;;
pv;Bernardino de Campos;BDC100;Inversor 1.1;Ipv12;dentro das esperadas;22;2026-09-06 16:40;2026-09-10 11:20;voltou;quedas gravadas;94,9;;;;;;;
pv;Bernardino de Campos;BDC100;Inversor 1.1;Ipv14;dentro das esperadas;22;2026-09-06 16:40;2026-09-10 11:30;voltou;quedas gravadas;95,2;;;;;;;
pv;Bernardino de Campos;BDC100;Inversor 1.1;Ipv14;dentro das esperadas;22;2026-09-14 15:10;2026-09-16 06:42;voltou entre varreduras;quedas gravadas;1,7;;;;;;;
pv;Bernardino de Campos;BDC100;Inversor 1.1;Ipv16;dentro das esperadas;22;2026-09-06 16:40;2026-09-10 11:20;voltou;quedas gravadas;94,9;;;;;;;
pv;Bernardino de Campos;BDC100;Inversor 1.1;Ipv16;dentro das esperadas;22;2026-09-14 15:10;2026-09-16 06:42;voltou entre varreduras;quedas gravadas;1,7;;;;;;;
pv;Bernardino de Campos;BDC100;Inversor 1.1;Ipv18;dentro das esperadas;22;2026-09-06 16:40;2026-09-10 11:20;voltou;quedas gravadas;94,9;;;;;;;
pv;Bernardino de Campos;BDC100;Inversor 1.1;Ipv18;dentro das esperadas;22;2026-09-14 15:10;2026-09-16 06:42;voltou entre varreduras;quedas gravadas;1,7;;;;;;;
pv;Bernardino de Campos;BDC100;Inversor 1.1;Ipv2;dentro das esperadas;22;2026-09-06 16:40;2026-09-10 11:20;voltou;quedas gravadas;94,9;;;;;;;
pv;Bernardino de Campos;BDC100;Inversor 1.1;Ipv20;dentro das esperadas;22;2026-09-06 16:40;2026-09-10 11:20;voltou;quedas gravadas;94,9;;;;;;;
pv;Bernardino de Campos;BDC100;Inversor 1.1;Ipv22;dentro das esperadas;22;2026-09-06 16:40;2026-09-10 11:20;voltou;quedas gravadas;94,9;;;;;;;
pv;Bernardino de Campos;BDC100;Inversor 1.1;Ipv4;dentro das esperadas;22;2026-09-06 16:40;2026-09-10 11:20;voltou;quedas gravadas;94,9;;;;;;;
pv;Bernardino de Campos;BDC100;Inversor 1.1;Ipv4;dentro das esperadas;22;2026-09-14 15:10;2026-09-16 06:42;voltou entre varreduras;quedas gravadas;1,7;;;;;;;
pv;Bernardino de Campos;BDC100;Inversor 1.1;Ipv6;dentro das esperadas;22;2026-09-06 16:40;2026-09-10 11:20;voltou;quedas gravadas;94,9;;;;;;;
pv;Bernardino de Campos;BDC100;Inversor 1.1;Ipv6;dentro das esperadas;22;2026-09-14 15:10;2026-09-16 06:42;voltou entre varreduras;quedas gravadas;1,7;;;;;;;
pv;Bernardino de Campos;BDC100;Inversor 1.1;Ipv8;dentro das esperadas;22;2026-09-06 16:40;2026-09-10 11:20;voltou;quedas gravadas;94,9;;;;;;;
pv;Bernardino de Campos;BDC100;Inversor 1.1;Ipv8;dentro das esperadas;22;2026-09-14 15:10;2026-09-16 06:42;voltou entre varreduras;quedas gravadas;1,7;;;;;;;
pv;Bernardino de Campos;BDC100;Inversor 1.2;Ipv16;dentro das esperadas;22;2026-09-14 15:10;2026-09-16 06:42;voltou entre varreduras;quedas gravadas;1,7;;;;;;;
pv;Bernardino de Campos;BDC100;Inversor 1.2;Ipv24;acima das esperadas;22;2026-09-24 07:10;2026-09-25 06:34;voltou de madrugada;quedas gravadas;70,0;13765;inspeção/análise;cita a string;Em andamento;2026-09-17 11:12;;
pv;Bernardino de Campos;BDC100;Inversor 1.2;Ipv24;acima das esperadas;22;2026-09-25 08:00;;em aberto;curva;208,9;13765;inspeção/análise;cita a string;Em andamento;2026-09-17 11:12;;
pv;Bernardino de Campos;BDC100;Inversor 1.3;Ipv10;dentro das esperadas;22;2026-09-10 07:40;2026-09-10 11:20;voltou;quedas gravadas;4,4;;;;;;;
pv;Bernardino de Campos;BDC100;Inversor 1.3;Ipv12;dentro das esperadas;22;2026-09-10 07:40;2026-09-10 11:20;voltou;quedas gravadas;4,4;;;;;;;
pv;Bernardino de Campos;BDC100;Inversor 1.3;Ipv14;dentro das esperadas;22;2026-09-10 07:40;2026-09-10 11:20;voltou;quedas gravadas;4,4;;;;;;;
pv;Bernardino de Campos;BDC100;Inversor 1.3;Ipv16;dentro das esperadas;22;2026-09-10 07:40;2026-09-10 11:20;voltou;quedas gravadas;4,4;;;;;;;
pv;Bernardino de Campos;BDC100;Inversor 1.3;Ipv16;dentro das esperadas;22;2026-09-14 15:10;2026-09-16 06:42;voltou entre varreduras;quedas gravadas;1,7;;;;;;;
pv;Bernardino de Campos;BDC100;Inversor 1.3;Ipv18;dentro das esperadas;22;2026-09-10 07:40;2026-09-10 11:20;voltou;quedas gravadas;4,4;;;;;;;
pv;Bernardino de Campos;BDC100;Inversor 1.3;Ipv18;dentro das esperadas;22;2026-09-14 15:10;2026-09-16 06:42;voltou entre varreduras;quedas gravadas;1,7;;;;;;;
pv;Bernardino de Campos;BDC100;Inversor 1.3;Ipv2;dentro das esperadas;22;2026-09-10 07:40;2026-09-10 11:20;voltou;quedas gravadas;4,4;;;;;;;
pv;Bernardino de Campos;BDC100;Inversor 1.3;Ipv20;dentro das esperadas;22;2026-09-10 07:40;2026-09-10 11:20;voltou;quedas gravadas;4,4;;;;;;;
pv;Bernardino de Campos;BDC100;Inversor 1.3;Ipv22;dentro das esperadas;22;2026-09-10 07:40;2026-09-10 11:20;voltou;quedas gravadas;4,4;;;;;;;
pv;Bernardino de Campos;BDC100;Inversor 1.3;Ipv4;dentro das esperadas;22;2026-09-10 07:40;2026-09-10 11:30;voltou;quedas gravadas;4,7;;;;;;;
pv;Bernardino de Campos;BDC100;Inversor 1.3;Ipv6;dentro das esperadas;22;2026-09-10 07:40;2026-09-10 11:20;voltou;quedas gravadas;4,4;;;;;;;
pv;Bernardino de Campos;BDC100;Inversor 1.3;Ipv8;dentro das esperadas;22;2026-09-10 07:40;2026-09-10 11:20;voltou;quedas gravadas;4,4;;;;;;;
pv;Bernardino de Campos;BDC100;Inversor 1.4;Ipv8;dentro das esperadas;22;2026-09-14 15:10;2026-09-16 06:42;voltou entre varreduras;quedas gravadas;1,7;;;;;;;
sunop;CPP100;CPP100;Inversor 1.1;ST 01;dentro das esperadas;18;2026-09-11 15:00;2026-09-12 06:44;voltou de madrugada;quedas gravadas;10,9;;;;;;;
sunop;CPP100;CPP100;Inversor 1.1;ST 02;dentro das esperadas;18;2026-09-11 15:00;2026-09-12 06:44;voltou de madrugada;quedas gravadas;10,9;;;;;;;
sunop;CPP100;CPP100;Inversor 1.1;ST 07;dentro das esperadas;18;2026-09-11 15:00;2026-09-12 06:44;voltou de madrugada;quedas gravadas;10,9;;;;;;;
sunop;CPP100;CPP100;Inversor 1.1;ST 11;dentro das esperadas;18;2026-09-11 15:00;2026-09-12 06:44;voltou de madrugada;quedas gravadas;10,9;;;;;;;
sunop;CPP100;CPP100;Inversor 1.1;ST 15;dentro das esperadas;18;2026-09-11 15:00;2026-09-12 06:44;voltou de madrugada;quedas gravadas;10,9;;;;;;;
sunop;CPP100;CPP100;Inversor 1.1;ST 16;dentro das esperadas;18;2026-09-11 15:00;2026-09-12 06:44;voltou de madrugada;quedas gravadas;10,9;;;;;;;
sunop;CPP100;CPP100;Inversor 1.1;ST 17;dentro das esperadas;18;2026-09-11 15:00;2026-09-12 06:44;voltou de madrugada;quedas gravadas;10,9;;;;;;;
sunop;CPP100;CPP100;Inversor 1.1;ST 19;acima das esperadas;18;2026-09-11 15:00;2026-09-12 06:44;voltou de madrugada;quedas gravadas;10,9;;;;;;;
sunop;CPP100;CPP100;Inversor 1.1;ST 24;acima das esperadas;18;2026-09-11 15:00;2026-09-12 06:44;voltou de madrugada;quedas gravadas;10,9;;;;;;;
sunop;CPP100;CPP100;Inversor 2.2;ST 12;dentro das esperadas;18;2026-09-14 10:50;2026-09-14 14:20;voltou;quedas gravadas;26,9;;;;;;;
sunop;CPP100;CPP100;Inversor 3.2;ST 02;dentro das esperadas;18;2026-09-15 14:20;2026-09-16 06:42;voltou de madrugada;quedas gravadas;14,0;;;;;;;
sunop;CPP100;CPP100;Inversor 3.2;ST 21;acima das esperadas;18;2026-09-14 10:00;2026-09-14 13:40;voltou;quedas gravadas;28,1;;;;;;;
sunop;CPP100;CPP100;Inversor 3.2;ST 21;acima das esperadas;18;2026-09-14 14:00;2026-09-14 17:00;voltou;quedas gravadas;15,1;;;;;;;
sunop;CPP100;CPP100;Inversor 3.2;ST 21;acima das esperadas;18;2026-09-15 11:50;2026-09-16 06:42;voltou de madrugada;quedas gravadas;33,2;;;;;;;
sunop;CPP100;CPP100;Inversor 3.2;ST 21;acima das esperadas;18;2026-09-16 11:20;2026-09-16 16:00;voltou;quedas gravadas;25,2;;;;;;;
sunop;CPP100;CPP100;Inversor 3.2;ST 24;acima das esperadas;18;2026-09-14 10:00;2026-09-14 13:40;voltou;quedas gravadas;28,1;;;;;;;
sunop;CPP100;CPP100;Inversor 3.2;ST 24;acima das esperadas;18;2026-09-15 13:30;2026-09-16 06:42;voltou de madrugada;quedas gravadas;20,0;;;;;;;
sunop;CPP100;CPP100;Inversor 4.1;ST 02;dentro das esperadas;17;2026-09-11 15:10;2026-09-12 06:44;voltou de madrugada;quedas gravadas;9,8;;;;;;;
sunop;CPP100;CPP100;Inversor 4.1;ST 02;dentro das esperadas;17;2026-09-15 12:40;2026-09-15 15:00;voltou;quedas gravadas;16,8;;;;;;;
sunop;CPP100;CPP100;Inversor 4.1;ST 05;dentro das esperadas;17;2026-09-11 15:10;2026-09-12 06:44;voltou de madrugada;quedas gravadas;9,8;;;;;;;
sunop;CPP100;CPP100;Inversor 4.1;ST 10;dentro das esperadas;17;2026-09-11 15:10;2026-09-12 06:44;voltou de madrugada;quedas gravadas;9,8;;;;;;;
sunop;CPP100;CPP100;Inversor 4.1;ST 17;dentro das esperadas;17;2026-09-11 15:10;2026-09-12 06:44;voltou de madrugada;quedas gravadas;9,8;;;;;;;
sunop;CPP100;CPP100;Inversor 4.2;ST 05;dentro das esperadas;18;2026-09-11 15:10;2026-09-12 06:44;voltou de madrugada;quedas gravadas;9,8;;;;;;;
sunop;CPP100;CPP100;Inversor 4.2;ST 20;acima das esperadas;18;2026-09-11 15:10;2026-09-12 06:44;voltou de madrugada;quedas gravadas;9,8;;;;;;;
pv;Caicó;CAI100;Inversor 1.3;Ipv1;dentro das esperadas;19;2026-09-24 06:10;;em aberto;misto;328,5;;;;;;;
pv;Caicó;CAI100;Inversor 1.3;Ipv13;dentro das esperadas;19;2026-09-24 06:00;;em aberto;misto;329,0;;;;;;;
pv;Caicó;CAI100;Inversor 1.3;Ipv14;dentro das esperadas;19;2026-09-24 06:00;;em aberto;misto;329,0;;;;;;;
pv;Caicó;CAI100;Inversor 1.3;Ipv15;dentro das esperadas;19;2026-09-24 06:00;;em aberto;misto;329,0;;;;;;;
pv;Caicó;CAI100;Inversor 1.3;Ipv19;dentro das esperadas;19;2026-09-24 06:00;;em aberto;misto;329,0;;;;;;;
pv;Caicó;CAI100;Inversor 1.3;Ipv20;acima das esperadas;19;2026-09-24 06:00;;em aberto;misto;329,0;;;;;;;
pv;Caicó;CAI100;Inversor 1.3;Ipv24;acima das esperadas;19;2026-09-24 06:00;;em aberto;misto;329,0;;;;;;;
pv;Caicó;CAI100;Inversor 1.3;Ipv25;acima das esperadas;19;2026-09-24 06:00;;em aberto;misto;329,0;;;;;;;
pv;Caicó;CAI100;Inversor 1.3;Ipv5;dentro das esperadas;19;2026-09-24 06:00;;em aberto;misto;329,0;;;;;;;
pv;Caicó;CAI100;Inversor 1.4;Ipv24;acima das esperadas;19;2026-09-09 11:40;2026-09-10 06:00;voltou de madrugada;quedas gravadas;39,2;;;;;;;
pv;Caicó;CAI100;Inversor 1.4;Ipv24;acima das esperadas;19;2026-09-10 16:30;2026-09-24 06:00;voltou entre varreduras;quedas gravadas;388,2;14385;corretiva citando string;cita outras strings;Concluída;2026-09-22 18:08;2026-09-24 11:35;-5,6
pv;Caicó;CAI100;Inversor 1.4;Ipv25;acima das esperadas;19;2026-09-09 11:40;2026-09-10 06:00;voltou de madrugada;quedas gravadas;39,2;;;;;;;
pv;Caicó;CAI100;Inversor 1.4;Ipv25;acima das esperadas;19;2026-09-10 16:30;2026-09-24 06:00;voltou entre varreduras;quedas gravadas;388,2;14385;corretiva citando string;cita outras strings;Concluída;2026-09-22 18:08;2026-09-24 11:35;-5,6
pv;Caicó;CAI100;Inversor 2.1;Ipv1;dentro das esperadas;19;2026-09-25 06:40;;em aberto;curva;229,7;;;;;;;
pv;Caicó;CAI100;Inversor 2.1;Ipv13;dentro das esperadas;19;2026-09-25 06:40;;em aberto;curva;229,7;;;;;;;
pv;Caicó;CAI100;Inversor 2.1;Ipv14;dentro das esperadas;19;2026-09-25 06:40;;em aberto;curva;229,7;;;;;;;
pv;Caicó;CAI100;Inversor 2.1;Ipv15;dentro das esperadas;19;2026-09-25 06:40;;em aberto;curva;229,7;;;;;;;
pv;Caicó;CAI100;Inversor 2.1;Ipv19;dentro das esperadas;19;2026-09-25 06:40;;em aberto;curva;229,7;;;;;;;
pv;Caicó;CAI100;Inversor 2.1;Ipv20;acima das esperadas;19;2026-09-25 06:40;;em aberto;curva;229,7;;;;;;;
pv;Caicó;CAI100;Inversor 2.1;Ipv24;acima das esperadas;19;2026-09-25 06:40;;em aberto;curva;229,7;;;;;;;
pv;Caicó;CAI100;Inversor 2.1;Ipv25;acima das esperadas;19;2026-09-25 06:40;;em aberto;curva;229,7;;;;;;;
pv;Caicó;CAI100;Inversor 2.1;Ipv5;dentro das esperadas;19;2026-09-25 06:40;;em aberto;curva;229,7;;;;;;;
pv;Caicó;CAI100;Inversor 2.2;Ipv1;dentro das esperadas;19;2026-09-25 06:40;;em aberto;curva;229,7;;;;;;;
pv;Caicó;CAI100;Inversor 2.2;Ipv13;dentro das esperadas;19;2026-09-25 06:40;;em aberto;curva;229,7;;;;;;;
pv;Caicó;CAI100;Inversor 2.2;Ipv14;dentro das esperadas;19;2026-09-25 06:40;;em aberto;curva;229,7;;;;;;;
pv;Caicó;CAI100;Inversor 2.2;Ipv15;dentro das esperadas;19;2026-09-25 06:40;;em aberto;curva;229,7;;;;;;;
pv;Caicó;CAI100;Inversor 2.2;Ipv19;dentro das esperadas;19;2026-09-25 06:40;;em aberto;curva;229,7;;;;;;;
pv;Caicó;CAI100;Inversor 2.2;Ipv20;acima das esperadas;19;2026-09-25 06:40;;em aberto;curva;229,7;;;;;;;
pv;Caicó;CAI100;Inversor 2.2;Ipv24;acima das esperadas;19;2026-09-25 06:40;;em aberto;curva;229,7;;;;;;;
pv;Caicó;CAI100;Inversor 2.2;Ipv25;acima das esperadas;19;2026-09-25 06:40;;em aberto;curva;229,7;;;;;;;
pv;Caicó;CAI100;Inversor 2.2;Ipv5;dentro das esperadas;19;2026-09-25 06:40;;em aberto;curva;229,7;;;;;;;
pv;Canarana 1;CNN100;Inversor 1.1;Ipv15;dentro das esperadas;16;2026-09-05 07:20;2026-09-09 07:22;voltou entre varreduras;quedas gravadas;144,9;;;;;;;
pv;Canarana 1;CNN100;Inversor 1.1;Ipv15;dentro das esperadas;16;2026-09-09 08:30;2026-09-17 07:16;voltou de madrugada;quedas gravadas;713,1;;;;;;;
pv;Canarana 1;CNN100;Inversor 1.1;Ipv15;dentro das esperadas;16;2026-09-17 08:00;;em aberto;quedas gravadas;77,4;13848;outra corretiva no inversor;não cita string;Concluída;2026-09-18 14:02;2026-09-24 21:20;
pv;Canarana 1;CNN100;Inversor 1.5;Ipv11;dentro das esperadas;15;2026-09-05 07:20;2026-09-09 07:22;voltou entre varreduras;quedas gravadas;154,6;;;;;;;
pv;Canarana 1;CNN100;Inversor 1.5;Ipv11;dentro das esperadas;15;2026-09-09 08:30;2026-09-17 07:16;voltou de madrugada;quedas gravadas;760,7;13715;recomposição;cita a string;Concluída;2026-09-16 14:20;2026-09-18 14:03;-30,8
pv;Canarana 1;CNN100;Inversor 1.5;Ipv11;dentro das esperadas;15;2026-09-17 08:10;;em aberto;quedas gravadas;81,9;13715;recomposição;cita a string;Concluída;2026-09-16 14:20;2026-09-18 14:03;
pv;Canarana 2;CNN200;Inversor 1.1;Ipv29;Ipv29–32;25;2026-09-24 06:40;;em aberto;misto;313,0;;;;;;;
pv;Canarana 2;CNN200;Inversor 1.1;Ipv30;Ipv29–32;25;2026-09-24 06:40;;em aberto;misto;313,0;;;;;;;
pv;Canarana 2;CNN200;Inversor 1.1;Ipv31;Ipv29–32;25;2026-09-24 06:40;;em aberto;misto;313,0;;;;;;;
pv;Canarana 2;CNN200;Inversor 1.1;Ipv32;Ipv29–32;25;2026-09-24 06:40;;em aberto;misto;313,0;;;;;;;
pv;Canarana 2;CNN200;Inversor 1.2;Ipv29;Ipv29–32;25;2026-09-24 06:40;;em aberto;misto;313,0;;;;;;;
pv;Canarana 2;CNN200;Inversor 1.2;Ipv30;Ipv29–32;25;2026-09-24 06:40;;em aberto;misto;313,0;;;;;;;
pv;Canarana 2;CNN200;Inversor 1.2;Ipv31;Ipv29–32;25;2026-09-24 06:40;;em aberto;misto;313,0;;;;;;;
pv;Canarana 2;CNN200;Inversor 1.2;Ipv32;Ipv29–32;25;2026-09-24 06:40;;em aberto;misto;313,0;;;;;;;
pv;Canarana 2;CNN200;Inversor 1.3;Ipv29;Ipv29–32;25;2026-09-24 06:40;;em aberto;misto;313,0;;;;;;;
pv;Canarana 2;CNN200;Inversor 1.3;Ipv30;Ipv29–32;25;2026-09-24 06:40;;em aberto;misto;313,0;;;;;;;
pv;Canarana 2;CNN200;Inversor 1.3;Ipv31;Ipv29–32;25;2026-09-24 06:40;;em aberto;misto;313,0;;;;;;;
pv;Canarana 2;CNN200;Inversor 1.3;Ipv32;Ipv29–32;25;2026-09-24 06:40;;em aberto;misto;313,0;;;;;;;
pv;Canarana 2;CNN200;Inversor 1.4;Ipv29;Ipv29–32;25;2026-09-24 06:40;;em aberto;misto;313,0;;;;;;;
pv;Canarana 2;CNN200;Inversor 1.4;Ipv30;Ipv29–32;25;2026-09-24 06:40;;em aberto;misto;313,0;;;;;;;
pv;Canarana 2;CNN200;Inversor 1.4;Ipv31;Ipv29–32;25;2026-09-24 06:40;;em aberto;misto;313,0;;;;;;;
pv;Canarana 2;CNN200;Inversor 1.4;Ipv32;Ipv29–32;25;2026-09-24 06:40;;em aberto;misto;313,0;;;;;;;
pv;Canarana 2;CNN200;Inversor 1.5;Ipv29;Ipv29–32;25;2026-09-24 06:40;;em aberto;misto;313,0;;;;;;;
pv;Canarana 2;CNN200;Inversor 1.5;Ipv30;Ipv29–32;25;2026-09-24 06:40;;em aberto;misto;313,0;;;;;;;
pv;Canarana 2;CNN200;Inversor 1.5;Ipv31;Ipv29–32;25;2026-09-24 06:40;;em aberto;misto;313,0;;;;;;;
pv;Canarana 2;CNN200;Inversor 1.5;Ipv32;Ipv29–32;25;2026-09-24 06:40;;em aberto;misto;313,0;;;;;;;
pv;Canarana 2;CNN200;Inversor 1.6;Ipv29;Ipv29–32;25;2026-09-24 06:40;;em aberto;misto;313,0;;;;;;;
pv;Canarana 2;CNN200;Inversor 1.6;Ipv30;Ipv29–32;25;2026-09-24 06:40;;em aberto;misto;313,0;;;;;;;
pv;Canarana 2;CNN200;Inversor 1.6;Ipv31;Ipv29–32;25;2026-09-24 06:40;;em aberto;misto;313,0;;;;;;;
pv;Canarana 2;CNN200;Inversor 1.6;Ipv32;Ipv29–32;25;2026-09-24 06:40;;em aberto;misto;313,0;;;;;;;
pv;Canarana 2;CNN200;Inversor 1.7;Ipv29;Ipv29–32;25;2026-09-24 06:40;;em aberto;misto;313,0;;;;;;;
pv;Canarana 2;CNN200;Inversor 1.7;Ipv30;Ipv29–32;25;2026-09-24 06:40;;em aberto;misto;313,0;;;;;;;
pv;Canarana 2;CNN200;Inversor 1.7;Ipv31;Ipv29–32;25;2026-09-24 06:40;;em aberto;misto;313,0;;;;;;;
pv;Canarana 2;CNN200;Inversor 1.7;Ipv32;Ipv29–32;25;2026-09-24 06:40;;em aberto;misto;313,0;;;;;;;
pv;Canarana 2;CNN200;Inversor 1.7;Ipv5;dentro das esperadas;25;2026-09-15 08:00;2026-09-15 10:20;voltou;quedas gravadas;17,7;;;;;;;
pv;Canarana 2;CNN200;Inversor 1.7;Ipv5;dentro das esperadas;25;2026-09-16 08:10;2026-09-16 10:20;voltou;quedas gravadas;15,1;;;;;;;
pv;Canarana 2;CNN200;Inversor 1.8;Ipv29;Ipv29–32;25;2026-09-24 06:40;;em aberto;misto;313,0;;;;;;;
pv;Canarana 2;CNN200;Inversor 1.8;Ipv30;Ipv29–32;25;2026-09-24 06:40;;em aberto;misto;313,0;;;;;;;
pv;Canarana 2;CNN200;Inversor 1.8;Ipv31;Ipv29–32;25;2026-09-24 06:40;;em aberto;misto;313,0;;;;;;;
pv;Canarana 2;CNN200;Inversor 1.8;Ipv32;Ipv29–32;25;2026-09-24 06:40;;em aberto;misto;313,0;;;;;;;
pv;Cipó Guaçu;CGU100;INV-368336;Ipv14;sem cadastro;;2026-09-27 07:00;;em aberto;curva;80,7;;;;;;;
pv;Cipó Guaçu;CGU100;INV-368336;Ipv15;sem cadastro;;2026-09-27 07:00;;em aberto;curva;80,7;;;;;;;
pv;Cipó Guaçu;CGU100;INV-368336;Ipv19;sem cadastro;;2026-09-27 07:00;;em aberto;curva;80,7;;;;;;;
pv;Cipó Guaçu;CGU100;INV-368336;Ipv24;sem cadastro;;2026-09-27 07:00;;em aberto;curva;80,7;;;;;;;
pv;Cipó Guaçu;CGU100;INV-368336;Ipv5;sem cadastro;;2026-09-27 07:00;;em aberto;curva;80,7;;;;;;;
pv;Cipó Guaçu;CGU100;INV-368337;Ipv14;sem cadastro;;2026-09-27 07:00;;em aberto;curva;80,7;;;;;;;
pv;Cipó Guaçu;CGU100;INV-368337;Ipv15;sem cadastro;;2026-09-27 07:00;;em aberto;curva;80,7;;;;;;;
pv;Cipó Guaçu;CGU100;INV-368337;Ipv19;sem cadastro;;2026-09-27 07:00;;em aberto;curva;80,7;;;;;;;
pv;Cipó Guaçu;CGU100;INV-368337;Ipv24;sem cadastro;;2026-09-27 07:00;;em aberto;curva;80,7;;;;;;;
pv;Cipó Guaçu;CGU100;INV-368337;Ipv5;sem cadastro;;2026-09-27 07:00;;em aberto;curva;80,7;;;;;;;
pv;Cipó Guaçu;CGU100;INV-368338;Ipv14;sem cadastro;;2026-09-27 07:00;;em aberto;curva;80,7;;;;;;;
pv;Cipó Guaçu;CGU100;INV-368338;Ipv15;sem cadastro;;2026-09-27 07:00;;em aberto;curva;80,7;;;;;;;
pv;Cipó Guaçu;CGU100;INV-368338;Ipv19;sem cadastro;;2026-09-27 07:00;;em aberto;curva;80,7;;;;;;;
pv;Cipó Guaçu;CGU100;INV-368338;Ipv24;sem cadastro;;2026-09-27 07:00;;em aberto;curva;80,7;;;;;;;
pv;Cipó Guaçu;CGU100;INV-368338;Ipv5;sem cadastro;;2026-09-27 07:00;;em aberto;curva;80,7;;;;;;;
pv;Cipó Guaçu;CGU100;INV-368339;Ipv14;sem cadastro;;2026-09-27 07:10;;em aberto;curva;80,1;;;;;;;
pv;Cipó Guaçu;CGU100;INV-368339;Ipv15;sem cadastro;;2026-09-27 07:10;;em aberto;curva;80,1;;;;;;;
pv;Cipó Guaçu;CGU100;INV-368339;Ipv19;sem cadastro;;2026-09-27 07:10;;em aberto;curva;80,1;;;;;;;
pv;Cipó Guaçu;CGU100;INV-368339;Ipv24;sem cadastro;;2026-09-27 07:10;;em aberto;curva;80,1;;;;;;;
pv;Cipó Guaçu;CGU100;INV-368339;Ipv5;sem cadastro;;2026-09-27 07:10;;em aberto;curva;80,1;;;;;;;
pv;Cipó Guaçu;CGU100;Inversor 1.1;Ipv14;dentro das esperadas;23;2026-09-25 07:20;2026-09-27 06:30;voltou entre varreduras;curva;50,5;;;;;;;
pv;Cipó Guaçu;CGU100;Inversor 1.1;Ipv15;dentro das esperadas;23;2026-09-25 07:20;2026-09-27 06:30;voltou entre varreduras;curva;50,5;;;;;;;
pv;Cipó Guaçu;CGU100;Inversor 1.1;Ipv19;dentro das esperadas;23;2026-09-25 07:20;2026-09-27 06:30;voltou entre varreduras;curva;50,5;;;;;;;
pv;Cipó Guaçu;CGU100;Inversor 1.1;Ipv24;acima das esperadas;23;2026-09-25 07:20;2026-09-27 06:30;voltou entre varreduras;curva;50,5;;;;;;;
pv;Cipó Guaçu;CGU100;Inversor 1.1;Ipv5;dentro das esperadas;23;2026-09-25 07:20;2026-09-27 06:30;voltou entre varreduras;curva;50,5;;;;;;;
pv;Cipó Guaçu;CGU100;Inversor 1.2;Ipv14;dentro das esperadas;23;2026-09-25 07:20;2026-09-27 06:30;voltou entre varreduras;curva;50,5;;;;;;;
pv;Cipó Guaçu;CGU100;Inversor 1.2;Ipv15;dentro das esperadas;23;2026-09-25 07:20;2026-09-27 06:30;voltou entre varreduras;curva;50,5;;;;;;;
pv;Cipó Guaçu;CGU100;Inversor 1.2;Ipv19;dentro das esperadas;23;2026-09-25 07:20;2026-09-27 06:30;voltou entre varreduras;curva;50,5;;;;;;;
pv;Cipó Guaçu;CGU100;Inversor 1.2;Ipv24;acima das esperadas;23;2026-09-25 07:20;2026-09-27 06:30;voltou entre varreduras;curva;50,5;;;;;;;
pv;Cipó Guaçu;CGU100;Inversor 1.2;Ipv5;dentro das esperadas;23;2026-09-25 07:20;2026-09-27 06:30;voltou entre varreduras;curva;50,5;;;;;;;
pv;Cipó Guaçu;CGU100;Inversor 1.3;Ipv14;dentro das esperadas;23;2026-09-25 07:20;2026-09-27 06:30;voltou entre varreduras;curva;50,5;;;;;;;
pv;Cipó Guaçu;CGU100;Inversor 1.3;Ipv15;dentro das esperadas;23;2026-09-25 07:20;2026-09-27 06:30;voltou entre varreduras;curva;50,5;;;;;;;
pv;Cipó Guaçu;CGU100;Inversor 1.3;Ipv19;dentro das esperadas;23;2026-09-25 07:20;2026-09-27 06:30;voltou entre varreduras;curva;50,5;;;;;;;
pv;Cipó Guaçu;CGU100;Inversor 1.3;Ipv24;acima das esperadas;23;2026-09-25 07:20;2026-09-27 06:30;voltou entre varreduras;curva;50,5;;;;;;;
pv;Cipó Guaçu;CGU100;Inversor 1.3;Ipv5;dentro das esperadas;23;2026-09-25 07:20;2026-09-27 06:30;voltou entre varreduras;curva;50,5;;;;;;;
pv;Cipó Guaçu;CGU100;Inversor 1.4;Ipv14;dentro das esperadas;23;2026-09-25 07:30;2026-09-27 06:30;voltou entre varreduras;curva;50,1;;;;;;;
pv;Cipó Guaçu;CGU100;Inversor 1.4;Ipv15;dentro das esperadas;23;2026-09-25 07:30;2026-09-27 06:30;voltou entre varreduras;curva;50,1;;;;;;;
pv;Cipó Guaçu;CGU100;Inversor 1.4;Ipv19;dentro das esperadas;23;2026-09-25 07:30;2026-09-27 06:30;voltou entre varreduras;curva;50,1;;;;;;;
pv;Cipó Guaçu;CGU100;Inversor 1.4;Ipv24;acima das esperadas;23;2026-09-25 07:30;2026-09-27 06:30;voltou entre varreduras;curva;50,1;;;;;;;
pv;Cipó Guaçu;CGU100;Inversor 1.4;Ipv5;dentro das esperadas;23;2026-09-25 07:30;2026-09-27 06:30;voltou entre varreduras;curva;50,1;;;;;;;
pv;Cipó Guaçu;CGU100;Inversor 2.1;Ipv14;dentro das esperadas;23;2026-09-24 07:00;;em aberto;misto;220,6;;;;;;;
pv;Cipó Guaçu;CGU100;Inversor 2.1;Ipv15;dentro das esperadas;23;2026-09-24 07:10;;em aberto;misto;220,4;;;;;;;
pv;Cipó Guaçu;CGU100;Inversor 2.1;Ipv19;dentro das esperadas;23;2026-09-24 07:10;;em aberto;misto;220,4;;;;;;;
pv;Cipó Guaçu;CGU100;Inversor 2.1;Ipv24;acima das esperadas;23;2026-09-24 07:10;;em aberto;misto;220,4;;;;;;;
pv;Cipó Guaçu;CGU100;Inversor 2.1;Ipv5;dentro das esperadas;23;2026-09-24 07:10;;em aberto;misto;220,4;;;;;;;
pv;Cipó Guaçu;CGU100;Inversor 2.2;Ipv14;dentro das esperadas;23;2026-09-24 07:00;;em aberto;misto;220,6;;;;;;;
pv;Cipó Guaçu;CGU100;Inversor 2.2;Ipv15;dentro das esperadas;23;2026-09-24 07:10;;em aberto;misto;220,4;;;;;;;
pv;Cipó Guaçu;CGU100;Inversor 2.2;Ipv19;dentro das esperadas;23;2026-09-24 07:10;;em aberto;misto;220,4;;;;;;;
pv;Cipó Guaçu;CGU100;Inversor 2.2;Ipv24;acima das esperadas;23;2026-09-24 07:10;;em aberto;misto;220,4;;;;;;;
pv;Cipó Guaçu;CGU100;Inversor 2.2;Ipv5;dentro das esperadas;23;2026-09-24 07:10;;em aberto;misto;220,4;;;;;;;
pv;Cipó Guaçu;CGU100;Inversor 2.3;Ipv14;dentro das esperadas;23;2026-09-24 07:00;;em aberto;misto;220,6;;;;;;;
pv;Cipó Guaçu;CGU100;Inversor 2.3;Ipv15;dentro das esperadas;23;2026-09-24 07:10;;em aberto;misto;220,4;;;;;;;
pv;Cipó Guaçu;CGU100;Inversor 2.3;Ipv19;dentro das esperadas;23;2026-09-24 07:10;;em aberto;misto;220,4;;;;;;;
pv;Cipó Guaçu;CGU100;Inversor 2.3;Ipv24;acima das esperadas;23;2026-09-24 07:10;;em aberto;misto;220,4;;;;;;;
pv;Cipó Guaçu;CGU100;Inversor 2.3;Ipv5;dentro das esperadas;23;2026-09-24 07:10;;em aberto;misto;220,4;;;;;;;
pv;Cipó Guaçu;CGU100;Inversor 2.4;Ipv14;dentro das esperadas;23;2026-09-24 07:00;;em aberto;misto;220,6;;;;;;;
pv;Cipó Guaçu;CGU100;Inversor 2.4;Ipv15;dentro das esperadas;23;2026-09-24 07:00;;em aberto;misto;220,6;;;;;;;
pv;Cipó Guaçu;CGU100;Inversor 2.4;Ipv19;dentro das esperadas;23;2026-09-24 07:00;;em aberto;misto;220,6;;;;;;;
pv;Cipó Guaçu;CGU100;Inversor 2.4;Ipv24;acima das esperadas;23;2026-09-24 07:00;;em aberto;misto;220,6;;;;;;;
pv;Cipó Guaçu;CGU100;Inversor 2.4;Ipv5;dentro das esperadas;23;2026-09-24 07:00;;em aberto;misto;220,6;;;;;;;
pv;Cipó Guaçu;CGU100;Inversor 3.1;Ipv14;dentro das esperadas;23;2026-09-24 07:00;;em aberto;misto;220,6;;;;;;;
pv;Cipó Guaçu;CGU100;Inversor 3.1;Ipv15;dentro das esperadas;23;2026-09-24 07:10;;em aberto;misto;220,4;;;;;;;
pv;Cipó Guaçu;CGU100;Inversor 3.1;Ipv19;dentro das esperadas;23;2026-09-24 07:10;;em aberto;misto;220,4;;;;;;;
pv;Cipó Guaçu;CGU100;Inversor 3.1;Ipv24;acima das esperadas;23;2026-09-24 07:10;;em aberto;misto;220,4;;;;;;;
pv;Cipó Guaçu;CGU100;Inversor 3.1;Ipv5;dentro das esperadas;23;2026-09-24 07:10;;em aberto;misto;220,4;;;;;;;
pv;Cipó Guaçu;CGU100;Inversor 3.2;Ipv14;dentro das esperadas;23;2026-09-24 07:00;;em aberto;misto;220,6;;;;;;;
pv;Cipó Guaçu;CGU100;Inversor 3.2;Ipv15;dentro das esperadas;23;2026-09-24 07:00;;em aberto;misto;220,6;;;;;;;
pv;Cipó Guaçu;CGU100;Inversor 3.2;Ipv19;dentro das esperadas;23;2026-09-24 07:00;;em aberto;misto;220,6;;;;;;;
pv;Cipó Guaçu;CGU100;Inversor 3.2;Ipv24;acima das esperadas;23;2026-09-24 07:00;;em aberto;misto;220,6;;;;;;;
pv;Cipó Guaçu;CGU100;Inversor 3.2;Ipv5;dentro das esperadas;23;2026-09-24 07:00;;em aberto;misto;220,6;;;;;;;
pv;Colorado 1;CLR100;Inversor 1.1;Ipv29;Ipv29–32;22;2026-09-24 06:50;2026-09-27 06:42;voltou entre varreduras;misto;204,0;;;;;;;
pv;Colorado 1;CLR100;Inversor 1.1;Ipv30;Ipv29–32;22;2026-09-24 06:50;2026-09-27 06:42;voltou entre varreduras;misto;204,0;;;;;;;
pv;Colorado 1;CLR100;Inversor 1.1;Ipv31;Ipv29–32;22;2026-09-24 06:50;2026-09-27 06:42;voltou entre varreduras;misto;204,0;;;;;;;
pv;Colorado 1;CLR100;Inversor 1.1;Ipv32;Ipv29–32;22;2026-09-24 06:50;2026-09-27 06:42;voltou entre varreduras;misto;204,0;;;;;;;
pv;Colorado 1;CLR100;Inversor 1.10;Ipv29;Ipv29–32;22;2026-09-25 07:00;;em aberto;curva;244,3;;;;;;;
pv;Colorado 1;CLR100;Inversor 1.10;Ipv30;Ipv29–32;22;2026-09-25 07:00;;em aberto;curva;244,3;;;;;;;
pv;Colorado 1;CLR100;Inversor 1.10;Ipv31;Ipv29–32;22;2026-09-25 07:00;;em aberto;curva;244,3;;;;;;;
pv;Colorado 1;CLR100;Inversor 1.10;Ipv32;Ipv29–32;22;2026-09-25 07:00;;em aberto;curva;244,3;;;;;;;
pv;Colorado 1;CLR100;Inversor 1.2;Ipv29;Ipv29–32;22;2026-09-24 06:50;;em aberto;misto;339,8;;;;;;;
pv;Colorado 1;CLR100;Inversor 1.2;Ipv30;Ipv29–32;22;2026-09-24 06:50;;em aberto;misto;339,8;;;;;;;
pv;Colorado 1;CLR100;Inversor 1.2;Ipv31;Ipv29–32;22;2026-09-24 06:50;;em aberto;misto;339,8;;;;;;;
pv;Colorado 1;CLR100;Inversor 1.2;Ipv32;Ipv29–32;22;2026-09-24 06:50;;em aberto;misto;339,8;;;;;;;
pv;Colorado 1;CLR100;Inversor 1.3;Ipv29;Ipv29–32;22;2026-09-24 06:50;;em aberto;misto;340,6;;;;;;;
pv;Colorado 1;CLR100;Inversor 1.3;Ipv30;Ipv29–32;22;2026-09-24 06:50;;em aberto;misto;340,6;;;;;;;
pv;Colorado 1;CLR100;Inversor 1.3;Ipv31;Ipv29–32;22;2026-09-24 06:50;;em aberto;misto;340,6;;;;;;;
pv;Colorado 1;CLR100;Inversor 1.3;Ipv32;Ipv29–32;22;2026-09-24 06:50;;em aberto;misto;340,6;;;;;;;
pv;Colorado 1;CLR100;Inversor 1.4;Ipv29;Ipv29–32;22;2026-09-24 06:50;;em aberto;misto;339,8;;;;;;;
pv;Colorado 1;CLR100;Inversor 1.4;Ipv30;Ipv29–32;22;2026-09-24 06:50;;em aberto;misto;339,8;;;;;;;
pv;Colorado 1;CLR100;Inversor 1.4;Ipv31;Ipv29–32;22;2026-09-24 06:50;;em aberto;misto;339,8;;;;;;;
pv;Colorado 1;CLR100;Inversor 1.4;Ipv32;Ipv29–32;22;2026-09-24 06:50;;em aberto;misto;339,8;;;;;;;
pv;Colorado 1;CLR100;Inversor 1.5;Ipv29;Ipv29–32;22;2026-09-24 06:50;;em aberto;misto;340,6;;;;;;;
pv;Colorado 1;CLR100;Inversor 1.5;Ipv30;Ipv29–32;22;2026-09-24 06:50;;em aberto;misto;340,6;;;;;;;
pv;Colorado 1;CLR100;Inversor 1.5;Ipv31;Ipv29–32;22;2026-09-24 06:50;;em aberto;misto;340,6;;;;;;;
pv;Colorado 1;CLR100;Inversor 1.5;Ipv32;Ipv29–32;22;2026-09-24 06:50;;em aberto;misto;340,6;;;;;;;
pv;Colorado 1;CLR100;Inversor 1.6;Ipv29;Ipv29–32;22;2026-09-24 06:50;;em aberto;misto;339,8;;;;;;;
pv;Colorado 1;CLR100;Inversor 1.6;Ipv30;Ipv29–32;22;2026-09-24 06:50;;em aberto;misto;339,8;;;;;;;
pv;Colorado 1;CLR100;Inversor 1.6;Ipv31;Ipv29–32;22;2026-09-24 06:50;;em aberto;misto;339,8;;;;;;;
pv;Colorado 1;CLR100;Inversor 1.6;Ipv32;Ipv29–32;22;2026-09-24 06:50;;em aberto;misto;339,8;;;;;;;
pv;Colorado 1;CLR100;Inversor 1.7;Ipv29;Ipv29–32;22;2026-09-24 06:50;2026-09-27 06:42;voltou entre varreduras;misto;204,0;;;;;;;
pv;Colorado 1;CLR100;Inversor 1.7;Ipv30;Ipv29–32;22;2026-09-24 06:50;2026-09-27 06:42;voltou entre varreduras;misto;204,0;;;;;;;
pv;Colorado 1;CLR100;Inversor 1.7;Ipv31;Ipv29–32;22;2026-09-24 06:50;2026-09-27 06:42;voltou entre varreduras;misto;204,0;;;;;;;
pv;Colorado 1;CLR100;Inversor 1.7;Ipv32;Ipv29–32;22;2026-09-24 06:50;2026-09-27 06:42;voltou entre varreduras;misto;204,0;;;;;;;
pv;Colorado 1;CLR100;Inversor 1.8;Ipv29;Ipv29–32;22;2026-09-24 06:50;;em aberto;misto;340,6;;;;;;;
pv;Colorado 1;CLR100;Inversor 1.8;Ipv30;Ipv29–32;22;2026-09-24 06:50;;em aberto;misto;340,6;;;;;;;
pv;Colorado 1;CLR100;Inversor 1.8;Ipv31;Ipv29–32;22;2026-09-24 06:50;;em aberto;misto;340,6;;;;;;;
pv;Colorado 1;CLR100;Inversor 1.8;Ipv32;Ipv29–32;22;2026-09-24 06:50;;em aberto;misto;340,6;;;;;;;
pv;Colorado 1;CLR100;Inversor 1.9;Ipv29;Ipv29–32;22;2026-09-24 06:50;;em aberto;misto;340,2;;;;;;;
pv;Colorado 1;CLR100;Inversor 1.9;Ipv30;Ipv29–32;22;2026-09-24 06:50;;em aberto;misto;340,2;;;;;;;
pv;Colorado 1;CLR100;Inversor 1.9;Ipv31;Ipv29–32;22;2026-09-24 06:50;;em aberto;misto;340,2;;;;;;;
pv;Colorado 1;CLR100;Inversor 1.9;Ipv32;Ipv29–32;22;2026-09-24 06:50;;em aberto;misto;340,2;;;;;;;
pv;Colorado 2;CLR200;Inversor 1.2;Ipv10;dentro das esperadas;22;2026-09-05 07:00;2026-09-06 07:06;voltou de madrugada;quedas gravadas;22,7;12885;recomposição;cita a string;Em andamento;2026-09-03 09:35;;
pv;Colorado 2;CLR200;Inversor 1.2;Ipv10;dentro das esperadas;22;2026-09-06 08:10;2026-09-09 07:02;voltou entre varreduras;quedas gravadas;10,8;12885;recomposição;cita a string;Em andamento;2026-09-03 09:35;;
pv;Colorado 2;CLR200;Inversor 1.2;Ipv10;dentro das esperadas;22;2026-09-09 08:20;2026-09-10 07:00;voltou de madrugada;quedas gravadas;16,5;12885;recomposição;cita a string;Em andamento;2026-09-03 09:35;;
pv;Colorado 2;CLR200;Inversor 1.2;Ipv10;dentro das esperadas;22;2026-09-10 08:50;2026-09-14 06:56;voltou de madrugada;quedas gravadas;90,7;12885;recomposição;cita a string;Em andamento;2026-09-03 09:35;;
pv;Colorado 2;CLR200;Inversor 1.2;Ipv10;dentro das esperadas;22;2026-09-14 08:10;2026-09-15 06:56;voltou de madrugada;quedas gravadas;6,6;12885;recomposição;cita a string;Em andamento;2026-09-03 09:35;;
pv;Colorado 2;CLR200;Inversor 1.2;Ipv10;dentro das esperadas;22;2026-09-15 08:30;2026-09-16 06:54;voltou de madrugada;quedas gravadas;14,2;12885;recomposição;cita a string;Em andamento;2026-09-03 09:35;;
pv;Colorado 2;CLR200;Inversor 1.2;Ipv10;dentro das esperadas;22;2026-09-16 07:40;2026-09-17 06:54;voltou de madrugada;quedas gravadas;44,7;12885;recomposição;cita a string;Em andamento;2026-09-03 09:35;;
pv;Colorado 2;CLR200;Inversor 1.2;Ipv10;dentro das esperadas;22;2026-09-17 08:00;;em aberto;misto;479,9;12885;recomposição;cita a string;Em andamento;2026-09-03 09:35;;
pv;Colorado 2;CLR200;Inversor 1.2;Ipv11;dentro das esperadas;22;2026-09-05 07:00;2026-09-06 07:06;voltou de madrugada;quedas gravadas;22,7;12885;recomposição;cita a string;Em andamento;2026-09-03 09:35;;
pv;Colorado 2;CLR200;Inversor 1.2;Ipv11;dentro das esperadas;22;2026-09-06 08:10;2026-09-09 07:02;voltou entre varreduras;quedas gravadas;10,8;12885;recomposição;cita a string;Em andamento;2026-09-03 09:35;;
pv;Colorado 2;CLR200;Inversor 1.2;Ipv11;dentro das esperadas;22;2026-09-09 08:20;2026-09-10 07:00;voltou de madrugada;quedas gravadas;16,5;12885;recomposição;cita a string;Em andamento;2026-09-03 09:35;;
pv;Colorado 2;CLR200;Inversor 1.2;Ipv11;dentro das esperadas;22;2026-09-10 08:50;2026-09-14 06:56;voltou de madrugada;quedas gravadas;90,7;12885;recomposição;cita a string;Em andamento;2026-09-03 09:35;;
pv;Colorado 2;CLR200;Inversor 1.2;Ipv11;dentro das esperadas;22;2026-09-14 08:10;2026-09-15 06:56;voltou de madrugada;quedas gravadas;6,6;12885;recomposição;cita a string;Em andamento;2026-09-03 09:35;;
pv;Colorado 2;CLR200;Inversor 1.2;Ipv11;dentro das esperadas;22;2026-09-15 08:30;2026-09-16 06:54;voltou de madrugada;quedas gravadas;14,2;12885;recomposição;cita a string;Em andamento;2026-09-03 09:35;;
pv;Colorado 2;CLR200;Inversor 1.2;Ipv11;dentro das esperadas;22;2026-09-16 07:40;2026-09-17 06:54;voltou de madrugada;quedas gravadas;44,7;12885;recomposição;cita a string;Em andamento;2026-09-03 09:35;;
pv;Colorado 2;CLR200;Inversor 1.2;Ipv11;dentro das esperadas;22;2026-09-17 08:00;;em aberto;misto;479,9;12885;recomposição;cita a string;Em andamento;2026-09-03 09:35;;
pv;Colorado 2;CLR200;Inversor 1.2;Ipv13;dentro das esperadas;22;2026-09-05 07:00;2026-09-06 07:06;voltou de madrugada;quedas gravadas;22,7;12885;recomposição;cita a string;Em andamento;2026-09-03 09:35;;
pv;Colorado 2;CLR200;Inversor 1.2;Ipv13;dentro das esperadas;22;2026-09-06 08:10;2026-09-09 07:02;voltou entre varreduras;quedas gravadas;10,8;12885;recomposição;cita a string;Em andamento;2026-09-03 09:35;;
pv;Colorado 2;CLR200;Inversor 1.2;Ipv13;dentro das esperadas;22;2026-09-09 08:20;2026-09-10 07:00;voltou de madrugada;quedas gravadas;16,5;12885;recomposição;cita a string;Em andamento;2026-09-03 09:35;;
pv;Colorado 2;CLR200;Inversor 1.2;Ipv13;dentro das esperadas;22;2026-09-10 08:50;2026-09-14 06:56;voltou de madrugada;quedas gravadas;90,7;12885;recomposição;cita a string;Em andamento;2026-09-03 09:35;;
pv;Colorado 2;CLR200;Inversor 1.2;Ipv13;dentro das esperadas;22;2026-09-14 08:10;2026-09-15 06:56;voltou de madrugada;quedas gravadas;6,6;12885;recomposição;cita a string;Em andamento;2026-09-03 09:35;;
pv;Colorado 2;CLR200;Inversor 1.2;Ipv13;dentro das esperadas;22;2026-09-15 08:30;2026-09-16 06:54;voltou de madrugada;quedas gravadas;14,2;12885;recomposição;cita a string;Em andamento;2026-09-03 09:35;;
pv;Colorado 2;CLR200;Inversor 1.2;Ipv13;dentro das esperadas;22;2026-09-16 07:40;2026-09-17 06:54;voltou de madrugada;quedas gravadas;44,7;12885;recomposição;cita a string;Em andamento;2026-09-03 09:35;;
pv;Colorado 2;CLR200;Inversor 1.2;Ipv13;dentro das esperadas;22;2026-09-17 08:00;;em aberto;misto;479,9;12885;recomposição;cita a string;Em andamento;2026-09-03 09:35;;
pv;Colorado 2;CLR200;Inversor 1.2;Ipv2;dentro das esperadas;22;2026-09-05 07:00;2026-09-06 07:06;voltou de madrugada;quedas gravadas;22,7;12885;recomposição;cita a string;Em andamento;2026-09-03 09:35;;
pv;Colorado 2;CLR200;Inversor 1.2;Ipv2;dentro das esperadas;22;2026-09-06 08:10;2026-09-09 07:02;voltou entre varreduras;quedas gravadas;10,8;12885;recomposição;cita a string;Em andamento;2026-09-03 09:35;;
pv;Colorado 2;CLR200;Inversor 1.2;Ipv2;dentro das esperadas;22;2026-09-09 08:20;2026-09-10 07:00;voltou de madrugada;quedas gravadas;16,5;12885;recomposição;cita a string;Em andamento;2026-09-03 09:35;;
pv;Colorado 2;CLR200;Inversor 1.2;Ipv2;dentro das esperadas;22;2026-09-10 08:50;2026-09-14 06:56;voltou de madrugada;quedas gravadas;90,7;12885;recomposição;cita a string;Em andamento;2026-09-03 09:35;;
pv;Colorado 2;CLR200;Inversor 1.2;Ipv2;dentro das esperadas;22;2026-09-14 08:10;2026-09-15 06:56;voltou de madrugada;quedas gravadas;6,6;12885;recomposição;cita a string;Em andamento;2026-09-03 09:35;;
pv;Colorado 2;CLR200;Inversor 1.2;Ipv2;dentro das esperadas;22;2026-09-15 08:30;2026-09-16 06:54;voltou de madrugada;quedas gravadas;14,2;12885;recomposição;cita a string;Em andamento;2026-09-03 09:35;;
pv;Colorado 2;CLR200;Inversor 1.2;Ipv2;dentro das esperadas;22;2026-09-16 07:40;2026-09-17 06:54;voltou de madrugada;quedas gravadas;44,7;12885;recomposição;cita a string;Em andamento;2026-09-03 09:35;;
pv;Colorado 2;CLR200;Inversor 1.2;Ipv2;dentro das esperadas;22;2026-09-17 08:00;;em aberto;misto;479,9;12885;recomposição;cita a string;Em andamento;2026-09-03 09:35;;
pv;Colorado 2;CLR200;Inversor 1.2;Ipv3;dentro das esperadas;22;2026-09-05 07:00;2026-09-06 07:06;voltou de madrugada;quedas gravadas;22,7;12885;recomposição;cita a string;Em andamento;2026-09-03 09:35;;
pv;Colorado 2;CLR200;Inversor 1.2;Ipv3;dentro das esperadas;22;2026-09-06 08:10;2026-09-09 07:02;voltou entre varreduras;quedas gravadas;10,8;12885;recomposição;cita a string;Em andamento;2026-09-03 09:35;;
pv;Colorado 2;CLR200;Inversor 1.2;Ipv3;dentro das esperadas;22;2026-09-09 08:20;2026-09-10 07:00;voltou de madrugada;quedas gravadas;16,5;12885;recomposição;cita a string;Em andamento;2026-09-03 09:35;;
pv;Colorado 2;CLR200;Inversor 1.2;Ipv3;dentro das esperadas;22;2026-09-10 08:50;2026-09-14 06:56;voltou de madrugada;quedas gravadas;90,7;12885;recomposição;cita a string;Em andamento;2026-09-03 09:35;;
pv;Colorado 2;CLR200;Inversor 1.2;Ipv3;dentro das esperadas;22;2026-09-14 08:10;2026-09-15 06:56;voltou de madrugada;quedas gravadas;6,6;12885;recomposição;cita a string;Em andamento;2026-09-03 09:35;;
pv;Colorado 2;CLR200;Inversor 1.2;Ipv3;dentro das esperadas;22;2026-09-15 08:30;2026-09-16 06:54;voltou de madrugada;quedas gravadas;14,2;12885;recomposição;cita a string;Em andamento;2026-09-03 09:35;;
pv;Colorado 2;CLR200;Inversor 1.2;Ipv3;dentro das esperadas;22;2026-09-16 07:40;2026-09-17 06:54;voltou de madrugada;quedas gravadas;44,7;12885;recomposição;cita a string;Em andamento;2026-09-03 09:35;;
pv;Colorado 2;CLR200;Inversor 1.2;Ipv3;dentro das esperadas;22;2026-09-17 08:00;;em aberto;misto;479,9;12885;recomposição;cita a string;Em andamento;2026-09-03 09:35;;
pv;Colorado 2;CLR200;Inversor 1.2;Ipv4;dentro das esperadas;22;2026-09-05 07:00;2026-09-06 07:06;voltou de madrugada;quedas gravadas;22,7;12885;recomposição;cita a string;Em andamento;2026-09-03 09:35;;
pv;Colorado 2;CLR200;Inversor 1.2;Ipv4;dentro das esperadas;22;2026-09-06 08:10;2026-09-09 07:02;voltou entre varreduras;quedas gravadas;10,8;12885;recomposição;cita a string;Em andamento;2026-09-03 09:35;;
pv;Colorado 2;CLR200;Inversor 1.2;Ipv4;dentro das esperadas;22;2026-09-09 08:20;2026-09-10 07:00;voltou de madrugada;quedas gravadas;16,5;12885;recomposição;cita a string;Em andamento;2026-09-03 09:35;;
pv;Colorado 2;CLR200;Inversor 1.2;Ipv4;dentro das esperadas;22;2026-09-10 08:50;2026-09-11 12:40;voltou;quedas gravadas;42,0;12885;recomposição;cita a string;Em andamento;2026-09-03 09:35;;
pv;Colorado 2;CLR200;Inversor 1.2;Ipv4;dentro das esperadas;22;2026-09-11 15:40;2026-09-12 10:10;voltou;quedas gravadas;9,1;12885;recomposição;cita a string;Em andamento;2026-09-03 09:35;;
pv;Colorado 2;CLR200;Inversor 1.2;Ipv4;dentro das esperadas;22;2026-09-12 10:20;2026-09-14 06:56;voltou de madrugada;quedas gravadas;20,1;12885;recomposição;cita a string;Em andamento;2026-09-03 09:35;;
pv;Colorado 2;CLR200;Inversor 1.2;Ipv4;dentro das esperadas;22;2026-09-14 08:10;2026-09-15 06:56;voltou de madrugada;quedas gravadas;6,6;12885;recomposição;cita a string;Em andamento;2026-09-03 09:35;;
pv;Colorado 2;CLR200;Inversor 1.2;Ipv4;dentro das esperadas;22;2026-09-15 08:30;2026-09-15 13:40;voltou;quedas gravadas;9,4;12885;recomposição;cita a string;Em andamento;2026-09-03 09:35;;
pv;Colorado 2;CLR200;Inversor 1.2;Ipv4;dentro das esperadas;22;2026-09-15 13:50;2026-09-16 06:54;voltou de madrugada;quedas gravadas;4,5;12885;recomposição;cita a string;Em andamento;2026-09-03 09:35;;
pv;Colorado 2;CLR200;Inversor 1.2;Ipv4;dentro das esperadas;22;2026-09-16 07:40;2026-09-16 12:50;voltou;quedas gravadas;25,5;12885;recomposição;cita a string;Em andamento;2026-09-03 09:35;;
pv;Colorado 2;CLR200;Inversor 1.2;Ipv4;dentro das esperadas;22;2026-09-16 14:30;2026-09-17 06:54;voltou de madrugada;quedas gravadas;9,7;12885;recomposição;cita a string;Em andamento;2026-09-03 09:35;;
pv;Colorado 2;CLR200;Inversor 1.2;Ipv4;dentro das esperadas;22;2026-09-17 08:00;2026-09-17 12:50;voltou;quedas gravadas;35,0;12885;recomposição;cita a string;Em andamento;2026-09-03 09:35;;
pv;Colorado 2;CLR200;Inversor 1.2;Ipv4;dentro das esperadas;22;2026-09-17 15:40;;em aberto;misto;424,2;12885;recomposição;cita a string;Em andamento;2026-09-03 09:35;;
pv;Colorado 2;CLR200;Inversor 1.2;Ipv6;dentro das esperadas;22;2026-09-05 07:00;2026-09-05 11:40;voltou;quedas gravadas;9,4;12885;recomposição;cita a string;Em andamento;2026-09-03 09:35;;
pv;Colorado 2;CLR200;Inversor 1.2;Ipv6;dentro das esperadas;22;2026-09-05 13:30;2026-09-06 07:06;voltou de madrugada;quedas gravadas;7,6;12885;recomposição;cita a string;Em andamento;2026-09-03 09:35;;
pv;Colorado 2;CLR200;Inversor 1.2;Ipv6;dentro das esperadas;22;2026-09-06 08:10;2026-09-09 07:02;voltou entre varreduras;quedas gravadas;10,8;12885;recomposição;cita a string;Em andamento;2026-09-03 09:35;;
pv;Colorado 2;CLR200;Inversor 1.2;Ipv6;dentro das esperadas;22;2026-09-09 08:20;2026-09-09 11:30;voltou;quedas gravadas;5,9;12885;recomposição;cita a string;Em andamento;2026-09-03 09:35;;
pv;Colorado 2;CLR200;Inversor 1.2;Ipv6;dentro das esperadas;22;2026-09-09 11:40;2026-09-10 07:00;voltou de madrugada;quedas gravadas;10,2;12885;recomposição;cita a string;Em andamento;2026-09-03 09:35;;
pv;Colorado 2;CLR200;Inversor 1.2;Ipv6;dentro das esperadas;22;2026-09-10 08:50;2026-09-11 08:00;voltou;quedas gravadas;13,3;12885;recomposição;cita a string;Em andamento;2026-09-03 09:35;;
pv;Colorado 2;CLR200;Inversor 1.2;Ipv6;dentro das esperadas;22;2026-09-11 08:10;2026-09-11 10:40;voltou;quedas gravadas;13,5;12885;recomposição;cita a string;Em andamento;2026-09-03 09:35;;
pv;Colorado 2;CLR200;Inversor 1.2;Ipv6;dentro das esperadas;22;2026-09-11 15:50;2026-09-14 06:56;voltou de madrugada;quedas gravadas;28,8;12885;recomposição;cita a string;Em andamento;2026-09-03 09:35;;
pv;Colorado 2;CLR200;Inversor 1.2;Ipv6;dentro das esperadas;22;2026-09-14 08:10;2026-09-15 06:56;voltou de madrugada;quedas gravadas;6,6;12885;recomposição;cita a string;Em andamento;2026-09-03 09:35;;
pv;Colorado 2;CLR200;Inversor 1.2;Ipv6;dentro das esperadas;22;2026-09-15 08:30;2026-09-16 06:54;voltou de madrugada;quedas gravadas;14,2;12885;recomposição;cita a string;Em andamento;2026-09-03 09:35;;
pv;Colorado 2;CLR200;Inversor 1.2;Ipv6;dentro das esperadas;22;2026-09-16 07:40;2026-09-16 13:10;voltou;quedas gravadas;27,6;12885;recomposição;cita a string;Em andamento;2026-09-03 09:35;;
pv;Colorado 2;CLR200;Inversor 1.2;Ipv6;dentro das esperadas;22;2026-09-17 08:00;2026-09-17 11:40;voltou;quedas gravadas;24,8;12885;recomposição;cita a string;Em andamento;2026-09-03 09:35;;
pv;Colorado 2;CLR200;Inversor 1.2;Ipv6;dentro das esperadas;22;2026-09-17 16:10;2026-09-24 08:00;voltou;quedas gravadas;204,1;12885;recomposição;cita a string;Em andamento;2026-09-03 09:35;;
pv;Colorado 2;CLR200;Inversor 1.2;Ipv6;dentro das esperadas;22;2026-09-25 07:10;;em aberto;curva;181,1;12885;recomposição;cita a string;Em andamento;2026-09-03 09:35;;
pv;Colorado 2;CLR200;Inversor 1.2;Ipv7;dentro das esperadas;22;2026-09-05 07:00;2026-09-06 07:06;voltou de madrugada;quedas gravadas;22,7;12885;recomposição;cita a string;Em andamento;2026-09-03 09:35;;
pv;Colorado 2;CLR200;Inversor 1.2;Ipv7;dentro das esperadas;22;2026-09-06 08:10;2026-09-09 07:02;voltou entre varreduras;quedas gravadas;10,8;12885;recomposição;cita a string;Em andamento;2026-09-03 09:35;;
pv;Colorado 2;CLR200;Inversor 1.2;Ipv7;dentro das esperadas;22;2026-09-09 08:20;2026-09-10 07:00;voltou de madrugada;quedas gravadas;16,5;12885;recomposição;cita a string;Em andamento;2026-09-03 09:35;;
pv;Colorado 2;CLR200;Inversor 1.2;Ipv7;dentro das esperadas;22;2026-09-10 08:50;2026-09-14 06:56;voltou de madrugada;quedas gravadas;90,7;12885;recomposição;cita a string;Em andamento;2026-09-03 09:35;;
pv;Colorado 2;CLR200;Inversor 1.2;Ipv7;dentro das esperadas;22;2026-09-14 08:10;2026-09-15 06:56;voltou de madrugada;quedas gravadas;6,6;12885;recomposição;cita a string;Em andamento;2026-09-03 09:35;;
pv;Colorado 2;CLR200;Inversor 1.2;Ipv7;dentro das esperadas;22;2026-09-15 08:30;2026-09-16 06:54;voltou de madrugada;quedas gravadas;14,2;12885;recomposição;cita a string;Em andamento;2026-09-03 09:35;;
pv;Colorado 2;CLR200;Inversor 1.2;Ipv7;dentro das esperadas;22;2026-09-16 07:40;2026-09-16 13:00;voltou;quedas gravadas;26,6;12885;recomposição;cita a string;Em andamento;2026-09-03 09:35;;
pv;Colorado 2;CLR200;Inversor 1.2;Ipv7;dentro das esperadas;22;2026-09-16 14:50;2026-09-16 17:00;voltou;quedas gravadas;7,3;12885;recomposição;cita a string;Em andamento;2026-09-03 09:35;;
pv;Colorado 2;CLR200;Inversor 1.2;Ipv7;dentro das esperadas;22;2026-09-17 08:00;2026-09-17 15:30;voltou;quedas gravadas;54,8;12885;recomposição;cita a string;Em andamento;2026-09-03 09:35;;
pv;Colorado 2;CLR200;Inversor 1.2;Ipv7;dentro das esperadas;22;2026-09-17 15:40;;em aberto;misto;424,2;12885;recomposição;cita a string;Em andamento;2026-09-03 09:35;;
pv;Colorado 2;CLR200;Inversor 1.2;Ipv8;dentro das esperadas;22;2026-09-05 07:00;2026-09-05 11:40;voltou;quedas gravadas;9,4;12885;recomposição;cita a string;Em andamento;2026-09-03 09:35;;
pv;Colorado 2;CLR200;Inversor 1.2;Ipv8;dentro das esperadas;22;2026-09-05 12:10;2026-09-06 07:06;voltou de madrugada;quedas gravadas;11,7;12885;recomposição;cita a string;Em andamento;2026-09-03 09:35;;
pv;Colorado 2;CLR200;Inversor 1.2;Ipv8;dentro das esperadas;22;2026-09-06 08:10;2026-09-09 07:02;voltou entre varreduras;quedas gravadas;10,8;12885;recomposição;cita a string;Em andamento;2026-09-03 09:35;;
pv;Colorado 2;CLR200;Inversor 1.2;Ipv8;dentro das esperadas;22;2026-09-09 08:20;2026-09-10 07:00;voltou de madrugada;quedas gravadas;16,5;12885;recomposição;cita a string;Em andamento;2026-09-03 09:35;;
pv;Colorado 2;CLR200;Inversor 1.2;Ipv8;dentro das esperadas;22;2026-09-10 08:50;2026-09-11 11:00;voltou;quedas gravadas;29,6;12885;recomposição;cita a string;Em andamento;2026-09-03 09:35;;
pv;Colorado 2;CLR200;Inversor 1.2;Ipv8;dentro das esperadas;22;2026-09-11 12:30;2026-09-14 06:56;voltou de madrugada;quedas gravadas;50,0;12885;recomposição;cita a string;Em andamento;2026-09-03 09:35;;
pv;Colorado 2;CLR200;Inversor 1.2;Ipv8;dentro das esperadas;22;2026-09-14 08:10;2026-09-15 06:56;voltou de madrugada;quedas gravadas;6,6;12885;recomposição;cita a string;Em andamento;2026-09-03 09:35;;
pv;Colorado 2;CLR200;Inversor 1.2;Ipv8;dentro das esperadas;22;2026-09-15 08:30;2026-09-16 06:54;voltou de madrugada;quedas gravadas;14,2;12885;recomposição;cita a string;Em andamento;2026-09-03 09:35;;
pv;Colorado 2;CLR200;Inversor 1.2;Ipv8;dentro das esperadas;22;2026-09-16 07:40;2026-09-16 13:40;voltou;quedas gravadas;30,5;12885;recomposição;cita a string;Em andamento;2026-09-03 09:35;;
pv;Colorado 2;CLR200;Inversor 1.2;Ipv8;dentro das esperadas;22;2026-09-17 08:00;2026-09-17 10:40;voltou;quedas gravadas;16,5;12885;recomposição;cita a string;Em andamento;2026-09-03 09:35;;
pv;Colorado 2;CLR200;Inversor 1.2;Ipv8;dentro das esperadas;22;2026-09-17 11:50;2026-09-24 08:10;voltou;quedas gravadas;236,4;12885;recomposição;cita a string;Em andamento;2026-09-03 09:35;;
pv;Colorado 2;CLR200;Inversor 1.2;Ipv8;dentro das esperadas;22;2026-09-24 10:00;;em aberto;misto;210,9;12885;recomposição;cita a string;Em andamento;2026-09-03 09:35;;
pv;Colorado 2;CLR200;Inversor 1.2;Ipv9;dentro das esperadas;22;2026-09-05 07:00;2026-09-06 07:06;voltou de madrugada;quedas gravadas;22,7;12885;recomposição;cita a string;Em andamento;2026-09-03 09:35;;
pv;Colorado 2;CLR200;Inversor 1.2;Ipv9;dentro das esperadas;22;2026-09-06 08:10;2026-09-09 07:02;voltou entre varreduras;quedas gravadas;10,8;12885;recomposição;cita a string;Em andamento;2026-09-03 09:35;;
pv;Colorado 2;CLR200;Inversor 1.2;Ipv9;dentro das esperadas;22;2026-09-09 08:20;2026-09-10 07:00;voltou de madrugada;quedas gravadas;16,5;12885;recomposição;cita a string;Em andamento;2026-09-03 09:35;;
pv;Colorado 2;CLR200;Inversor 1.2;Ipv9;dentro das esperadas;22;2026-09-10 08:50;2026-09-14 06:56;voltou de madrugada;quedas gravadas;90,7;12885;recomposição;cita a string;Em andamento;2026-09-03 09:35;;
pv;Colorado 2;CLR200;Inversor 1.2;Ipv9;dentro das esperadas;22;2026-09-14 08:10;2026-09-15 06:56;voltou de madrugada;quedas gravadas;6,6;12885;recomposição;cita a string;Em andamento;2026-09-03 09:35;;
pv;Colorado 2;CLR200;Inversor 1.2;Ipv9;dentro das esperadas;22;2026-09-15 08:30;2026-09-16 06:54;voltou de madrugada;quedas gravadas;14,2;12885;recomposição;cita a string;Em andamento;2026-09-03 09:35;;
pv;Colorado 2;CLR200;Inversor 1.2;Ipv9;dentro das esperadas;22;2026-09-16 07:40;2026-09-16 13:00;voltou;quedas gravadas;26,6;12885;recomposição;cita a string;Em andamento;2026-09-03 09:35;;
pv;Colorado 2;CLR200;Inversor 1.2;Ipv9;dentro das esperadas;22;2026-09-16 14:50;2026-09-16 17:00;voltou;quedas gravadas;7,3;12885;recomposição;cita a string;Em andamento;2026-09-03 09:35;;
pv;Colorado 2;CLR200;Inversor 1.2;Ipv9;dentro das esperadas;22;2026-09-17 08:00;2026-09-17 15:30;voltou;quedas gravadas;54,8;12885;recomposição;cita a string;Em andamento;2026-09-03 09:35;;
pv;Colorado 2;CLR200;Inversor 1.2;Ipv9;dentro das esperadas;22;2026-09-17 15:40;;em aberto;misto;424,2;12885;recomposição;cita a string;Em andamento;2026-09-03 09:35;;
pv;Corrego do Sapucaia;CDS100;Inversor 1.2;Ipv29;Ipv29–32;22;2026-09-25 07:00;;em aberto;curva;183,1;;;;;;;
pv;Corrego do Sapucaia;CDS100;Inversor 1.2;Ipv30;Ipv29–32;22;2026-09-25 07:00;;em aberto;curva;183,1;;;;;;;
pv;Corrego do Sapucaia;CDS100;Inversor 1.2;Ipv31;Ipv29–32;22;2026-09-25 07:00;;em aberto;curva;183,1;;;;;;;
pv;Corrego do Sapucaia;CDS100;Inversor 1.2;Ipv32;Ipv29–32;22;2026-09-25 07:00;;em aberto;curva;183,1;;;;;;;
pv;Corrego do Sapucaia;CDS100;Inversor 2.1;Ipv29;Ipv29–32;22;2026-09-04 06:20;2026-09-11 06:00;voltou entre varreduras;quedas gravadas;82,3;;;;;;;
pv;Corrego do Sapucaia;CDS100;Inversor 2.1;Ipv29;Ipv29–32;22;2026-09-23 06:00;;em aberto;misto;294,4;;;;;;;
pv;Corrego do Sapucaia;CDS100;Inversor 2.1;Ipv30;Ipv29–32;22;2026-09-04 06:20;2026-09-11 06:00;voltou entre varreduras;quedas gravadas;82,3;;;;;;;
pv;Corrego do Sapucaia;CDS100;Inversor 2.1;Ipv30;Ipv29–32;22;2026-09-23 06:00;;em aberto;misto;294,4;;;;;;;
pv;Corrego do Sapucaia;CDS100;Inversor 2.1;Ipv31;Ipv29–32;22;2026-09-04 06:20;2026-09-11 06:00;voltou entre varreduras;quedas gravadas;82,3;;;;;;;
pv;Corrego do Sapucaia;CDS100;Inversor 2.1;Ipv31;Ipv29–32;22;2026-09-23 06:00;;em aberto;misto;294,4;;;;;;;
pv;Corrego do Sapucaia;CDS100;Inversor 2.1;Ipv32;Ipv29–32;22;2026-09-04 06:20;2026-09-11 06:00;voltou entre varreduras;quedas gravadas;82,3;;;;;;;
pv;Corrego do Sapucaia;CDS100;Inversor 2.1;Ipv32;Ipv29–32;22;2026-09-23 06:00;;em aberto;misto;294,4;;;;;;;
pv;Corrego do Sapucaia;CDS100;Inversor 2.2;Ipv29;Ipv29–32;22;2026-09-04 06:20;2026-09-11 06:00;voltou entre varreduras;quedas gravadas;82,3;;;;;;;
pv;Corrego do Sapucaia;CDS100;Inversor 2.2;Ipv29;Ipv29–32;22;2026-09-23 06:00;;em aberto;misto;295,2;;;;;;;
pv;Corrego do Sapucaia;CDS100;Inversor 2.2;Ipv30;Ipv29–32;22;2026-09-04 06:20;2026-09-11 06:00;voltou entre varreduras;quedas gravadas;82,3;;;;;;;
pv;Corrego do Sapucaia;CDS100;Inversor 2.2;Ipv30;Ipv29–32;22;2026-09-23 06:00;;em aberto;misto;295,2;;;;;;;
pv;Corrego do Sapucaia;CDS100;Inversor 2.2;Ipv31;Ipv29–32;22;2026-09-04 06:20;2026-09-11 06:00;voltou entre varreduras;quedas gravadas;82,3;;;;;;;
pv;Corrego do Sapucaia;CDS100;Inversor 2.2;Ipv31;Ipv29–32;22;2026-09-23 06:00;;em aberto;misto;295,2;;;;;;;
pv;Corrego do Sapucaia;CDS100;Inversor 2.2;Ipv32;Ipv29–32;22;2026-09-04 06:20;2026-09-11 06:00;voltou entre varreduras;quedas gravadas;82,3;;;;;;;
pv;Corrego do Sapucaia;CDS100;Inversor 2.2;Ipv32;Ipv29–32;22;2026-09-23 06:00;;em aberto;misto;295,2;;;;;;;
pv;Corrego do Sapucaia;CDS100;Inversor 2.3;Ipv29;Ipv29–32;22;2026-09-04 06:20;2026-09-11 06:00;voltou entre varreduras;quedas gravadas;82,3;;;;;;;
pv;Corrego do Sapucaia;CDS100;Inversor 2.3;Ipv29;Ipv29–32;22;2026-09-23 06:00;;em aberto;misto;293,7;;;;;;;
pv;Corrego do Sapucaia;CDS100;Inversor 2.3;Ipv30;Ipv29–32;22;2026-09-04 06:20;2026-09-11 06:00;voltou entre varreduras;quedas gravadas;82,3;;;;;;;
pv;Corrego do Sapucaia;CDS100;Inversor 2.3;Ipv30;Ipv29–32;22;2026-09-23 06:00;;em aberto;misto;293,7;;;;;;;
pv;Corrego do Sapucaia;CDS100;Inversor 2.3;Ipv31;Ipv29–32;22;2026-09-04 06:20;2026-09-11 06:00;voltou entre varreduras;quedas gravadas;82,3;;;;;;;
pv;Corrego do Sapucaia;CDS100;Inversor 2.3;Ipv31;Ipv29–32;22;2026-09-23 06:00;;em aberto;misto;293,7;;;;;;;
pv;Corrego do Sapucaia;CDS100;Inversor 2.3;Ipv32;Ipv29–32;22;2026-09-04 06:20;2026-09-11 06:00;voltou entre varreduras;quedas gravadas;82,3;;;;;;;
pv;Corrego do Sapucaia;CDS100;Inversor 2.3;Ipv32;Ipv29–32;22;2026-09-23 06:00;;em aberto;misto;293,7;;;;;;;
pv;Corrego do Sapucaia;CDS100;Inversor 2.4;Ipv29;Ipv29–32;22;2026-09-04 06:20;2026-09-11 06:00;voltou entre varreduras;quedas gravadas;82,3;;;;;;;
pv;Corrego do Sapucaia;CDS100;Inversor 2.4;Ipv29;Ipv29–32;22;2026-09-23 06:00;;em aberto;misto;295,2;;;;;;;
pv;Corrego do Sapucaia;CDS100;Inversor 2.4;Ipv30;Ipv29–32;22;2026-09-04 06:20;2026-09-11 06:00;voltou entre varreduras;quedas gravadas;82,3;;;;;;;
pv;Corrego do Sapucaia;CDS100;Inversor 2.4;Ipv30;Ipv29–32;22;2026-09-23 06:00;;em aberto;misto;295,2;;;;;;;
pv;Corrego do Sapucaia;CDS100;Inversor 2.4;Ipv31;Ipv29–32;22;2026-09-04 06:20;2026-09-11 06:00;voltou entre varreduras;quedas gravadas;82,3;;;;;;;
pv;Corrego do Sapucaia;CDS100;Inversor 2.4;Ipv31;Ipv29–32;22;2026-09-23 06:00;;em aberto;misto;295,2;;;;;;;
pv;Corrego do Sapucaia;CDS100;Inversor 2.4;Ipv32;Ipv29–32;22;2026-09-04 06:20;2026-09-11 06:00;voltou entre varreduras;quedas gravadas;82,3;;;;;;;
pv;Corrego do Sapucaia;CDS100;Inversor 2.4;Ipv32;Ipv29–32;22;2026-09-23 06:00;;em aberto;misto;295,2;;;;;;;
pv;Diamantino;DMT100;Inversor 1.3;Ipv10;dentro das esperadas;21;2026-09-25 06:20;;em aberto;curva;255,3;;;;;;;
pv;Diamantino;DMT100;Inversor 2.1;Ipv13;dentro das esperadas;21;2026-09-24 06:00;;em aberto;misto;363,5;;;;;;;
pv;Diamantino;DMT100;Inversor 2.1;Ipv14;dentro das esperadas;21;2026-09-24 06:00;;em aberto;misto;363,5;;;;;;;
pv;Diamantino;DMT100;Inversor 2.1;Ipv18;dentro das esperadas;21;2026-09-24 06:00;;em aberto;misto;363,5;;;;;;;
pv;Diamantino;DMT100;Inversor 2.1;Ipv22;acima das esperadas;21;2026-09-24 06:00;;em aberto;misto;363,5;;;;;;;
pv;Diamantino;DMT100;Inversor 2.1;Ipv23;acima das esperadas;21;2026-09-24 06:00;;em aberto;misto;363,5;;;;;;;
pv;Diamantino;DMT100;Inversor 2.1;Ipv28;acima das esperadas;21;2026-09-24 06:00;;em aberto;misto;363,5;;;;;;;
pv;Diamantino;DMT100;Inversor 2.1;Ipv9;dentro das esperadas;21;2026-09-24 06:00;;em aberto;misto;363,5;;;;;;;
pv;Diamantino;DMT100;Inversor 2.10;Ipv13;dentro das esperadas;20;2026-09-24 06:00;;em aberto;misto;363,5;;;;;;;
pv;Diamantino;DMT100;Inversor 2.10;Ipv14;dentro das esperadas;20;2026-09-24 06:00;;em aberto;misto;363,5;;;;;;;
pv;Diamantino;DMT100;Inversor 2.10;Ipv18;dentro das esperadas;20;2026-09-24 06:00;;em aberto;misto;363,5;;;;;;;
pv;Diamantino;DMT100;Inversor 2.10;Ipv22;acima das esperadas;20;2026-09-24 06:00;;em aberto;misto;363,5;;;;;;;
pv;Diamantino;DMT100;Inversor 2.10;Ipv23;acima das esperadas;20;2026-09-24 06:00;;em aberto;misto;363,5;;;;;;;
pv;Diamantino;DMT100;Inversor 2.10;Ipv28;acima das esperadas;20;2026-09-24 06:00;;em aberto;misto;363,5;;;;;;;
pv;Diamantino;DMT100;Inversor 2.10;Ipv8;dentro das esperadas;20;2026-09-24 06:00;;em aberto;misto;363,5;;;;;;;
pv;Diamantino;DMT100;Inversor 2.10;Ipv9;dentro das esperadas;20;2026-09-24 06:00;;em aberto;misto;363,5;;;;;;;
pv;Diamantino;DMT100;Inversor 2.2;Ipv13;dentro das esperadas;21;2026-09-24 06:00;;em aberto;misto;363,5;;;;;;;
pv;Diamantino;DMT100;Inversor 2.2;Ipv14;dentro das esperadas;21;2026-09-24 06:00;;em aberto;misto;363,5;;;;;;;
pv;Diamantino;DMT100;Inversor 2.2;Ipv18;dentro das esperadas;21;2026-09-24 06:00;;em aberto;misto;363,5;;;;;;;
pv;Diamantino;DMT100;Inversor 2.2;Ipv22;acima das esperadas;21;2026-09-24 06:00;;em aberto;misto;363,5;;;;;;;
pv;Diamantino;DMT100;Inversor 2.2;Ipv23;acima das esperadas;21;2026-09-24 06:00;;em aberto;misto;363,5;;;;;;;
pv;Diamantino;DMT100;Inversor 2.2;Ipv28;acima das esperadas;21;2026-09-24 06:00;;em aberto;misto;363,5;;;;;;;
pv;Diamantino;DMT100;Inversor 2.2;Ipv9;dentro das esperadas;21;2026-09-24 06:10;;em aberto;misto;363,5;;;;;;;
pv;Diamantino;DMT100;Inversor 2.3;Ipv13;dentro das esperadas;21;2026-09-24 06:00;;em aberto;misto;363,5;;;;;;;
pv;Diamantino;DMT100;Inversor 2.3;Ipv14;dentro das esperadas;21;2026-09-24 06:00;;em aberto;misto;363,5;;;;;;;
pv;Diamantino;DMT100;Inversor 2.3;Ipv18;dentro das esperadas;21;2026-09-24 06:00;;em aberto;misto;363,5;;;;;;;
pv;Diamantino;DMT100;Inversor 2.3;Ipv22;acima das esperadas;21;2026-09-24 06:00;;em aberto;misto;363,5;;;;;;;
pv;Diamantino;DMT100;Inversor 2.3;Ipv23;acima das esperadas;21;2026-09-24 06:00;;em aberto;misto;363,5;;;;;;;
pv;Diamantino;DMT100;Inversor 2.3;Ipv28;acima das esperadas;21;2026-09-24 06:00;;em aberto;misto;363,5;;;;;;;
pv;Diamantino;DMT100;Inversor 2.3;Ipv9;dentro das esperadas;21;2026-09-24 06:10;;em aberto;misto;363,5;;;;;;;
pv;Diamantino;DMT100;Inversor 2.4;Ipv13;dentro das esperadas;21;2026-09-24 06:00;;em aberto;misto;363,5;;;;;;;
pv;Diamantino;DMT100;Inversor 2.4;Ipv14;dentro das esperadas;21;2026-09-24 06:00;;em aberto;misto;363,5;;;;;;;
pv;Diamantino;DMT100;Inversor 2.4;Ipv18;dentro das esperadas;21;2026-09-24 06:00;;em aberto;misto;363,5;;;;;;;
pv;Diamantino;DMT100;Inversor 2.4;Ipv22;acima das esperadas;21;2026-09-24 06:00;;em aberto;misto;363,5;;;;;;;
pv;Diamantino;DMT100;Inversor 2.4;Ipv23;acima das esperadas;21;2026-09-24 06:00;;em aberto;misto;363,5;;;;;;;
pv;Diamantino;DMT100;Inversor 2.4;Ipv28;acima das esperadas;21;2026-09-24 06:00;;em aberto;misto;363,5;;;;;;;
pv;Diamantino;DMT100;Inversor 2.4;Ipv9;dentro das esperadas;21;2026-09-24 06:00;;em aberto;misto;363,5;;;;;;;
pv;Diamantino;DMT100;Inversor 2.5;Ipv13;dentro das esperadas;20;2026-09-24 06:00;;em aberto;misto;363,5;;;;;;;
pv;Diamantino;DMT100;Inversor 2.5;Ipv14;dentro das esperadas;20;2026-09-24 06:00;;em aberto;misto;363,5;;;;;;;
pv;Diamantino;DMT100;Inversor 2.5;Ipv18;dentro das esperadas;20;2026-09-24 06:00;;em aberto;misto;363,5;;;;;;;
pv;Diamantino;DMT100;Inversor 2.5;Ipv22;acima das esperadas;20;2026-09-24 06:00;;em aberto;misto;363,5;;;;;;;
pv;Diamantino;DMT100;Inversor 2.5;Ipv23;acima das esperadas;20;2026-09-24 06:00;;em aberto;misto;363,5;;;;;;;
pv;Diamantino;DMT100;Inversor 2.5;Ipv28;acima das esperadas;20;2026-09-24 06:00;;em aberto;misto;363,5;;;;;;;
pv;Diamantino;DMT100;Inversor 2.5;Ipv8;dentro das esperadas;20;2026-09-24 06:00;;em aberto;misto;363,5;;;;;;;
pv;Diamantino;DMT100;Inversor 2.5;Ipv9;dentro das esperadas;20;2026-09-24 06:00;;em aberto;misto;363,5;;;;;;;
pv;Diamantino;DMT100;Inversor 2.6;Ipv13;dentro das esperadas;20;2026-09-24 06:00;;em aberto;misto;363,5;;;;;;;
pv;Diamantino;DMT100;Inversor 2.6;Ipv14;dentro das esperadas;20;2026-09-24 06:00;;em aberto;misto;363,5;;;;;;;
pv;Diamantino;DMT100;Inversor 2.6;Ipv18;dentro das esperadas;20;2026-09-24 06:00;;em aberto;misto;363,5;;;;;;;
pv;Diamantino;DMT100;Inversor 2.6;Ipv22;acima das esperadas;20;2026-09-24 06:00;;em aberto;misto;363,5;;;;;;;
pv;Diamantino;DMT100;Inversor 2.6;Ipv23;acima das esperadas;20;2026-09-24 06:00;;em aberto;misto;363,5;;;;;;;
pv;Diamantino;DMT100;Inversor 2.6;Ipv28;acima das esperadas;20;2026-09-24 06:00;;em aberto;misto;363,5;;;;;;;
pv;Diamantino;DMT100;Inversor 2.6;Ipv8;dentro das esperadas;20;2026-09-24 06:00;;em aberto;misto;363,5;;;;;;;
pv;Diamantino;DMT100;Inversor 2.6;Ipv9;dentro das esperadas;20;2026-09-24 06:00;;em aberto;misto;363,5;;;;;;;
pv;Diamantino;DMT100;Inversor 2.7;Ipv13;dentro das esperadas;20;2026-09-24 06:00;;em aberto;misto;363,5;;;;;;;
pv;Diamantino;DMT100;Inversor 2.7;Ipv14;dentro das esperadas;20;2026-09-24 06:00;;em aberto;misto;363,5;;;;;;;
pv;Diamantino;DMT100;Inversor 2.7;Ipv18;dentro das esperadas;20;2026-09-24 06:00;;em aberto;misto;363,5;;;;;;;
pv;Diamantino;DMT100;Inversor 2.7;Ipv22;acima das esperadas;20;2026-09-24 06:00;;em aberto;misto;363,5;;;;;;;
pv;Diamantino;DMT100;Inversor 2.7;Ipv23;acima das esperadas;20;2026-09-24 06:00;;em aberto;misto;363,5;;;;;;;
pv;Diamantino;DMT100;Inversor 2.7;Ipv28;acima das esperadas;20;2026-09-24 06:00;;em aberto;misto;363,5;;;;;;;
pv;Diamantino;DMT100;Inversor 2.7;Ipv8;dentro das esperadas;20;2026-09-24 06:00;;em aberto;misto;363,5;;;;;;;
pv;Diamantino;DMT100;Inversor 2.7;Ipv9;dentro das esperadas;20;2026-09-24 06:10;;em aberto;misto;363,5;;;;;;;
pv;Diamantino;DMT100;Inversor 2.8;Ipv13;dentro das esperadas;20;2026-09-24 06:00;;em aberto;misto;363,5;;;;;;;
pv;Diamantino;DMT100;Inversor 2.8;Ipv14;dentro das esperadas;20;2026-09-24 06:00;;em aberto;misto;363,5;;;;;;;
pv;Diamantino;DMT100;Inversor 2.8;Ipv18;dentro das esperadas;20;2026-09-24 06:00;;em aberto;misto;363,5;;;;;;;
pv;Diamantino;DMT100;Inversor 2.8;Ipv22;acima das esperadas;20;2026-09-24 06:00;;em aberto;misto;363,5;;;;;;;
pv;Diamantino;DMT100;Inversor 2.8;Ipv23;acima das esperadas;20;2026-09-24 06:00;;em aberto;misto;363,5;;;;;;;
pv;Diamantino;DMT100;Inversor 2.8;Ipv28;acima das esperadas;20;2026-09-24 06:00;;em aberto;misto;363,5;;;;;;;
pv;Diamantino;DMT100;Inversor 2.8;Ipv8;dentro das esperadas;20;2026-09-24 06:00;;em aberto;misto;363,5;;;;;;;
pv;Diamantino;DMT100;Inversor 2.8;Ipv9;dentro das esperadas;20;2026-09-24 06:10;;em aberto;misto;363,5;;;;;;;
pv;Diamantino;DMT100;Inversor 2.9;Ipv13;dentro das esperadas;20;2026-09-24 06:10;;em aberto;misto;363,5;;;;;;;
pv;Diamantino;DMT100;Inversor 2.9;Ipv14;dentro das esperadas;20;2026-09-24 06:10;;em aberto;misto;363,5;;;;;;;
pv;Diamantino;DMT100;Inversor 2.9;Ipv18;dentro das esperadas;20;2026-09-24 06:10;;em aberto;misto;363,5;;;;;;;
pv;Diamantino;DMT100;Inversor 2.9;Ipv22;acima das esperadas;20;2026-09-24 06:10;;em aberto;misto;363,5;;;;;;;
pv;Diamantino;DMT100;Inversor 2.9;Ipv23;acima das esperadas;20;2026-09-24 06:10;;em aberto;misto;363,5;;;;;;;
pv;Diamantino;DMT100;Inversor 2.9;Ipv28;acima das esperadas;20;2026-09-24 06:10;;em aberto;misto;363,5;;;;;;;
pv;Diamantino;DMT100;Inversor 2.9;Ipv8;dentro das esperadas;20;2026-09-24 06:10;;em aberto;misto;363,5;;;;;;;
pv;Diamantino;DMT100;Inversor 2.9;Ipv9;dentro das esperadas;20;2026-09-24 06:10;;em aberto;misto;363,5;;;;;;;
pv;Embu Guaçu;EBG100;Inversor 2.1;Ipv13;dentro das esperadas;16;2026-09-06 15:10;2026-09-09 06:50;voltou entre varreduras;quedas gravadas;1,5;;;;;;;
pv;Embu Guaçu;EBG100;Inversor 2.1;Ipv13;dentro das esperadas;16;2026-09-12 15:20;2026-09-13 06:46;voltou de madrugada;quedas gravadas;2,0;;;;;;;
pv;Embu Guaçu;EBG100;Inversor 2.1;Ipv7;dentro das esperadas;16;2026-09-06 15:10;2026-09-09 06:50;voltou entre varreduras;quedas gravadas;1,5;;;;;;;
pv;Embu Guaçu;EBG100;Inversor 2.2;Ipv18;acima das esperadas;17;2026-09-05 07:20;2026-09-09 06:50;voltou entre varreduras;quedas gravadas;24,1;12725;recomposição;cita a string;Concluída;2026-09-02 09:20;2026-09-11 12:34;-53,7
pv;Embu Guaçu;EBG100;Inversor 2.2;Ipv18;acima das esperadas;17;2026-09-10 06:50;2026-09-11 06:48;voltou de madrugada;quedas gravadas;4,6;12725;recomposição;cita a string;Concluída;2026-09-02 09:20;2026-09-11 12:34;-5,8
pv;Embu Guaçu;EBG100;Inversor 2.2;Ipv18;acima das esperadas;17;2026-09-11 07:50;2026-09-12 06:46;voltou de madrugada;quedas gravadas;84,8;12725;recomposição;cita a string;Concluída;2026-09-02 09:20;2026-09-11 12:34;18,2
pv;Embu Guaçu;EBG100;Inversor 2.2;Ipv18;acima das esperadas;17;2026-09-12 08:20;2026-09-13 06:46;voltou de madrugada;quedas gravadas;15,5;13444;outra corretiva no inversor;não cita string;Em andamento;2026-09-11 12:34;;
pv;Embu Guaçu;EBG100;Inversor 2.2;Ipv18;acima das esperadas;17;2026-09-13 08:10;2026-09-15 06:44;voltou de madrugada;quedas gravadas;30,0;13571;recomposição;cita outras strings;Concluída;2026-09-14 09:50;2026-09-15 14:39;-7,9
pv;Embu Guaçu;EBG100;Inversor 2.2;Ipv18;acima das esperadas;17;2026-09-15 08:10;2026-09-17 06:42;voltou entre varreduras;quedas gravadas;36,8;13571;recomposição;cita outras strings;Concluída;2026-09-14 09:50;2026-09-15 14:39;40,0
pv;Embu Guaçu;EBG100;Inversor 2.2;Ipv8;dentro das esperadas;17;2026-09-11 10:20;2026-09-12 06:46;voltou de madrugada;quedas gravadas;64,3;12725;recomposição;cita outras strings;Concluída;2026-09-02 09:20;2026-09-11 12:34;18,2
pv;Embu Guaçu;EBG100;Inversor 2.2;Ipv8;dentro das esperadas;17;2026-09-12 08:20;2026-09-13 06:46;voltou de madrugada;quedas gravadas;15,5;13444;outra corretiva no inversor;não cita string;Em andamento;2026-09-11 12:34;;
pv;Embu Guaçu;EBG100;Inversor 2.2;Ipv8;dentro das esperadas;17;2026-09-13 08:10;2026-09-15 06:44;voltou de madrugada;quedas gravadas;30,0;13571;recomposição;cita a string;Concluída;2026-09-14 09:50;2026-09-15 14:39;-7,9
pv;Embu Guaçu;EBG100;Inversor 2.2;Ipv8;dentro das esperadas;17;2026-09-15 08:10;2026-09-15 13:20;voltou;quedas gravadas;23,8;13571;recomposição;cita a string;Concluída;2026-09-14 09:50;2026-09-15 14:39;-1,3
pv;Embu Guaçu;EBG100;Inversor 2.3;Ipv4;dentro das esperadas;17;2026-09-17 15:10;2026-09-25 06:34;voltou entre varreduras;quedas gravadas;1,5;;;;;;;
pv;Embu Guaçu;EBG100;Inversor 2.4;Ipv9;dentro das esperadas;17;2026-09-17 14:50;2026-09-25 06:34;voltou entre varreduras;quedas gravadas;1,9;;;;;;;
pv;Embu Guaçu;EBG100;Inversor 2.5;Ipv15;dentro das esperadas;17;2026-09-17 14:50;2026-09-25 06:34;voltou entre varreduras;quedas gravadas;1,9;14658;inspeção/análise;não cita string;Em andamento;2026-09-25 15:47;;
pv;Fazenda Limão;FZL100;Inversor 1.1;Ipv29;Ipv29–32;18;2026-09-07 07:40;2026-09-14 06:30;voltou entre varreduras;quedas gravadas;15,0;;;;;;;
pv;Fazenda Limão;FZL100;Inversor 1.1;Ipv29;Ipv29–32;18;2026-09-23 08:30;2026-09-25 06:20;voltou entre varreduras;quedas gravadas;1,0;;;;;;;
pv;Fazenda Limão;FZL100;Inversor 1.1;Ipv29;Ipv29–32;18;2026-09-25 10:10;2026-09-27 06:18;voltou entre varreduras;curva;21,7;;;;;;;
pv;Fazenda Limão;FZL100;Inversor 1.1;Ipv29;Ipv29–32;18;2026-09-27 08:10;;em aberto;curva;56,0;;;;;;;
pv;Fazenda Limão;FZL100;Inversor 1.1;Ipv30;Ipv29–32;18;2026-09-07 07:40;2026-09-14 06:30;voltou entre varreduras;quedas gravadas;15,0;;;;;;;
pv;Fazenda Limão;FZL100;Inversor 1.1;Ipv30;Ipv29–32;18;2026-09-23 08:30;2026-09-25 06:20;voltou entre varreduras;quedas gravadas;1,0;;;;;;;
pv;Fazenda Limão;FZL100;Inversor 1.1;Ipv30;Ipv29–32;18;2026-09-25 10:10;2026-09-27 06:18;voltou entre varreduras;curva;21,7;;;;;;;
pv;Fazenda Limão;FZL100;Inversor 1.1;Ipv30;Ipv29–32;18;2026-09-27 08:10;;em aberto;curva;56,0;;;;;;;
pv;Fazenda Limão;FZL100;Inversor 1.1;Ipv31;Ipv29–32;18;2026-09-07 07:40;2026-09-14 06:30;voltou entre varreduras;quedas gravadas;15,0;;;;;;;
pv;Fazenda Limão;FZL100;Inversor 1.1;Ipv31;Ipv29–32;18;2026-09-23 08:30;2026-09-25 06:20;voltou entre varreduras;quedas gravadas;1,0;;;;;;;
pv;Fazenda Limão;FZL100;Inversor 1.1;Ipv31;Ipv29–32;18;2026-09-25 10:10;2026-09-27 06:18;voltou entre varreduras;curva;21,7;;;;;;;
pv;Fazenda Limão;FZL100;Inversor 1.1;Ipv31;Ipv29–32;18;2026-09-27 08:10;;em aberto;curva;56,0;;;;;;;
pv;Fazenda Limão;FZL100;Inversor 1.1;Ipv32;Ipv29–32;18;2026-09-07 07:40;2026-09-14 06:30;voltou entre varreduras;quedas gravadas;15,0;;;;;;;
pv;Fazenda Limão;FZL100;Inversor 1.1;Ipv32;Ipv29–32;18;2026-09-23 08:30;2026-09-25 06:20;voltou entre varreduras;quedas gravadas;1,0;;;;;;;
pv;Fazenda Limão;FZL100;Inversor 1.1;Ipv32;Ipv29–32;18;2026-09-25 10:10;2026-09-27 06:18;voltou entre varreduras;curva;21,7;;;;;;;
pv;Fazenda Limão;FZL100;Inversor 1.1;Ipv32;Ipv29–32;18;2026-09-27 08:10;;em aberto;curva;56,0;;;;;;;
pv;Fazenda Limão;FZL100;Inversor 1.2;Ipv29;Ipv29–32;18;2026-09-07 07:40;2026-09-14 06:30;voltou entre varreduras;quedas gravadas;15,0;;;;;;;
pv;Fazenda Limão;FZL100;Inversor 1.2;Ipv29;Ipv29–32;18;2026-09-23 08:30;2026-09-25 06:20;voltou entre varreduras;quedas gravadas;1,0;;;;;;;
pv;Fazenda Limão;FZL100;Inversor 1.2;Ipv29;Ipv29–32;18;2026-09-25 10:00;2026-09-27 06:18;voltou entre varreduras;curva;22,3;;;;;;;
pv;Fazenda Limão;FZL100;Inversor 1.2;Ipv29;Ipv29–32;18;2026-09-27 08:10;;em aberto;curva;56,0;;;;;;;
pv;Fazenda Limão;FZL100;Inversor 1.2;Ipv30;Ipv29–32;18;2026-09-07 07:40;2026-09-14 06:30;voltou entre varreduras;quedas gravadas;15,0;;;;;;;
pv;Fazenda Limão;FZL100;Inversor 1.2;Ipv30;Ipv29–32;18;2026-09-23 08:30;2026-09-25 06:20;voltou entre varreduras;quedas gravadas;1,0;;;;;;;
pv;Fazenda Limão;FZL100;Inversor 1.2;Ipv30;Ipv29–32;18;2026-09-25 10:00;2026-09-27 06:18;voltou entre varreduras;curva;22,3;;;;;;;
pv;Fazenda Limão;FZL100;Inversor 1.2;Ipv30;Ipv29–32;18;2026-09-27 08:10;;em aberto;curva;56,0;;;;;;;
pv;Fazenda Limão;FZL100;Inversor 1.2;Ipv31;Ipv29–32;18;2026-09-07 07:40;2026-09-14 06:30;voltou entre varreduras;quedas gravadas;15,0;;;;;;;
pv;Fazenda Limão;FZL100;Inversor 1.2;Ipv31;Ipv29–32;18;2026-09-23 08:30;2026-09-25 06:20;voltou entre varreduras;quedas gravadas;1,0;;;;;;;
pv;Fazenda Limão;FZL100;Inversor 1.2;Ipv31;Ipv29–32;18;2026-09-25 10:00;2026-09-27 06:18;voltou entre varreduras;curva;22,3;;;;;;;
pv;Fazenda Limão;FZL100;Inversor 1.2;Ipv31;Ipv29–32;18;2026-09-27 08:10;;em aberto;curva;56,0;;;;;;;
pv;Fazenda Limão;FZL100;Inversor 1.2;Ipv32;Ipv29–32;18;2026-09-07 07:40;2026-09-14 06:30;voltou entre varreduras;quedas gravadas;15,0;;;;;;;
pv;Fazenda Limão;FZL100;Inversor 1.2;Ipv32;Ipv29–32;18;2026-09-23 08:30;2026-09-25 06:20;voltou entre varreduras;quedas gravadas;1,0;;;;;;;
pv;Fazenda Limão;FZL100;Inversor 1.2;Ipv32;Ipv29–32;18;2026-09-25 10:00;2026-09-27 06:18;voltou entre varreduras;curva;22,3;;;;;;;
pv;Fazenda Limão;FZL100;Inversor 1.2;Ipv32;Ipv29–32;18;2026-09-27 08:10;;em aberto;curva;56,0;;;;;;;
pv;Fazenda Limão;FZL100;Inversor 1.3;Ipv29;Ipv29–32;18;2026-09-07 07:40;2026-09-14 06:30;voltou entre varreduras;quedas gravadas;15,0;;;;;;;
pv;Fazenda Limão;FZL100;Inversor 1.3;Ipv29;Ipv29–32;18;2026-09-23 08:30;2026-09-25 06:20;voltou entre varreduras;quedas gravadas;1,0;;;;;;;
pv;Fazenda Limão;FZL100;Inversor 1.3;Ipv29;Ipv29–32;18;2026-09-25 10:00;2026-09-27 06:18;voltou entre varreduras;curva;22,3;;;;;;;
pv;Fazenda Limão;FZL100;Inversor 1.3;Ipv30;Ipv29–32;18;2026-09-07 07:40;2026-09-14 06:30;voltou entre varreduras;quedas gravadas;15,0;;;;;;;
pv;Fazenda Limão;FZL100;Inversor 1.3;Ipv30;Ipv29–32;18;2026-09-23 08:30;2026-09-25 06:20;voltou entre varreduras;quedas gravadas;1,0;;;;;;;
pv;Fazenda Limão;FZL100;Inversor 1.3;Ipv30;Ipv29–32;18;2026-09-25 10:00;2026-09-27 06:18;voltou entre varreduras;curva;22,3;;;;;;;
pv;Fazenda Limão;FZL100;Inversor 1.3;Ipv31;Ipv29–32;18;2026-09-07 07:40;2026-09-14 06:30;voltou entre varreduras;quedas gravadas;15,0;;;;;;;
pv;Fazenda Limão;FZL100;Inversor 1.3;Ipv31;Ipv29–32;18;2026-09-23 08:30;2026-09-25 06:20;voltou entre varreduras;quedas gravadas;1,0;;;;;;;
pv;Fazenda Limão;FZL100;Inversor 1.3;Ipv31;Ipv29–32;18;2026-09-25 10:00;2026-09-27 06:18;voltou entre varreduras;curva;22,3;;;;;;;
pv;Fazenda Limão;FZL100;Inversor 1.3;Ipv32;Ipv29–32;18;2026-09-07 07:40;2026-09-14 06:30;voltou entre varreduras;quedas gravadas;15,0;;;;;;;
pv;Fazenda Limão;FZL100;Inversor 1.3;Ipv32;Ipv29–32;18;2026-09-23 08:30;2026-09-25 06:20;voltou entre varreduras;quedas gravadas;1,0;;;;;;;
pv;Fazenda Limão;FZL100;Inversor 1.3;Ipv32;Ipv29–32;18;2026-09-25 10:00;2026-09-27 06:18;voltou entre varreduras;curva;22,3;;;;;;;
pv;Fazenda Limão;FZL100;Inversor 1.4;Ipv29;Ipv29–32;18;2026-09-07 07:40;2026-09-14 06:30;voltou entre varreduras;quedas gravadas;15,0;;;;;;;
pv;Fazenda Limão;FZL100;Inversor 1.4;Ipv29;Ipv29–32;18;2026-09-23 08:30;2026-09-25 06:20;voltou entre varreduras;quedas gravadas;1,0;;;;;;;
pv;Fazenda Limão;FZL100;Inversor 1.4;Ipv29;Ipv29–32;18;2026-09-25 10:00;2026-09-27 06:18;voltou entre varreduras;curva;22,3;;;;;;;
pv;Fazenda Limão;FZL100;Inversor 1.4;Ipv29;Ipv29–32;18;2026-09-27 08:10;;em aberto;curva;56,0;;;;;;;
pv;Fazenda Limão;FZL100;Inversor 1.4;Ipv30;Ipv29–32;18;2026-09-07 07:40;2026-09-14 06:30;voltou entre varreduras;quedas gravadas;15,0;;;;;;;
pv;Fazenda Limão;FZL100;Inversor 1.4;Ipv30;Ipv29–32;18;2026-09-23 08:30;2026-09-25 06:20;voltou entre varreduras;quedas gravadas;1,0;;;;;;;
pv;Fazenda Limão;FZL100;Inversor 1.4;Ipv30;Ipv29–32;18;2026-09-25 10:00;2026-09-27 06:18;voltou entre varreduras;curva;22,3;;;;;;;
pv;Fazenda Limão;FZL100;Inversor 1.4;Ipv30;Ipv29–32;18;2026-09-27 08:10;;em aberto;curva;56,0;;;;;;;
pv;Fazenda Limão;FZL100;Inversor 1.4;Ipv31;Ipv29–32;18;2026-09-07 07:40;2026-09-14 06:30;voltou entre varreduras;quedas gravadas;15,0;;;;;;;
pv;Fazenda Limão;FZL100;Inversor 1.4;Ipv31;Ipv29–32;18;2026-09-23 08:30;2026-09-25 06:20;voltou entre varreduras;quedas gravadas;1,0;;;;;;;
pv;Fazenda Limão;FZL100;Inversor 1.4;Ipv31;Ipv29–32;18;2026-09-25 10:00;2026-09-27 06:18;voltou entre varreduras;curva;22,3;;;;;;;
pv;Fazenda Limão;FZL100;Inversor 1.4;Ipv31;Ipv29–32;18;2026-09-27 08:10;;em aberto;curva;56,0;;;;;;;
pv;Fazenda Limão;FZL100;Inversor 1.4;Ipv32;Ipv29–32;18;2026-09-07 07:40;2026-09-14 06:30;voltou entre varreduras;quedas gravadas;15,0;;;;;;;
pv;Fazenda Limão;FZL100;Inversor 1.4;Ipv32;Ipv29–32;18;2026-09-23 08:30;2026-09-25 06:20;voltou entre varreduras;quedas gravadas;1,0;;;;;;;
pv;Fazenda Limão;FZL100;Inversor 1.4;Ipv32;Ipv29–32;18;2026-09-25 10:00;2026-09-27 06:18;voltou entre varreduras;curva;22,3;;;;;;;
pv;Fazenda Limão;FZL100;Inversor 1.4;Ipv32;Ipv29–32;18;2026-09-27 08:10;;em aberto;curva;56,0;;;;;;;
pv;Fazenda Limão;FZL100;Inversor 1.5;Ipv29;Ipv29–32;18;2026-09-07 07:40;2026-09-14 06:30;voltou entre varreduras;quedas gravadas;15,0;;;;;;;
pv;Fazenda Limão;FZL100;Inversor 1.5;Ipv29;Ipv29–32;18;2026-09-23 08:30;2026-09-25 06:20;voltou entre varreduras;quedas gravadas;1,0;;;;;;;
pv;Fazenda Limão;FZL100;Inversor 1.5;Ipv29;Ipv29–32;18;2026-09-25 10:00;2026-09-27 06:18;voltou entre varreduras;curva;22,3;;;;;;;
pv;Fazenda Limão;FZL100;Inversor 1.5;Ipv29;Ipv29–32;18;2026-09-27 08:10;;em aberto;curva;56,0;;;;;;;
pv;Fazenda Limão;FZL100;Inversor 1.5;Ipv30;Ipv29–32;18;2026-09-07 07:40;2026-09-14 06:30;voltou entre varreduras;quedas gravadas;15,0;;;;;;;
pv;Fazenda Limão;FZL100;Inversor 1.5;Ipv30;Ipv29–32;18;2026-09-23 08:30;2026-09-25 06:20;voltou entre varreduras;quedas gravadas;1,0;;;;;;;
pv;Fazenda Limão;FZL100;Inversor 1.5;Ipv30;Ipv29–32;18;2026-09-25 10:00;2026-09-27 06:18;voltou entre varreduras;curva;22,3;;;;;;;
pv;Fazenda Limão;FZL100;Inversor 1.5;Ipv30;Ipv29–32;18;2026-09-27 08:10;;em aberto;curva;56,0;;;;;;;
pv;Fazenda Limão;FZL100;Inversor 1.5;Ipv31;Ipv29–32;18;2026-09-07 07:40;2026-09-14 06:30;voltou entre varreduras;quedas gravadas;15,0;;;;;;;
pv;Fazenda Limão;FZL100;Inversor 1.5;Ipv31;Ipv29–32;18;2026-09-23 08:30;2026-09-25 06:20;voltou entre varreduras;quedas gravadas;1,0;;;;;;;
pv;Fazenda Limão;FZL100;Inversor 1.5;Ipv31;Ipv29–32;18;2026-09-25 10:00;2026-09-27 06:18;voltou entre varreduras;curva;22,3;;;;;;;
pv;Fazenda Limão;FZL100;Inversor 1.5;Ipv31;Ipv29–32;18;2026-09-27 08:10;;em aberto;curva;56,0;;;;;;;
pv;Fazenda Limão;FZL100;Inversor 1.5;Ipv32;Ipv29–32;18;2026-09-07 07:40;2026-09-14 06:30;voltou entre varreduras;quedas gravadas;15,0;;;;;;;
pv;Fazenda Limão;FZL100;Inversor 1.5;Ipv32;Ipv29–32;18;2026-09-23 08:30;2026-09-25 06:20;voltou entre varreduras;quedas gravadas;1,0;;;;;;;
pv;Fazenda Limão;FZL100;Inversor 1.5;Ipv32;Ipv29–32;18;2026-09-25 10:00;2026-09-27 06:18;voltou entre varreduras;curva;22,3;;;;;;;
pv;Fazenda Limão;FZL100;Inversor 1.5;Ipv32;Ipv29–32;18;2026-09-27 08:10;;em aberto;curva;56,0;;;;;;;
pv;Fazenda Limão;FZL100;Inversor 1.6;Ipv29;Ipv29–32;18;2026-09-07 07:40;2026-09-14 06:30;voltou entre varreduras;quedas gravadas;15,0;;;;;;;
pv;Fazenda Limão;FZL100;Inversor 1.6;Ipv29;Ipv29–32;18;2026-09-25 10:00;2026-09-27 06:18;voltou entre varreduras;curva;22,3;;;;;;;
pv;Fazenda Limão;FZL100;Inversor 1.6;Ipv29;Ipv29–32;18;2026-09-27 08:10;;em aberto;curva;56,0;;;;;;;
pv;Fazenda Limão;FZL100;Inversor 1.6;Ipv30;Ipv29–32;18;2026-09-07 07:40;2026-09-14 06:30;voltou entre varreduras;quedas gravadas;15,0;;;;;;;
pv;Fazenda Limão;FZL100;Inversor 1.6;Ipv30;Ipv29–32;18;2026-09-25 10:00;2026-09-27 06:18;voltou entre varreduras;curva;22,3;;;;;;;
pv;Fazenda Limão;FZL100;Inversor 1.6;Ipv30;Ipv29–32;18;2026-09-27 08:10;;em aberto;curva;56,0;;;;;;;
pv;Fazenda Limão;FZL100;Inversor 1.6;Ipv31;Ipv29–32;18;2026-09-07 07:40;2026-09-14 06:30;voltou entre varreduras;quedas gravadas;15,0;;;;;;;
pv;Fazenda Limão;FZL100;Inversor 1.6;Ipv31;Ipv29–32;18;2026-09-25 10:00;2026-09-27 06:18;voltou entre varreduras;curva;22,3;;;;;;;
pv;Fazenda Limão;FZL100;Inversor 1.6;Ipv31;Ipv29–32;18;2026-09-27 08:10;;em aberto;curva;56,0;;;;;;;
pv;Fazenda Limão;FZL100;Inversor 1.6;Ipv32;Ipv29–32;18;2026-09-07 07:40;2026-09-14 06:30;voltou entre varreduras;quedas gravadas;15,0;;;;;;;
pv;Fazenda Limão;FZL100;Inversor 1.6;Ipv32;Ipv29–32;18;2026-09-25 10:00;2026-09-27 06:18;voltou entre varreduras;curva;22,3;;;;;;;
pv;Fazenda Limão;FZL100;Inversor 1.6;Ipv32;Ipv29–32;18;2026-09-27 08:10;;em aberto;curva;56,0;;;;;;;
pv;Fazenda Limão;FZL100;Inversor 1.7;Ipv29;Ipv29–32;18;2026-09-07 07:40;2026-09-14 06:30;voltou entre varreduras;quedas gravadas;15,0;;;;;;;
pv;Fazenda Limão;FZL100;Inversor 1.7;Ipv29;Ipv29–32;18;2026-09-23 08:40;2026-09-25 06:20;voltou entre varreduras;quedas gravadas;0,9;;;;;;;
pv;Fazenda Limão;FZL100;Inversor 1.7;Ipv29;Ipv29–32;18;2026-09-25 10:00;2026-09-27 06:18;voltou entre varreduras;curva;22,3;;;;;;;
pv;Fazenda Limão;FZL100;Inversor 1.7;Ipv29;Ipv29–32;18;2026-09-27 08:10;;em aberto;curva;56,0;;;;;;;
pv;Fazenda Limão;FZL100;Inversor 1.7;Ipv30;Ipv29–32;18;2026-09-07 07:40;2026-09-14 06:30;voltou entre varreduras;quedas gravadas;15,0;;;;;;;
pv;Fazenda Limão;FZL100;Inversor 1.7;Ipv30;Ipv29–32;18;2026-09-23 08:40;2026-09-25 06:20;voltou entre varreduras;quedas gravadas;0,9;;;;;;;
pv;Fazenda Limão;FZL100;Inversor 1.7;Ipv30;Ipv29–32;18;2026-09-25 10:00;2026-09-27 06:18;voltou entre varreduras;curva;22,3;;;;;;;
pv;Fazenda Limão;FZL100;Inversor 1.7;Ipv30;Ipv29–32;18;2026-09-27 08:10;;em aberto;curva;56,0;;;;;;;
pv;Fazenda Limão;FZL100;Inversor 1.7;Ipv31;Ipv29–32;18;2026-09-07 07:40;2026-09-14 06:30;voltou entre varreduras;quedas gravadas;15,0;;;;;;;
pv;Fazenda Limão;FZL100;Inversor 1.7;Ipv31;Ipv29–32;18;2026-09-23 08:40;2026-09-25 06:20;voltou entre varreduras;quedas gravadas;0,9;;;;;;;
pv;Fazenda Limão;FZL100;Inversor 1.7;Ipv31;Ipv29–32;18;2026-09-25 10:00;2026-09-27 06:18;voltou entre varreduras;curva;22,3;;;;;;;
pv;Fazenda Limão;FZL100;Inversor 1.7;Ipv31;Ipv29–32;18;2026-09-27 08:10;;em aberto;curva;56,0;;;;;;;
pv;Fazenda Limão;FZL100;Inversor 1.7;Ipv32;Ipv29–32;18;2026-09-07 07:40;2026-09-14 06:30;voltou entre varreduras;quedas gravadas;15,0;;;;;;;
pv;Fazenda Limão;FZL100;Inversor 1.7;Ipv32;Ipv29–32;18;2026-09-23 08:40;2026-09-25 06:20;voltou entre varreduras;quedas gravadas;0,9;;;;;;;
pv;Fazenda Limão;FZL100;Inversor 1.7;Ipv32;Ipv29–32;18;2026-09-25 10:00;2026-09-27 06:18;voltou entre varreduras;curva;22,3;;;;;;;
pv;Fazenda Limão;FZL100;Inversor 1.7;Ipv32;Ipv29–32;18;2026-09-27 08:10;;em aberto;curva;56,0;;;;;;;
pv;Fazenda Limão;FZL100;Inversor 1.8;Ipv29;Ipv29–32;18;2026-09-07 07:40;2026-09-14 06:30;voltou entre varreduras;quedas gravadas;15,0;;;;;;;
pv;Fazenda Limão;FZL100;Inversor 1.8;Ipv29;Ipv29–32;18;2026-09-23 08:40;2026-09-25 06:20;voltou entre varreduras;quedas gravadas;0,9;;;;;;;
pv;Fazenda Limão;FZL100;Inversor 1.8;Ipv29;Ipv29–32;18;2026-09-25 09:30;2026-09-27 06:18;voltou entre varreduras;curva;24,0;;;;;;;
pv;Fazenda Limão;FZL100;Inversor 1.8;Ipv29;Ipv29–32;18;2026-09-27 08:10;;em aberto;curva;56,0;;;;;;;
pv;Fazenda Limão;FZL100;Inversor 1.8;Ipv30;Ipv29–32;18;2026-09-07 07:40;2026-09-14 06:30;voltou entre varreduras;quedas gravadas;15,0;;;;;;;
pv;Fazenda Limão;FZL100;Inversor 1.8;Ipv30;Ipv29–32;18;2026-09-23 08:40;2026-09-25 06:20;voltou entre varreduras;quedas gravadas;0,9;;;;;;;
pv;Fazenda Limão;FZL100;Inversor 1.8;Ipv30;Ipv29–32;18;2026-09-25 09:30;2026-09-27 06:18;voltou entre varreduras;curva;24,0;;;;;;;
pv;Fazenda Limão;FZL100;Inversor 1.8;Ipv30;Ipv29–32;18;2026-09-27 08:10;;em aberto;curva;56,0;;;;;;;
pv;Fazenda Limão;FZL100;Inversor 1.8;Ipv31;Ipv29–32;18;2026-09-07 07:40;2026-09-14 06:30;voltou entre varreduras;quedas gravadas;15,0;;;;;;;
pv;Fazenda Limão;FZL100;Inversor 1.8;Ipv31;Ipv29–32;18;2026-09-23 08:40;2026-09-25 06:20;voltou entre varreduras;quedas gravadas;0,9;;;;;;;
pv;Fazenda Limão;FZL100;Inversor 1.8;Ipv31;Ipv29–32;18;2026-09-25 09:30;2026-09-27 06:18;voltou entre varreduras;curva;24,0;;;;;;;
pv;Fazenda Limão;FZL100;Inversor 1.8;Ipv31;Ipv29–32;18;2026-09-27 08:10;;em aberto;curva;56,0;;;;;;;
pv;Fazenda Limão;FZL100;Inversor 1.8;Ipv32;Ipv29–32;18;2026-09-07 07:40;2026-09-14 06:30;voltou entre varreduras;quedas gravadas;15,0;;;;;;;
pv;Fazenda Limão;FZL100;Inversor 1.8;Ipv32;Ipv29–32;18;2026-09-23 08:40;2026-09-25 06:20;voltou entre varreduras;quedas gravadas;0,9;;;;;;;
pv;Fazenda Limão;FZL100;Inversor 1.8;Ipv32;Ipv29–32;18;2026-09-25 09:30;2026-09-27 06:18;voltou entre varreduras;curva;24,0;;;;;;;
pv;Fazenda Limão;FZL100;Inversor 1.8;Ipv32;Ipv29–32;18;2026-09-27 08:10;;em aberto;curva;56,0;;;;;;;
pv;Fazenda Limão;FZL100;Inversor 1.9;Ipv29;Ipv29–32;18;2026-09-07 07:40;2026-09-14 06:30;voltou entre varreduras;quedas gravadas;15,0;;;;;;;
pv;Fazenda Limão;FZL100;Inversor 1.9;Ipv29;Ipv29–32;18;2026-09-23 08:30;2026-09-25 06:20;voltou entre varreduras;quedas gravadas;1,0;;;;;;;
pv;Fazenda Limão;FZL100;Inversor 1.9;Ipv29;Ipv29–32;18;2026-09-25 10:00;2026-09-27 06:18;voltou entre varreduras;curva;22,3;;;;;;;
pv;Fazenda Limão;FZL100;Inversor 1.9;Ipv29;Ipv29–32;18;2026-09-27 08:20;;em aberto;curva;55,1;;;;;;;
pv;Fazenda Limão;FZL100;Inversor 1.9;Ipv30;Ipv29–32;18;2026-09-07 07:40;2026-09-14 06:30;voltou entre varreduras;quedas gravadas;15,0;;;;;;;
pv;Fazenda Limão;FZL100;Inversor 1.9;Ipv30;Ipv29–32;18;2026-09-23 08:30;2026-09-25 06:20;voltou entre varreduras;quedas gravadas;1,0;;;;;;;
pv;Fazenda Limão;FZL100;Inversor 1.9;Ipv30;Ipv29–32;18;2026-09-25 10:00;2026-09-27 06:18;voltou entre varreduras;curva;22,3;;;;;;;
pv;Fazenda Limão;FZL100;Inversor 1.9;Ipv30;Ipv29–32;18;2026-09-27 08:20;;em aberto;curva;55,1;;;;;;;
pv;Fazenda Limão;FZL100;Inversor 1.9;Ipv31;Ipv29–32;18;2026-09-07 07:40;2026-09-14 06:30;voltou entre varreduras;quedas gravadas;15,0;;;;;;;
pv;Fazenda Limão;FZL100;Inversor 1.9;Ipv31;Ipv29–32;18;2026-09-23 08:30;2026-09-25 06:20;voltou entre varreduras;quedas gravadas;1,0;;;;;;;
pv;Fazenda Limão;FZL100;Inversor 1.9;Ipv31;Ipv29–32;18;2026-09-25 10:00;2026-09-27 06:18;voltou entre varreduras;curva;22,3;;;;;;;
pv;Fazenda Limão;FZL100;Inversor 1.9;Ipv31;Ipv29–32;18;2026-09-27 08:20;;em aberto;curva;55,1;;;;;;;
pv;Fazenda Limão;FZL100;Inversor 1.9;Ipv32;Ipv29–32;18;2026-09-07 07:40;2026-09-14 06:30;voltou entre varreduras;quedas gravadas;15,0;;;;;;;
pv;Fazenda Limão;FZL100;Inversor 1.9;Ipv32;Ipv29–32;18;2026-09-23 08:30;2026-09-25 06:20;voltou entre varreduras;quedas gravadas;1,0;;;;;;;
pv;Fazenda Limão;FZL100;Inversor 1.9;Ipv32;Ipv29–32;18;2026-09-25 10:00;2026-09-27 06:18;voltou entre varreduras;curva;22,3;;;;;;;
pv;Fazenda Limão;FZL100;Inversor 1.9;Ipv32;Ipv29–32;18;2026-09-27 08:20;;em aberto;curva;55,1;;;;;;;
pv;Fazenda Limão;FZL100;Inversor 2.1;Ipv29;Ipv29–32;18;2026-09-25 10:10;2026-09-27 06:18;voltou entre varreduras;curva;21,7;;;;;;;
pv;Fazenda Limão;FZL100;Inversor 2.1;Ipv29;Ipv29–32;18;2026-09-27 08:20;;em aberto;curva;55,1;;;;;;;
pv;Fazenda Limão;FZL100;Inversor 2.1;Ipv30;Ipv29–32;18;2026-09-25 10:10;2026-09-27 06:18;voltou entre varreduras;curva;21,7;;;;;;;
pv;Fazenda Limão;FZL100;Inversor 2.1;Ipv30;Ipv29–32;18;2026-09-27 08:20;;em aberto;curva;55,1;;;;;;;
pv;Fazenda Limão;FZL100;Inversor 2.1;Ipv31;Ipv29–32;18;2026-09-25 10:10;2026-09-27 06:18;voltou entre varreduras;curva;21,7;;;;;;;
pv;Fazenda Limão;FZL100;Inversor 2.1;Ipv31;Ipv29–32;18;2026-09-27 08:20;;em aberto;curva;55,1;;;;;;;
pv;Fazenda Limão;FZL100;Inversor 2.1;Ipv32;Ipv29–32;18;2026-09-25 10:10;2026-09-27 06:18;voltou entre varreduras;curva;21,7;;;;;;;
pv;Fazenda Limão;FZL100;Inversor 2.1;Ipv32;Ipv29–32;18;2026-09-27 08:20;;em aberto;curva;55,1;;;;;;;
pv;Fazenda Limão;FZL100;Inversor 2.10;Ipv29;Ipv29–32;20;2026-09-25 10:10;2026-09-27 06:18;voltou entre varreduras;curva;19,5;;;;;;;
pv;Fazenda Limão;FZL100;Inversor 2.10;Ipv29;Ipv29–32;20;2026-09-27 08:20;;em aberto;curva;49,6;;;;;;;
pv;Fazenda Limão;FZL100;Inversor 2.10;Ipv30;Ipv29–32;20;2026-09-25 10:10;2026-09-27 06:18;voltou entre varreduras;curva;19,5;;;;;;;
pv;Fazenda Limão;FZL100;Inversor 2.10;Ipv30;Ipv29–32;20;2026-09-27 08:20;;em aberto;curva;49,6;;;;;;;
pv;Fazenda Limão;FZL100;Inversor 2.10;Ipv31;Ipv29–32;20;2026-09-25 10:10;2026-09-27 06:18;voltou entre varreduras;curva;19,5;;;;;;;
pv;Fazenda Limão;FZL100;Inversor 2.10;Ipv31;Ipv29–32;20;2026-09-27 08:20;;em aberto;curva;49,6;;;;;;;
pv;Fazenda Limão;FZL100;Inversor 2.10;Ipv32;Ipv29–32;20;2026-09-25 10:10;2026-09-27 06:18;voltou entre varreduras;curva;19,5;;;;;;;
pv;Fazenda Limão;FZL100;Inversor 2.10;Ipv32;Ipv29–32;20;2026-09-27 08:20;;em aberto;curva;49,6;;;;;;;
pv;Fazenda Limão;FZL100;Inversor 2.2;Ipv29;Ipv29–32;18;2026-09-25 10:10;2026-09-27 06:18;voltou entre varreduras;curva;21,7;;;;;;;
pv;Fazenda Limão;FZL100;Inversor 2.2;Ipv29;Ipv29–32;18;2026-09-27 08:10;;em aberto;curva;56,0;;;;;;;
pv;Fazenda Limão;FZL100;Inversor 2.2;Ipv30;Ipv29–32;18;2026-09-25 10:10;2026-09-27 06:18;voltou entre varreduras;curva;21,7;;;;;;;
pv;Fazenda Limão;FZL100;Inversor 2.2;Ipv30;Ipv29–32;18;2026-09-27 08:10;;em aberto;curva;56,0;;;;;;;
pv;Fazenda Limão;FZL100;Inversor 2.2;Ipv31;Ipv29–32;18;2026-09-25 10:10;2026-09-27 06:18;voltou entre varreduras;curva;21,7;;;;;;;
pv;Fazenda Limão;FZL100;Inversor 2.2;Ipv31;Ipv29–32;18;2026-09-27 08:10;;em aberto;curva;56,0;;;;;;;
pv;Fazenda Limão;FZL100;Inversor 2.2;Ipv32;Ipv29–32;18;2026-09-25 10:10;2026-09-27 06:18;voltou entre varreduras;curva;21,7;;;;;;;
pv;Fazenda Limão;FZL100;Inversor 2.2;Ipv32;Ipv29–32;18;2026-09-27 08:10;;em aberto;curva;56,0;;;;;;;
pv;Fazenda Limão;FZL100;Inversor 2.3;Ipv29;Ipv29–32;18;2026-09-25 10:10;;em aberto;curva;142,2;;;;;;;
pv;Fazenda Limão;FZL100;Inversor 2.3;Ipv30;Ipv29–32;18;2026-09-25 10:10;;em aberto;curva;142,2;;;;;;;
pv;Fazenda Limão;FZL100;Inversor 2.3;Ipv31;Ipv29–32;18;2026-09-25 10:10;;em aberto;curva;142,2;;;;;;;
pv;Fazenda Limão;FZL100;Inversor 2.3;Ipv32;Ipv29–32;18;2026-09-25 10:10;;em aberto;curva;142,2;;;;;;;
pv;Fazenda Limão;FZL100;Inversor 2.4;Ipv29;Ipv29–32;18;2026-09-25 10:10;;em aberto;curva;142,2;;;;;;;
pv;Fazenda Limão;FZL100;Inversor 2.4;Ipv30;Ipv29–32;18;2026-09-25 10:10;;em aberto;curva;142,2;;;;;;;
pv;Fazenda Limão;FZL100;Inversor 2.4;Ipv31;Ipv29–32;18;2026-09-25 10:10;;em aberto;curva;142,2;;;;;;;
pv;Fazenda Limão;FZL100;Inversor 2.4;Ipv32;Ipv29–32;18;2026-09-25 10:10;;em aberto;curva;142,2;;;;;;;
pv;Fazenda Limão;FZL100;Inversor 2.5;Ipv29;Ipv29–32;18;2026-09-25 10:10;2026-09-27 06:18;voltou entre varreduras;curva;21,7;;;;;;;
pv;Fazenda Limão;FZL100;Inversor 2.5;Ipv29;Ipv29–32;18;2026-09-27 08:10;;em aberto;curva;56,0;;;;;;;
pv;Fazenda Limão;FZL100;Inversor 2.5;Ipv30;Ipv29–32;18;2026-09-25 10:10;2026-09-27 06:18;voltou entre varreduras;curva;21,7;;;;;;;
pv;Fazenda Limão;FZL100;Inversor 2.5;Ipv30;Ipv29–32;18;2026-09-27 08:10;;em aberto;curva;56,0;;;;;;;
pv;Fazenda Limão;FZL100;Inversor 2.5;Ipv31;Ipv29–32;18;2026-09-25 10:10;2026-09-27 06:18;voltou entre varreduras;curva;21,7;;;;;;;
pv;Fazenda Limão;FZL100;Inversor 2.5;Ipv31;Ipv29–32;18;2026-09-27 08:10;;em aberto;curva;56,0;;;;;;;
pv;Fazenda Limão;FZL100;Inversor 2.5;Ipv32;Ipv29–32;18;2026-09-25 10:10;2026-09-27 06:18;voltou entre varreduras;curva;21,7;;;;;;;
pv;Fazenda Limão;FZL100;Inversor 2.5;Ipv32;Ipv29–32;18;2026-09-27 08:10;;em aberto;curva;56,0;;;;;;;
pv;Fazenda Limão;FZL100;Inversor 2.6;Ipv29;Ipv29–32;18;2026-09-25 10:10;;em aberto;curva;142,2;;;;;;;
pv;Fazenda Limão;FZL100;Inversor 2.6;Ipv30;Ipv29–32;18;2026-09-25 10:10;;em aberto;curva;142,2;;;;;;;
pv;Fazenda Limão;FZL100;Inversor 2.6;Ipv31;Ipv29–32;18;2026-09-25 10:10;;em aberto;curva;142,2;;;;;;;
pv;Fazenda Limão;FZL100;Inversor 2.6;Ipv32;Ipv29–32;18;2026-09-25 10:10;;em aberto;curva;142,2;;;;;;;
pv;Fazenda Limão;FZL100;Inversor 2.7;Ipv29;Ipv29–32;18;2026-09-25 10:10;2026-09-27 06:18;voltou entre varreduras;curva;21,7;;;;;;;
pv;Fazenda Limão;FZL100;Inversor 2.7;Ipv29;Ipv29–32;18;2026-09-27 08:10;;em aberto;curva;56,0;;;;;;;
pv;Fazenda Limão;FZL100;Inversor 2.7;Ipv30;Ipv29–32;18;2026-09-25 10:10;2026-09-27 06:18;voltou entre varreduras;curva;21,7;;;;;;;
pv;Fazenda Limão;FZL100;Inversor 2.7;Ipv30;Ipv29–32;18;2026-09-27 08:10;;em aberto;curva;56,0;;;;;;;
pv;Fazenda Limão;FZL100;Inversor 2.7;Ipv31;Ipv29–32;18;2026-09-25 10:10;2026-09-27 06:18;voltou entre varreduras;curva;21,7;;;;;;;
pv;Fazenda Limão;FZL100;Inversor 2.7;Ipv31;Ipv29–32;18;2026-09-27 08:10;;em aberto;curva;56,0;;;;;;;
pv;Fazenda Limão;FZL100;Inversor 2.7;Ipv32;Ipv29–32;18;2026-09-25 10:10;2026-09-27 06:18;voltou entre varreduras;curva;21,7;;;;;;;
pv;Fazenda Limão;FZL100;Inversor 2.7;Ipv32;Ipv29–32;18;2026-09-27 08:10;;em aberto;curva;56,0;;;;;;;
pv;Fazenda Limão;FZL100;Inversor 2.8;Ipv29;Ipv29–32;18;2026-09-25 10:10;2026-09-27 06:18;voltou entre varreduras;curva;21,7;;;;;;;
pv;Fazenda Limão;FZL100;Inversor 2.8;Ipv29;Ipv29–32;18;2026-09-27 08:10;;em aberto;curva;56,0;;;;;;;
pv;Fazenda Limão;FZL100;Inversor 2.8;Ipv30;Ipv29–32;18;2026-09-25 10:10;2026-09-27 06:18;voltou entre varreduras;curva;21,7;;;;;;;
pv;Fazenda Limão;FZL100;Inversor 2.8;Ipv30;Ipv29–32;18;2026-09-27 08:10;;em aberto;curva;56,0;;;;;;;
pv;Fazenda Limão;FZL100;Inversor 2.8;Ipv31;Ipv29–32;18;2026-09-25 10:10;2026-09-27 06:18;voltou entre varreduras;curva;21,7;;;;;;;
pv;Fazenda Limão;FZL100;Inversor 2.8;Ipv31;Ipv29–32;18;2026-09-27 08:10;;em aberto;curva;56,0;;;;;;;
pv;Fazenda Limão;FZL100;Inversor 2.8;Ipv32;Ipv29–32;18;2026-09-25 10:10;2026-09-27 06:18;voltou entre varreduras;curva;21,7;;;;;;;
pv;Fazenda Limão;FZL100;Inversor 2.8;Ipv32;Ipv29–32;18;2026-09-27 08:10;;em aberto;curva;56,0;;;;;;;
pv;Fazenda Limão;FZL100;Inversor 2.9;Ipv29;Ipv29–32;18;2026-09-25 10:10;2026-09-27 06:18;voltou entre varreduras;curva;21,7;;;;;;;
pv;Fazenda Limão;FZL100;Inversor 2.9;Ipv29;Ipv29–32;18;2026-09-27 08:10;;em aberto;curva;56,0;;;;;;;
pv;Fazenda Limão;FZL100;Inversor 2.9;Ipv30;Ipv29–32;18;2026-09-25 10:10;2026-09-27 06:18;voltou entre varreduras;curva;21,7;;;;;;;
pv;Fazenda Limão;FZL100;Inversor 2.9;Ipv30;Ipv29–32;18;2026-09-27 08:10;;em aberto;curva;56,0;;;;;;;
pv;Fazenda Limão;FZL100;Inversor 2.9;Ipv31;Ipv29–32;18;2026-09-25 10:10;2026-09-27 06:18;voltou entre varreduras;curva;21,7;;;;;;;
pv;Fazenda Limão;FZL100;Inversor 2.9;Ipv31;Ipv29–32;18;2026-09-27 08:10;;em aberto;curva;56,0;;;;;;;
pv;Fazenda Limão;FZL100;Inversor 2.9;Ipv32;Ipv29–32;18;2026-09-25 10:10;2026-09-27 06:18;voltou entre varreduras;curva;21,7;;;;;;;
pv;Fazenda Limão;FZL100;Inversor 2.9;Ipv32;Ipv29–32;18;2026-09-27 08:10;;em aberto;curva;56,0;;;;;;;
pv;Fazenda Limão;FZL100;Inversor 2.9;Ipv7;dentro das esperadas;18;2026-09-17 15:00;2026-09-25 06:20;voltou entre varreduras;quedas gravadas;1,9;;;;;;;
pv;Guatambu;GTB100;Inversor 1.1;Ipv16;dentro das esperadas;16;2026-09-11 12:30;2026-09-11 15:00;voltou;quedas gravadas;0,7;;;;;;;
pv;Guatambu;GTB100;Inversor 1.1;Ipv18;acima das esperadas;16;2026-09-11 12:50;2026-09-11 14:50;voltou;quedas gravadas;0,6;;;;;;;
pv;Guatambu;GTB100;Inversor 1.1;Ipv29;Ipv29–32;16;2026-09-24 07:10;;em aberto;misto;227,8;;;;;;;
pv;Guatambu;GTB100;Inversor 1.1;Ipv30;Ipv29–32;16;2026-09-24 07:10;;em aberto;misto;227,8;;;;;;;
pv;Guatambu;GTB100;Inversor 1.1;Ipv31;Ipv29–32;16;2026-09-24 07:10;;em aberto;misto;227,8;;;;;;;
pv;Guatambu;GTB100;Inversor 1.1;Ipv32;Ipv29–32;16;2026-09-24 07:10;;em aberto;misto;227,8;;;;;;;
pv;Guatambu;GTB100;Inversor 1.1;Ipv6;dentro das esperadas;16;2026-09-05 08:30;2026-09-06 07:04;voltou de madrugada;quedas gravadas;9,0;;;;;;;
pv;Guatambu;GTB100;Inversor 1.1;Ipv6;dentro das esperadas;16;2026-09-06 07:40;2026-09-09 07:00;voltou entre varreduras;quedas gravadas;61,5;;;;;;;
pv;Guatambu;GTB100;Inversor 1.1;Ipv6;dentro das esperadas;16;2026-09-09 08:00;2026-09-10 07:00;voltou de madrugada;quedas gravadas;26,5;;;;;;;
pv;Guatambu;GTB100;Inversor 1.1;Ipv6;dentro das esperadas;16;2026-09-10 07:50;2026-09-11 06:58;voltou de madrugada;quedas gravadas;13,4;;;;;;;
pv;Guatambu;GTB100;Inversor 1.1;Ipv6;dentro das esperadas;16;2026-09-11 09:10;2026-09-12 09:20;voltou;quedas gravadas;7,0;;;;;;;
pv;Guatambu;GTB100;Inversor 1.1;Ipv6;dentro das esperadas;16;2026-09-12 09:30;2026-09-14 06:54;voltou de madrugada;quedas gravadas;79,7;;;;;;;
pv;Guatambu;GTB100;Inversor 1.1;Ipv6;dentro das esperadas;16;2026-09-14 09:10;2026-09-15 06:54;voltou de madrugada;quedas gravadas;32,1;;;;;;;
pv;Guatambu;GTB100;Inversor 1.1;Ipv6;dentro das esperadas;16;2026-09-15 09:10;;em aberto;misto;695,2;;;;;;;
pv;Guatambu;GTB100;Inversor 1.2;Ipv16;dentro das esperadas;16;2026-09-11 12:30;2026-09-11 14:50;voltou;quedas gravadas;0,7;;;;;;;
pv;Guatambu;GTB100;Inversor 1.2;Ipv18;acima das esperadas;16;2026-09-05 08:30;2026-09-06 07:04;voltou de madrugada;quedas gravadas;9,0;;;;;;;
pv;Guatambu;GTB100;Inversor 1.2;Ipv18;acima das esperadas;16;2026-09-06 08:10;2026-09-09 07:00;voltou entre varreduras;quedas gravadas;59,8;;;;;;;
pv;Guatambu;GTB100;Inversor 1.2;Ipv18;acima das esperadas;16;2026-09-09 08:00;2026-09-10 07:00;voltou de madrugada;quedas gravadas;26,5;;;;;;;
pv;Guatambu;GTB100;Inversor 1.2;Ipv18;acima das esperadas;16;2026-09-10 07:50;2026-09-11 06:58;voltou de madrugada;quedas gravadas;13,4;;;;;;;
pv;Guatambu;GTB100;Inversor 1.2;Ipv18;acima das esperadas;16;2026-09-11 09:10;2026-09-14 06:54;voltou de madrugada;quedas gravadas;87,6;;;;;;;
pv;Guatambu;GTB100;Inversor 1.2;Ipv18;acima das esperadas;16;2026-09-14 08:30;2026-09-15 06:54;voltou de madrugada;quedas gravadas;34,2;;;;;;;
pv;Guatambu;GTB100;Inversor 1.2;Ipv18;acima das esperadas;16;2026-09-15 09:10;;em aberto;misto;697,2;;;;;;;
pv;Guatambu;GTB100;Inversor 1.2;Ipv29;Ipv29–32;16;2026-09-24 07:00;;em aberto;misto;228,9;;;;;;;
pv;Guatambu;GTB100;Inversor 1.2;Ipv30;Ipv29–32;16;2026-09-24 07:00;;em aberto;misto;228,9;;;;;;;
pv;Guatambu;GTB100;Inversor 1.2;Ipv31;Ipv29–32;16;2026-09-24 07:00;;em aberto;misto;228,9;;;;;;;
pv;Guatambu;GTB100;Inversor 1.2;Ipv32;Ipv29–32;16;2026-09-24 07:00;;em aberto;misto;228,9;;;;;;;
pv;Guatambu;GTB100;Inversor 1.3;Ipv2;dentro das esperadas;16;2026-09-05 08:30;2026-09-06 07:04;voltou de madrugada;quedas gravadas;11,9;;;;;;;
pv;Guatambu;GTB100;Inversor 1.3;Ipv2;dentro das esperadas;16;2026-09-06 08:20;2026-09-09 07:00;voltou entre varreduras;quedas gravadas;78,8;;;;;;;
pv;Guatambu;GTB100;Inversor 1.3;Ipv2;dentro das esperadas;16;2026-09-09 08:00;2026-09-10 07:00;voltou de madrugada;quedas gravadas;35,3;;;;;;;
pv;Guatambu;GTB100;Inversor 1.3;Ipv2;dentro das esperadas;16;2026-09-10 07:40;2026-09-11 06:58;voltou de madrugada;quedas gravadas;18,0;;;;;;;
pv;Guatambu;GTB100;Inversor 1.3;Ipv2;dentro das esperadas;16;2026-09-11 09:10;2026-09-12 06:58;voltou de madrugada;quedas gravadas;2,8;;;;;;;
pv;Guatambu;GTB100;Inversor 1.3;Ipv2;dentro das esperadas;16;2026-09-12 08:50;2026-09-13 06:56;voltou de madrugada;quedas gravadas;44,8;;;;;;;
pv;Guatambu;GTB100;Inversor 1.3;Ipv2;dentro das esperadas;16;2026-09-13 08:20;2026-09-14 06:54;voltou de madrugada;quedas gravadas;61,1;;;;;;;
pv;Guatambu;GTB100;Inversor 1.3;Ipv2;dentro das esperadas;16;2026-09-14 08:30;2026-09-15 06:54;voltou de madrugada;quedas gravadas;45,6;;;;;;;
pv;Guatambu;GTB100;Inversor 1.3;Ipv2;dentro das esperadas;16;2026-09-15 08:10;2026-09-16 06:52;voltou de madrugada;quedas gravadas;65,5;;;;;;;
pv;Guatambu;GTB100;Inversor 1.3;Ipv2;dentro das esperadas;16;2026-09-16 08:20;2026-09-17 06:52;voltou de madrugada;quedas gravadas;94,1;;;;;;;
pv;Guatambu;GTB100;Inversor 1.3;Ipv2;dentro das esperadas;16;2026-09-17 08:20;2026-09-25 06:42;voltou de madrugada;quedas gravadas;543,3;;;;;;;
pv;Guatambu;GTB100;Inversor 1.3;Ipv2;dentro das esperadas;16;2026-09-25 08:30;2026-09-27 06:40;voltou entre varreduras;curva;72,0;;;;;;;
pv;Guatambu;GTB100;Inversor 1.3;Ipv2;dentro das esperadas;16;2026-09-27 08:30;;em aberto;curva;64,8;;;;;;;
pv;Guatambu;GTB100;Inversor 1.3;Ipv29;Ipv29–32;16;2026-09-25 08:30;2026-09-27 06:40;voltou entre varreduras;curva;72,0;;;;;;;
pv;Guatambu;GTB100;Inversor 1.3;Ipv29;Ipv29–32;16;2026-09-27 08:30;;em aberto;curva;64,8;;;;;;;
pv;Guatambu;GTB100;Inversor 1.3;Ipv30;Ipv29–32;16;2026-09-25 08:30;2026-09-27 06:40;voltou entre varreduras;curva;72,0;;;;;;;
pv;Guatambu;GTB100;Inversor 1.3;Ipv30;Ipv29–32;16;2026-09-27 08:30;;em aberto;curva;64,8;;;;;;;
pv;Guatambu;GTB100;Inversor 1.3;Ipv31;Ipv29–32;16;2026-09-25 08:30;2026-09-27 06:40;voltou entre varreduras;curva;72,0;;;;;;;
pv;Guatambu;GTB100;Inversor 1.3;Ipv31;Ipv29–32;16;2026-09-27 08:30;;em aberto;curva;64,8;;;;;;;
pv;Guatambu;GTB100;Inversor 1.3;Ipv32;Ipv29–32;16;2026-09-25 08:30;2026-09-27 06:40;voltou entre varreduras;curva;72,0;;;;;;;
pv;Guatambu;GTB100;Inversor 1.3;Ipv32;Ipv29–32;16;2026-09-27 08:30;;em aberto;curva;64,8;;;;;;;
pv;Guatambu;GTB100;Inversor 2.1;Ipv29;Ipv29–32;16;2026-09-25 08:40;2026-09-27 06:40;voltou entre varreduras;curva;53,2;;;;;;;
pv;Guatambu;GTB100;Inversor 2.1;Ipv29;Ipv29–32;16;2026-09-27 08:20;;em aberto;curva;49,2;;;;;;;
pv;Guatambu;GTB100;Inversor 2.1;Ipv30;Ipv29–32;16;2026-09-25 08:40;2026-09-27 06:40;voltou entre varreduras;curva;53,2;;;;;;;
pv;Guatambu;GTB100;Inversor 2.1;Ipv30;Ipv29–32;16;2026-09-27 08:20;;em aberto;curva;49,2;;;;;;;
pv;Guatambu;GTB100;Inversor 2.1;Ipv31;Ipv29–32;16;2026-09-25 08:40;2026-09-27 06:40;voltou entre varreduras;curva;53,2;;;;;;;
pv;Guatambu;GTB100;Inversor 2.1;Ipv31;Ipv29–32;16;2026-09-27 08:20;;em aberto;curva;49,2;;;;;;;
pv;Guatambu;GTB100;Inversor 2.1;Ipv32;Ipv29–32;16;2026-09-25 08:40;2026-09-27 06:40;voltou entre varreduras;curva;53,2;;;;;;;
pv;Guatambu;GTB100;Inversor 2.1;Ipv32;Ipv29–32;16;2026-09-27 08:20;;em aberto;curva;49,2;;;;;;;
pv;Guatambu;GTB100;Inversor 2.2;Ipv16;dentro das esperadas;16;2026-09-05 08:30;2026-09-06 07:04;voltou de madrugada;quedas gravadas;9,0;;;;;;;
pv;Guatambu;GTB100;Inversor 2.2;Ipv16;dentro das esperadas;16;2026-09-06 07:40;2026-09-09 07:00;voltou entre varreduras;quedas gravadas;61,5;;;;;;;
pv;Guatambu;GTB100;Inversor 2.2;Ipv16;dentro das esperadas;16;2026-09-09 08:00;2026-09-10 07:00;voltou de madrugada;quedas gravadas;26,5;;;;;;;
pv;Guatambu;GTB100;Inversor 2.2;Ipv16;dentro das esperadas;16;2026-09-10 07:50;2026-09-11 06:58;voltou de madrugada;quedas gravadas;13,4;;;;;;;
pv;Guatambu;GTB100;Inversor 2.2;Ipv16;dentro das esperadas;16;2026-09-11 09:10;2026-09-12 06:58;voltou de madrugada;quedas gravadas;2,1;;;;;;;
pv;Guatambu;GTB100;Inversor 2.2;Ipv16;dentro das esperadas;16;2026-09-12 08:50;2026-09-14 06:54;voltou de madrugada;quedas gravadas;82,0;;;;;;;
pv;Guatambu;GTB100;Inversor 2.2;Ipv16;dentro das esperadas;16;2026-09-14 09:10;2026-09-15 06:54;voltou de madrugada;quedas gravadas;32,1;;;;;;;
pv;Guatambu;GTB100;Inversor 2.2;Ipv16;dentro das esperadas;16;2026-09-15 09:10;;em aberto;misto;696,9;;;;;;;
pv;Guatambu;GTB100;Inversor 2.2;Ipv29;Ipv29–32;16;2026-09-25 07:20;;em aberto;curva;164,0;;;;;;;
pv;Guatambu;GTB100;Inversor 2.2;Ipv30;Ipv29–32;16;2026-09-25 07:20;;em aberto;curva;164,0;;;;;;;
pv;Guatambu;GTB100;Inversor 2.2;Ipv31;Ipv29–32;16;2026-09-25 07:20;;em aberto;curva;164,0;;;;;;;
pv;Guatambu;GTB100;Inversor 2.2;Ipv32;Ipv29–32;16;2026-09-25 07:20;;em aberto;curva;164,0;;;;;;;
pv;Guatambu;GTB100;Inversor 2.3;Ipv29;Ipv29–32;16;2026-09-25 07:10;;em aberto;curva;219,7;;;;;;;
pv;Guatambu;GTB100;Inversor 2.3;Ipv30;Ipv29–32;16;2026-09-25 07:10;;em aberto;curva;219,7;;;;;;;
pv;Guatambu;GTB100;Inversor 2.3;Ipv31;Ipv29–32;16;2026-09-25 07:10;;em aberto;curva;219,7;;;;;;;
pv;Guatambu;GTB100;Inversor 2.3;Ipv32;Ipv29–32;16;2026-09-25 07:10;;em aberto;curva;219,7;;;;;;;
pv;Guatambu;GTB100;Inversor 2.4;Ipv29;Ipv29–32;16;2026-09-25 07:10;;em aberto;curva;219,7;;;;;;;
pv;Guatambu;GTB100;Inversor 2.4;Ipv30;Ipv29–32;16;2026-09-25 07:10;;em aberto;curva;219,7;;;;;;;
pv;Guatambu;GTB100;Inversor 2.4;Ipv31;Ipv29–32;16;2026-09-25 07:10;;em aberto;curva;219,7;;;;;;;
pv;Guatambu;GTB100;Inversor 2.4;Ipv32;Ipv29–32;16;2026-09-25 07:10;;em aberto;curva;219,7;;;;;;;
pv;Guatambu;GTB100;Inversor 2.5;Ipv1;dentro das esperadas;16;2026-09-25 07:30;;em aberto;curva;217,6;;;;;;;
pv;Guatambu;GTB100;Inversor 2.5;Ipv16;dentro das esperadas;16;2026-09-25 07:30;;em aberto;curva;217,6;;;;;;;
pv;Guatambu;GTB100;Inversor 2.5;Ipv17;acima das esperadas;16;2026-09-25 07:30;;em aberto;curva;217,6;;;;;;;
pv;Guatambu;GTB100;Inversor 2.5;Ipv18;acima das esperadas;16;2026-09-25 07:30;;em aberto;curva;217,6;;;;;;;
pv;Guatambu;GTB100;Inversor 2.5;Ipv19;acima das esperadas;16;2026-09-25 07:30;;em aberto;curva;217,6;;;;;;;
pv;Guatambu;GTB100;Inversor 2.5;Ipv20;acima das esperadas;16;2026-09-25 07:30;;em aberto;curva;217,6;;;;;;;
pv;Guatambu;GTB100;Inversor 2.5;Ipv21;acima das esperadas;16;2026-09-25 07:30;;em aberto;curva;217,6;;;;;;;
pv;Guatambu;GTB100;Inversor 2.5;Ipv22;acima das esperadas;16;2026-09-25 07:30;;em aberto;curva;217,6;;;;;;;
pv;Guatambu;GTB100;Inversor 2.5;Ipv23;acima das esperadas;16;2026-09-25 07:30;;em aberto;curva;217,6;;;;;;;
pv;Guatambu;GTB100;Inversor 2.5;Ipv24;acima das esperadas;16;2026-09-25 07:30;;em aberto;curva;217,6;;;;;;;
pv;Guatambu;GTB100;Inversor 2.5;Ipv25;acima das esperadas;16;2026-09-25 07:30;;em aberto;curva;217,6;;;;;;;
pv;Guatambu;GTB100;Inversor 2.5;Ipv26;acima das esperadas;16;2026-09-25 07:30;;em aberto;curva;217,6;;;;;;;
pv;Guatambu;GTB100;Inversor 2.5;Ipv27;acima das esperadas;16;2026-09-25 07:30;;em aberto;curva;217,6;;;;;;;
pv;Guatambu;GTB100;Inversor 2.5;Ipv28;acima das esperadas;16;2026-09-25 07:30;;em aberto;curva;217,6;;;;;;;
pv;Guatambu;GTB100;Inversor 2.5;Ipv29;Ipv29–32;16;2026-09-25 07:30;;em aberto;curva;217,6;;;;;;;
pv;Guatambu;GTB100;Inversor 2.5;Ipv30;Ipv29–32;16;2026-09-25 07:30;;em aberto;curva;217,6;;;;;;;
pv;Guatambu;GTB100;Inversor 2.5;Ipv31;Ipv29–32;16;2026-09-25 07:30;;em aberto;curva;217,6;;;;;;;
pv;Guatambu;GTB100;Inversor 2.5;Ipv32;Ipv29–32;16;2026-09-25 07:30;;em aberto;curva;217,6;;;;;;;
pv;Guatambu;GTB100;Inversor 2.5;Ipv8;dentro das esperadas;16;2026-09-25 07:30;;em aberto;curva;217,6;;;;;;;
pv;Guatambu;GTB100;Inversor 3.1;Ipv16;dentro das esperadas;16;2026-09-11 12:40;2026-09-11 14:50;voltou;quedas gravadas;0,9;;;;;;;
pv;Guatambu;GTB100;Inversor 3.1;Ipv29;Ipv29–32;16;2026-09-24 07:40;2026-09-25 06:42;voltou de madrugada;quedas gravadas;83,1;;;;;;;
pv;Guatambu;GTB100;Inversor 3.1;Ipv29;Ipv29–32;16;2026-09-25 07:40;;em aberto;curva;217,4;;;;;;;
pv;Guatambu;GTB100;Inversor 3.1;Ipv30;Ipv29–32;16;2026-09-24 07:40;2026-09-25 06:42;voltou de madrugada;quedas gravadas;83,1;;;;;;;
pv;Guatambu;GTB100;Inversor 3.1;Ipv30;Ipv29–32;16;2026-09-25 07:40;;em aberto;curva;217,4;;;;;;;
pv;Guatambu;GTB100;Inversor 3.1;Ipv31;Ipv29–32;16;2026-09-24 07:40;2026-09-25 06:42;voltou de madrugada;quedas gravadas;83,1;;;;;;;
pv;Guatambu;GTB100;Inversor 3.1;Ipv31;Ipv29–32;16;2026-09-25 07:40;;em aberto;curva;217,4;;;;;;;
pv;Guatambu;GTB100;Inversor 3.1;Ipv32;Ipv29–32;16;2026-09-24 07:40;2026-09-25 06:42;voltou de madrugada;quedas gravadas;83,1;;;;;;;
pv;Guatambu;GTB100;Inversor 3.1;Ipv32;Ipv29–32;16;2026-09-25 07:40;;em aberto;curva;217,4;;;;;;;
pv;Guatambu;GTB100;Inversor 3.2;Ipv10;dentro das esperadas;15;2026-09-11 12:50;2026-09-11 14:50;voltou;quedas gravadas;0,8;11016;recomposição;cita outras strings;Em andamento;2026-08-11 09:34;;
pv;Guatambu;GTB100;Inversor 3.2;Ipv29;Ipv29–32;15;2026-09-24 07:20;;em aberto;misto;323,3;11016;recomposição;cita outras strings;Em andamento;2026-08-11 09:34;;
pv;Guatambu;GTB100;Inversor 3.2;Ipv30;Ipv29–32;15;2026-09-24 07:20;;em aberto;misto;323,3;11016;recomposição;cita outras strings;Em andamento;2026-08-11 09:34;;
pv;Guatambu;GTB100;Inversor 3.2;Ipv31;Ipv29–32;15;2026-09-24 07:20;;em aberto;misto;323,3;11016;recomposição;cita outras strings;Em andamento;2026-08-11 09:34;;
pv;Guatambu;GTB100;Inversor 3.2;Ipv32;Ipv29–32;15;2026-09-24 07:20;;em aberto;misto;323,3;11016;recomposição;cita outras strings;Em andamento;2026-08-11 09:34;;
pv;Guatambu;GTB100;Inversor 3.3;Ipv29;Ipv29–32;16;2026-09-24 07:20;;em aberto;misto;303,1;;;;;;;
pv;Guatambu;GTB100;Inversor 3.3;Ipv30;Ipv29–32;16;2026-09-24 07:20;;em aberto;misto;303,1;;;;;;;
pv;Guatambu;GTB100;Inversor 3.3;Ipv31;Ipv29–32;16;2026-09-24 07:20;;em aberto;misto;303,1;;;;;;;
pv;Guatambu;GTB100;Inversor 3.3;Ipv32;Ipv29–32;16;2026-09-24 07:20;;em aberto;misto;303,1;;;;;;;
pv;Guatambu;GTB100;Inversor 3.4;Ipv16;dentro das esperadas;16;2026-09-11 12:40;2026-09-11 14:50;voltou;quedas gravadas;0,9;;;;;;;
pv;Guatambu;GTB100;Inversor 3.4;Ipv29;Ipv29–32;16;2026-09-25 07:30;;em aberto;curva;218,1;;;;;;;
pv;Guatambu;GTB100;Inversor 3.4;Ipv30;Ipv29–32;16;2026-09-25 07:30;;em aberto;curva;218,1;;;;;;;
pv;Guatambu;GTB100;Inversor 3.4;Ipv31;Ipv29–32;16;2026-09-25 07:30;;em aberto;curva;218,1;;;;;;;
pv;Guatambu;GTB100;Inversor 3.4;Ipv32;Ipv29–32;16;2026-09-25 07:30;;em aberto;curva;218,1;;;;;;;
pv;Guatambu;GTB100;Inversor 3.5;Ipv29;Ipv29–32;16;2026-09-24 07:20;;em aberto;misto;151,3;;;;;;;
pv;Guatambu;GTB100;Inversor 3.5;Ipv30;Ipv29–32;16;2026-09-24 07:20;;em aberto;misto;151,3;;;;;;;
pv;Guatambu;GTB100;Inversor 3.5;Ipv31;Ipv29–32;16;2026-09-24 07:20;;em aberto;misto;151,3;;;;;;;
pv;Guatambu;GTB100;Inversor 3.5;Ipv32;Ipv29–32;16;2026-09-24 07:20;;em aberto;misto;151,3;;;;;;;
pv;Guatambu;GTB100;Inversor 4.1;Ipv29;Ipv29–32;8;2026-09-07 07:30;2026-09-09 07:00;voltou entre varreduras;quedas gravadas;92,2;;;;;;;
pv;Guatambu;GTB100;Inversor 4.1;Ipv29;Ipv29–32;8;2026-09-23 07:20;;em aberto;misto;392,5;;;;;;;
pv;Guatambu;GTB100;Inversor 4.1;Ipv30;Ipv29–32;8;2026-09-07 07:30;2026-09-09 07:00;voltou entre varreduras;quedas gravadas;92,2;;;;;;;
pv;Guatambu;GTB100;Inversor 4.1;Ipv30;Ipv29–32;8;2026-09-23 07:20;;em aberto;misto;392,5;;;;;;;
pv;Guatambu;GTB100;Inversor 4.1;Ipv31;Ipv29–32;8;2026-09-07 07:30;2026-09-09 07:00;voltou entre varreduras;quedas gravadas;92,2;;;;;;;
pv;Guatambu;GTB100;Inversor 4.1;Ipv31;Ipv29–32;8;2026-09-23 07:20;;em aberto;misto;392,5;;;;;;;
pv;Guatambu;GTB100;Inversor 4.1;Ipv32;Ipv29–32;8;2026-09-07 07:30;2026-09-09 07:00;voltou entre varreduras;quedas gravadas;92,2;;;;;;;
pv;Guatambu;GTB100;Inversor 4.1;Ipv32;Ipv29–32;8;2026-09-23 07:20;;em aberto;misto;392,5;;;;;;;
pv;Guatambu;GTB100;inversor 4.10;Ipv29;Ipv29–32;16;2026-09-07 07:40;2026-09-09 07:00;voltou entre varreduras;quedas gravadas;91,5;;;;;;;
pv;Guatambu;GTB100;inversor 4.10;Ipv29;Ipv29–32;16;2026-09-23 07:30;;em aberto;misto;390,7;;;;;;;
pv;Guatambu;GTB100;inversor 4.10;Ipv30;Ipv29–32;16;2026-09-07 07:40;2026-09-09 07:00;voltou entre varreduras;quedas gravadas;91,5;;;;;;;
pv;Guatambu;GTB100;inversor 4.10;Ipv30;Ipv29–32;16;2026-09-23 07:30;;em aberto;misto;390,7;;;;;;;
pv;Guatambu;GTB100;inversor 4.10;Ipv31;Ipv29–32;16;2026-09-07 07:40;2026-09-09 07:00;voltou entre varreduras;quedas gravadas;91,5;;;;;;;
pv;Guatambu;GTB100;inversor 4.10;Ipv31;Ipv29–32;16;2026-09-23 07:30;;em aberto;misto;390,7;;;;;;;
pv;Guatambu;GTB100;inversor 4.10;Ipv32;Ipv29–32;16;2026-09-07 07:40;2026-09-09 07:00;voltou entre varreduras;quedas gravadas;91,5;;;;;;;
pv;Guatambu;GTB100;inversor 4.10;Ipv32;Ipv29–32;16;2026-09-23 07:30;;em aberto;misto;390,7;;;;;;;
pv;Guatambu;GTB100;inversor 4.11;Ipv29;Ipv29–32;16;2026-09-07 07:30;2026-09-09 07:00;voltou entre varreduras;quedas gravadas;92,2;;;;;;;
pv;Guatambu;GTB100;inversor 4.11;Ipv29;Ipv29–32;16;2026-09-23 07:30;;em aberto;misto;391,9;;;;;;;
pv;Guatambu;GTB100;inversor 4.11;Ipv30;Ipv29–32;16;2026-09-07 07:30;2026-09-09 07:00;voltou entre varreduras;quedas gravadas;92,2;;;;;;;
pv;Guatambu;GTB100;inversor 4.11;Ipv30;Ipv29–32;16;2026-09-23 07:30;;em aberto;misto;391,9;;;;;;;
pv;Guatambu;GTB100;inversor 4.11;Ipv31;Ipv29–32;16;2026-09-07 07:30;2026-09-09 07:00;voltou entre varreduras;quedas gravadas;92,2;;;;;;;
pv;Guatambu;GTB100;inversor 4.11;Ipv31;Ipv29–32;16;2026-09-23 07:30;;em aberto;misto;391,9;;;;;;;
pv;Guatambu;GTB100;inversor 4.11;Ipv32;Ipv29–32;16;2026-09-07 07:30;2026-09-09 07:00;voltou entre varreduras;quedas gravadas;92,2;;;;;;;
pv;Guatambu;GTB100;inversor 4.11;Ipv32;Ipv29–32;16;2026-09-23 07:30;;em aberto;misto;391,9;;;;;;;
pv;Guatambu;GTB100;inversor 4.12;Ipv29;Ipv29–32;16;2026-09-07 07:30;2026-09-09 07:00;voltou entre varreduras;quedas gravadas;92,2;;;;;;;
pv;Guatambu;GTB100;inversor 4.12;Ipv29;Ipv29–32;16;2026-09-23 07:30;;em aberto;misto;390,7;;;;;;;
pv;Guatambu;GTB100;inversor 4.12;Ipv30;Ipv29–32;16;2026-09-07 07:30;2026-09-09 07:00;voltou entre varreduras;quedas gravadas;92,2;;;;;;;
pv;Guatambu;GTB100;inversor 4.12;Ipv30;Ipv29–32;16;2026-09-23 07:30;;em aberto;misto;390,7;;;;;;;
pv;Guatambu;GTB100;inversor 4.12;Ipv31;Ipv29–32;16;2026-09-07 07:30;2026-09-09 07:00;voltou entre varreduras;quedas gravadas;92,2;;;;;;;
pv;Guatambu;GTB100;inversor 4.12;Ipv31;Ipv29–32;16;2026-09-23 07:30;;em aberto;misto;390,7;;;;;;;
pv;Guatambu;GTB100;inversor 4.12;Ipv32;Ipv29–32;16;2026-09-07 07:30;2026-09-09 07:00;voltou entre varreduras;quedas gravadas;92,2;;;;;;;
pv;Guatambu;GTB100;inversor 4.12;Ipv32;Ipv29–32;16;2026-09-23 07:30;;em aberto;misto;390,7;;;;;;;
pv;Guatambu;GTB100;inversor 4.13;Ipv16;dentro das esperadas;16;2026-09-11 12:30;2026-09-11 15:00;voltou;quedas gravadas;1,0;;;;;;;
pv;Guatambu;GTB100;inversor 4.13;Ipv29;Ipv29–32;16;2026-09-07 07:30;2026-09-09 07:00;voltou entre varreduras;quedas gravadas;92,2;;;;;;;
pv;Guatambu;GTB100;inversor 4.13;Ipv29;Ipv29–32;16;2026-09-23 07:20;;em aberto;misto;392,5;;;;;;;
pv;Guatambu;GTB100;inversor 4.13;Ipv30;Ipv29–32;16;2026-09-07 07:30;2026-09-09 07:00;voltou entre varreduras;quedas gravadas;92,2;;;;;;;
pv;Guatambu;GTB100;inversor 4.13;Ipv30;Ipv29–32;16;2026-09-23 07:20;;em aberto;misto;392,5;;;;;;;
pv;Guatambu;GTB100;inversor 4.13;Ipv31;Ipv29–32;16;2026-09-07 07:30;2026-09-09 07:00;voltou entre varreduras;quedas gravadas;92,2;;;;;;;
pv;Guatambu;GTB100;inversor 4.13;Ipv31;Ipv29–32;16;2026-09-23 07:20;;em aberto;misto;392,5;;;;;;;
pv;Guatambu;GTB100;inversor 4.13;Ipv32;Ipv29–32;16;2026-09-07 07:30;2026-09-09 07:00;voltou entre varreduras;quedas gravadas;92,2;;;;;;;
pv;Guatambu;GTB100;inversor 4.13;Ipv32;Ipv29–32;16;2026-09-23 07:20;;em aberto;misto;392,5;;;;;;;
pv;Guatambu;GTB100;inversor 4.2;Ipv29;Ipv29–32;12;2026-09-07 07:40;2026-09-09 07:00;voltou entre varreduras;quedas gravadas;91,5;;;;;;;
pv;Guatambu;GTB100;inversor 4.2;Ipv29;Ipv29–32;12;2026-09-23 07:30;;em aberto;misto;391,3;;;;;;;
pv;Guatambu;GTB100;inversor 4.2;Ipv30;Ipv29–32;12;2026-09-07 07:40;2026-09-09 07:00;voltou entre varreduras;quedas gravadas;91,5;;;;;;;
pv;Guatambu;GTB100;inversor 4.2;Ipv30;Ipv29–32;12;2026-09-23 07:30;;em aberto;misto;391,3;;;;;;;
pv;Guatambu;GTB100;inversor 4.2;Ipv31;Ipv29–32;12;2026-09-07 07:40;2026-09-09 07:00;voltou entre varreduras;quedas gravadas;91,5;;;;;;;
pv;Guatambu;GTB100;inversor 4.2;Ipv31;Ipv29–32;12;2026-09-23 07:30;;em aberto;misto;391,3;;;;;;;
pv;Guatambu;GTB100;inversor 4.2;Ipv32;Ipv29–32;12;2026-09-07 07:40;2026-09-09 07:00;voltou entre varreduras;quedas gravadas;91,5;;;;;;;
pv;Guatambu;GTB100;inversor 4.2;Ipv32;Ipv29–32;12;2026-09-23 07:30;;em aberto;misto;391,3;;;;;;;
pv;Guatambu;GTB100;inversor 4.3;Ipv12;dentro das esperadas;16;2026-09-05 08:40;2026-09-09 07:00;voltou entre varreduras;quedas gravadas;186,5;12728;recomposição;cita a string;Em andamento;2026-09-02 09:30;;
pv;Guatambu;GTB100;inversor 4.3;Ipv12;dentro das esperadas;16;2026-09-09 08:00;2026-09-09 11:10;voltou;quedas gravadas;11,7;12728;recomposição;cita a string;Em andamento;2026-09-02 09:30;;
pv;Guatambu;GTB100;inversor 4.3;Ipv29;Ipv29–32;16;2026-09-07 07:30;2026-09-09 07:00;voltou entre varreduras;quedas gravadas;92,2;12728;recomposição;cita outras strings;Em andamento;2026-09-02 09:30;;
pv;Guatambu;GTB100;inversor 4.3;Ipv29;Ipv29–32;16;2026-09-23 07:10;;em aberto;misto;393,1;12728;recomposição;cita outras strings;Em andamento;2026-09-02 09:30;;
pv;Guatambu;GTB100;inversor 4.3;Ipv30;Ipv29–32;16;2026-09-07 07:30;2026-09-09 07:00;voltou entre varreduras;quedas gravadas;92,2;12728;recomposição;cita outras strings;Em andamento;2026-09-02 09:30;;
pv;Guatambu;GTB100;inversor 4.3;Ipv30;Ipv29–32;16;2026-09-23 07:10;;em aberto;misto;393,1;12728;recomposição;cita outras strings;Em andamento;2026-09-02 09:30;;
pv;Guatambu;GTB100;inversor 4.3;Ipv31;Ipv29–32;16;2026-09-07 07:30;2026-09-09 07:00;voltou entre varreduras;quedas gravadas;92,2;12728;recomposição;cita outras strings;Em andamento;2026-09-02 09:30;;
pv;Guatambu;GTB100;inversor 4.3;Ipv31;Ipv29–32;16;2026-09-23 07:10;;em aberto;misto;393,1;12728;recomposição;cita outras strings;Em andamento;2026-09-02 09:30;;
pv;Guatambu;GTB100;inversor 4.3;Ipv32;Ipv29–32;16;2026-09-07 07:30;2026-09-09 07:00;voltou entre varreduras;quedas gravadas;92,2;12728;recomposição;cita outras strings;Em andamento;2026-09-02 09:30;;
pv;Guatambu;GTB100;inversor 4.3;Ipv32;Ipv29–32;16;2026-09-23 07:10;;em aberto;misto;393,1;12728;recomposição;cita outras strings;Em andamento;2026-09-02 09:30;;
pv;Guatambu;GTB100;inversor 4.4;Ipv29;Ipv29–32;16;2026-09-07 07:30;2026-09-09 07:00;voltou entre varreduras;quedas gravadas;92,2;;;;;;;
pv;Guatambu;GTB100;inversor 4.4;Ipv29;Ipv29–32;16;2026-09-23 07:10;2026-09-27 06:40;voltou entre varreduras;misto;252,0;;;;;;;
pv;Guatambu;GTB100;inversor 4.4;Ipv30;Ipv29–32;16;2026-09-07 07:30;2026-09-09 07:00;voltou entre varreduras;quedas gravadas;92,2;;;;;;;
pv;Guatambu;GTB100;inversor 4.4;Ipv30;Ipv29–32;16;2026-09-23 07:10;2026-09-27 06:40;voltou entre varreduras;misto;252,0;;;;;;;
pv;Guatambu;GTB100;inversor 4.4;Ipv31;Ipv29–32;16;2026-09-07 07:30;2026-09-09 07:00;voltou entre varreduras;quedas gravadas;92,2;;;;;;;
pv;Guatambu;GTB100;inversor 4.4;Ipv31;Ipv29–32;16;2026-09-23 07:10;2026-09-27 06:40;voltou entre varreduras;misto;252,0;;;;;;;
pv;Guatambu;GTB100;inversor 4.4;Ipv32;Ipv29–32;16;2026-09-07 07:30;2026-09-09 07:00;voltou entre varreduras;quedas gravadas;92,2;;;;;;;
pv;Guatambu;GTB100;inversor 4.4;Ipv32;Ipv29–32;16;2026-09-23 07:10;2026-09-27 06:40;voltou entre varreduras;misto;252,0;;;;;;;
pv;Guatambu;GTB100;inversor 4.5;Ipv29;Ipv29–32;16;2026-09-07 07:40;2026-09-09 07:00;voltou entre varreduras;quedas gravadas;91,5;;;;;;;
pv;Guatambu;GTB100;inversor 4.5;Ipv29;Ipv29–32;16;2026-09-23 07:30;;em aberto;misto;390,7;;;;;;;
pv;Guatambu;GTB100;inversor 4.5;Ipv30;Ipv29–32;16;2026-09-07 07:40;2026-09-09 07:00;voltou entre varreduras;quedas gravadas;91,5;;;;;;;
pv;Guatambu;GTB100;inversor 4.5;Ipv30;Ipv29–32;16;2026-09-23 07:30;;em aberto;misto;390,7;;;;;;;
pv;Guatambu;GTB100;inversor 4.5;Ipv31;Ipv29–32;16;2026-09-07 07:40;2026-09-09 07:00;voltou entre varreduras;quedas gravadas;91,5;;;;;;;
pv;Guatambu;GTB100;inversor 4.5;Ipv31;Ipv29–32;16;2026-09-23 07:30;;em aberto;misto;390,7;;;;;;;
pv;Guatambu;GTB100;inversor 4.5;Ipv32;Ipv29–32;16;2026-09-07 07:40;2026-09-09 07:00;voltou entre varreduras;quedas gravadas;91,5;;;;;;;
pv;Guatambu;GTB100;inversor 4.5;Ipv32;Ipv29–32;16;2026-09-23 07:30;;em aberto;misto;390,7;;;;;;;
pv;Guatambu;GTB100;inversor 4.6;Ipv29;Ipv29–32;16;2026-09-07 07:30;2026-09-09 07:00;voltou entre varreduras;quedas gravadas;92,2;;;;;;;
pv;Guatambu;GTB100;inversor 4.6;Ipv29;Ipv29–32;16;2026-09-23 07:30;;em aberto;misto;391,3;;;;;;;
pv;Guatambu;GTB100;inversor 4.6;Ipv30;Ipv29–32;16;2026-09-07 07:30;2026-09-09 07:00;voltou entre varreduras;quedas gravadas;92,2;;;;;;;
pv;Guatambu;GTB100;inversor 4.6;Ipv30;Ipv29–32;16;2026-09-23 07:30;;em aberto;misto;391,3;;;;;;;
pv;Guatambu;GTB100;inversor 4.6;Ipv31;Ipv29–32;16;2026-09-07 07:30;2026-09-09 07:00;voltou entre varreduras;quedas gravadas;92,2;;;;;;;
pv;Guatambu;GTB100;inversor 4.6;Ipv31;Ipv29–32;16;2026-09-23 07:30;;em aberto;misto;391,3;;;;;;;
pv;Guatambu;GTB100;inversor 4.6;Ipv32;Ipv29–32;16;2026-09-07 07:30;2026-09-09 07:00;voltou entre varreduras;quedas gravadas;92,2;;;;;;;
pv;Guatambu;GTB100;inversor 4.6;Ipv32;Ipv29–32;16;2026-09-23 07:30;;em aberto;misto;391,3;;;;;;;
pv;Guatambu;GTB100;inversor 4.7;Ipv29;Ipv29–32;16;2026-09-07 07:30;2026-09-09 07:00;voltou entre varreduras;quedas gravadas;92,2;;;;;;;
pv;Guatambu;GTB100;inversor 4.7;Ipv29;Ipv29–32;16;2026-09-23 07:20;;em aberto;misto;393,0;;;;;;;
pv;Guatambu;GTB100;inversor 4.7;Ipv30;Ipv29–32;16;2026-09-07 07:30;2026-09-09 07:00;voltou entre varreduras;quedas gravadas;92,2;;;;;;;
pv;Guatambu;GTB100;inversor 4.7;Ipv30;Ipv29–32;16;2026-09-23 07:20;;em aberto;misto;393,0;;;;;;;
pv;Guatambu;GTB100;inversor 4.7;Ipv31;Ipv29–32;16;2026-09-07 07:30;2026-09-09 07:00;voltou entre varreduras;quedas gravadas;92,2;;;;;;;
pv;Guatambu;GTB100;inversor 4.7;Ipv31;Ipv29–32;16;2026-09-23 07:20;;em aberto;misto;393,0;;;;;;;
pv;Guatambu;GTB100;inversor 4.7;Ipv32;Ipv29–32;16;2026-09-07 07:30;2026-09-09 07:00;voltou entre varreduras;quedas gravadas;92,2;;;;;;;
pv;Guatambu;GTB100;inversor 4.7;Ipv32;Ipv29–32;16;2026-09-23 07:20;;em aberto;misto;393,0;;;;;;;
pv;Guatambu;GTB100;inversor 4.8;Ipv18;acima das esperadas;16;2026-09-07 07:30;2026-09-09 07:00;voltou entre varreduras;quedas gravadas;92,2;;;;;;;
pv;Guatambu;GTB100;inversor 4.8;Ipv18;acima das esperadas;16;2026-09-23 07:30;;em aberto;misto;390,7;;;;;;;
pv;Guatambu;GTB100;inversor 4.8;Ipv29;Ipv29–32;16;2026-09-07 07:30;2026-09-09 07:00;voltou entre varreduras;quedas gravadas;92,2;;;;;;;
pv;Guatambu;GTB100;inversor 4.8;Ipv29;Ipv29–32;16;2026-09-23 07:30;;em aberto;misto;390,7;;;;;;;
pv;Guatambu;GTB100;inversor 4.8;Ipv30;Ipv29–32;16;2026-09-07 07:30;2026-09-09 07:00;voltou entre varreduras;quedas gravadas;92,2;;;;;;;
pv;Guatambu;GTB100;inversor 4.8;Ipv30;Ipv29–32;16;2026-09-23 07:30;;em aberto;misto;390,7;;;;;;;
pv;Guatambu;GTB100;inversor 4.8;Ipv31;Ipv29–32;16;2026-09-07 07:30;2026-09-09 07:00;voltou entre varreduras;quedas gravadas;92,2;;;;;;;
pv;Guatambu;GTB100;inversor 4.8;Ipv31;Ipv29–32;16;2026-09-23 07:30;;em aberto;misto;390,7;;;;;;;
pv;Guatambu;GTB100;inversor 4.8;Ipv32;Ipv29–32;16;2026-09-07 07:30;2026-09-09 07:00;voltou entre varreduras;quedas gravadas;92,2;;;;;;;
pv;Guatambu;GTB100;inversor 4.8;Ipv32;Ipv29–32;16;2026-09-23 07:30;;em aberto;misto;390,7;;;;;;;
pv;Guatambu;GTB100;inversor 4.9;Ipv12;dentro das esperadas;16;2026-09-07 07:30;2026-09-09 07:00;voltou entre varreduras;quedas gravadas;92,2;;;;;;;
pv;Guatambu;GTB100;inversor 4.9;Ipv12;dentro das esperadas;16;2026-09-23 07:30;;em aberto;misto;391,9;;;;;;;
pv;Guatambu;GTB100;inversor 4.9;Ipv16;dentro das esperadas;16;2026-09-07 07:30;2026-09-09 07:00;voltou entre varreduras;quedas gravadas;92,2;;;;;;;
pv;Guatambu;GTB100;inversor 4.9;Ipv16;dentro das esperadas;16;2026-09-23 07:30;;em aberto;misto;391,9;;;;;;;
pv;Guatambu;GTB100;inversor 4.9;Ipv18;acima das esperadas;16;2026-09-07 07:30;2026-09-09 07:00;voltou entre varreduras;quedas gravadas;92,2;;;;;;;
pv;Guatambu;GTB100;inversor 4.9;Ipv18;acima das esperadas;16;2026-09-23 07:30;;em aberto;misto;391,9;;;;;;;
pv;Guatambu;GTB100;inversor 4.9;Ipv25;acima das esperadas;16;2026-09-07 07:30;2026-09-09 07:00;voltou entre varreduras;quedas gravadas;92,2;;;;;;;
pv;Guatambu;GTB100;inversor 4.9;Ipv25;acima das esperadas;16;2026-09-23 07:30;;em aberto;misto;391,9;;;;;;;
pv;Guatambu;GTB100;inversor 4.9;Ipv29;Ipv29–32;16;2026-09-07 07:30;2026-09-09 07:00;voltou entre varreduras;quedas gravadas;92,2;;;;;;;
pv;Guatambu;GTB100;inversor 4.9;Ipv29;Ipv29–32;16;2026-09-23 07:30;;em aberto;misto;391,9;;;;;;;
pv;Guatambu;GTB100;inversor 4.9;Ipv30;Ipv29–32;16;2026-09-07 07:30;2026-09-09 07:00;voltou entre varreduras;quedas gravadas;92,2;;;;;;;
pv;Guatambu;GTB100;inversor 4.9;Ipv30;Ipv29–32;16;2026-09-23 07:30;;em aberto;misto;391,9;;;;;;;
pv;Guatambu;GTB100;inversor 4.9;Ipv31;Ipv29–32;16;2026-09-07 07:30;2026-09-09 07:00;voltou entre varreduras;quedas gravadas;92,2;;;;;;;
pv;Guatambu;GTB100;inversor 4.9;Ipv31;Ipv29–32;16;2026-09-23 07:30;;em aberto;misto;391,9;;;;;;;
pv;Guatambu;GTB100;inversor 4.9;Ipv32;Ipv29–32;16;2026-09-07 07:30;2026-09-09 07:00;voltou entre varreduras;quedas gravadas;92,2;;;;;;;
pv;Guatambu;GTB100;inversor 4.9;Ipv32;Ipv29–32;16;2026-09-23 07:30;;em aberto;misto;391,9;;;;;;;
pv;Indaiatuba;IND100;Inversor 1.7;Ipv22;dentro das esperadas;22;2026-09-25 06:40;;em aberto;curva;219,0;;;;;;;
pv;Indaiatuba;IND100;Inversor 3.2;Ipv10;dentro das esperadas;22;2026-09-05 10:50;2026-09-11 06:48;voltou de madrugada;quedas gravadas;131,6;12878;recomposição;cita a string;Concluída;2026-09-03 09:04;2026-09-17 09:03;-146,3
pv;Indaiatuba;IND100;Inversor 3.2;Ipv10;dentro das esperadas;22;2026-09-11 07:40;2026-09-11 10:20;voltou;quedas gravadas;15,5;12878;recomposição;cita a string;Concluída;2026-09-03 09:04;2026-09-17 09:03;-142,7
pv;Indaiatuba;IND100;Inversor 3.2;Ipv10;dentro das esperadas;22;2026-09-11 10:30;2026-09-12 06:46;voltou de madrugada;quedas gravadas;45,5;12878;recomposição;cita a string;Concluída;2026-09-03 09:04;2026-09-17 09:03;-122,3
pv;Indaiatuba;IND100;Inversor 3.2;Ipv10;dentro das esperadas;22;2026-09-12 08:10;2026-09-15 06:44;voltou de madrugada;quedas gravadas;44,0;12878;recomposição;cita a string;Concluída;2026-09-03 09:04;2026-09-17 09:03;-50,3
pv;Indaiatuba;IND100;Inversor 3.2;Ipv10;dentro das esperadas;22;2026-09-15 08:10;2026-09-15 12:00;voltou;quedas gravadas;17,0;12878;recomposição;cita a string;Concluída;2026-09-03 09:04;2026-09-17 09:03;-45,1
pv;Indaiatuba;IND100;Inversor 3.2;Ipv10;dentro das esperadas;22;2026-09-15 12:30;2026-09-16 09:40;voltou;quedas gravadas;37,7;12878;recomposição;cita a string;Concluída;2026-09-03 09:04;2026-09-17 09:03;-23,4
pv;Indaiatuba;IND100;Inversor 3.2;Ipv10;dentro das esperadas;22;2026-09-16 09:50;2026-09-16 13:40;voltou;quedas gravadas;49,3;12878;recomposição;cita a string;Concluída;2026-09-03 09:04;2026-09-17 09:03;-19,4
pv;Indaiatuba;IND100;Inversor 3.2;Ipv10;dentro das esperadas;22;2026-09-16 15:30;2026-09-17 08:50;voltou;quedas gravadas;18,1;12878;recomposição;cita a string;Concluída;2026-09-03 09:04;2026-09-17 09:03;-0,2
pv;Inhapi;INP100;Inversor 3.3;Ipv1;dentro das esperadas;24;2026-09-05 06:30;;em aberto;misto;2430,6;;;;;;;
pv;Inhapi;INP100;Inversor 3.3;Ipv2;dentro das esperadas;24;2026-09-05 06:30;;em aberto;misto;2430,6;;;;;;;
pv;Inhapi;INP100;Inversor 3.3;Ipv3;dentro das esperadas;24;2026-09-05 06:30;;em aberto;misto;2430,6;;;;;;;
pv;Inhapi;INP100;Inversor 3.3;Ipv4;dentro das esperadas;24;2026-09-05 06:30;;em aberto;misto;2430,6;;;;;;;
pv;Junco;JNC100;Inversor 1.5;Ipv29;Ipv29–32;20;2026-09-25 07:00;;em aberto;curva;214,1;;;;;;;
pv;Junco;JNC100;Inversor 1.5;Ipv30;Ipv29–32;20;2026-09-25 07:00;;em aberto;curva;214,1;;;;;;;
pv;Junco;JNC100;Inversor 1.5;Ipv31;Ipv29–32;20;2026-09-25 07:00;;em aberto;curva;214,1;;;;;;;
pv;Junco;JNC100;Inversor 1.5;Ipv32;Ipv29–32;20;2026-09-25 07:00;;em aberto;curva;214,1;;;;;;;
sunop;MAB100;MAB100;Inversor 3.9;ST 03;dentro das esperadas;12;2026-09-04 08:30;2026-09-25 06:38;voltou de madrugada;quedas gravadas;1159,1;13005;recomposição;cita a string;Concluída;2026-09-04 10:50;2026-09-04 15:43;494,9
sunop;MAB100;MAB100;Inversor 3.9;ST 03;dentro das esperadas;12;2026-09-25 08:30;;em aberto;curva;127,9;;;;;;;
sunop;MAB100;MAB100;Inversor 3.9;ST 04;dentro das esperadas;12;2026-09-04 08:30;2026-09-25 06:38;voltou de madrugada;quedas gravadas;1159,1;13005;recomposição;cita a string;Concluída;2026-09-04 10:50;2026-09-04 15:43;494,9
sunop;MAB100;MAB100;Inversor 3.9;ST 04;dentro das esperadas;12;2026-09-25 08:30;;em aberto;curva;127,9;;;;;;;
sunop;MAB200;MAB200;Inversor 2.9;ST 01;dentro das esperadas;12;2026-09-01 06:40;2026-09-03 06:48;voltou de madrugada;quedas gravadas;131,5;12388;recomposição;cita a string;Concluída;2026-08-28 09:40;2026-09-04 10:47;-28,0
sunop;MAB200;MAB200;Inversor 2.9;ST 01;dentro das esperadas;12;2026-09-04 07:40;2026-09-04 10:20;voltou;quedas gravadas;12,0;12388;recomposição;cita a string;Concluída;2026-08-28 09:40;2026-09-04 10:47;-0,5
sunop;MTS100;MTS100;Inversor 3.7;ST 11;dentro das esperadas;13;2026-09-19 17:10;2026-09-21 14:20;voltou;quedas gravadas;140,1;14046;recomposição;cita a string;Concluída;2026-09-21 10:12;2026-09-21 14:49;-0,5
sunop;MTS100;MTS100;Inversor 3.7;ST 11;dentro das esperadas;13;2026-09-22 15:40;2026-09-23 08:50;voltou;quedas gravadas;13,2;14352;outra corretiva no inversor;não cita string;Concluída;2026-09-22 13:22;2026-09-22 14:50;18,0
sunop;MTS100;MTS100;Inversor 3.7;ST 11;dentro das esperadas;13;2026-09-23 15:00;2026-09-24 06:22;voltou de madrugada;quedas gravadas;7,4;;;;;;;
sunop;MTS100;MTS100;Inversor 3.7;ST 13;dentro das esperadas;13;2026-09-19 17:10;2026-09-21 14:20;voltou;quedas gravadas;140,1;14046;recomposição;cita a string;Concluída;2026-09-21 10:12;2026-09-21 14:49;-0,5
sunop;MTS100;MTS100;Inversor 3.7;ST 13;dentro das esperadas;13;2026-09-22 14:20;2026-09-24 06:22;voltou de madrugada;quedas gravadas;72,3;14352;outra corretiva no inversor;não cita string;Concluída;2026-09-22 13:22;2026-09-22 14:50;39,5
sunop;MTS100;MTS100;Inversor 4.2;ST 13;dentro das esperadas;13;2026-09-22 14:40;2026-09-23 06:22;voltou de madrugada;quedas gravadas;12,1;;;;;;;
sunop;MTS100;MTS100;Inversor 4.2;ST 13;dentro das esperadas;13;2026-09-23 12:30;;em aberto;misto;271,6;;;;;;;
sunop;MTS100;MTS100;Inversor 6.2;ST 09;dentro das esperadas;13;2026-09-14 10:10;2026-09-15 06:26;voltou de madrugada;quedas gravadas;55,4;13607;recomposição;cita outras strings;Concluída;2026-09-14 17:55;2026-09-15 16:57;-10,5
sunop;MTS100;MTS100;Inversor 6.2;ST 10;dentro das esperadas;13;2026-09-13 12:30;2026-09-13 15:10;voltou;quedas gravadas;24,0;13563;outra corretiva no inversor;não cita string;Concluída;2026-09-14 09:11;2026-09-15 14:54;-47,7
sunop;MTS100;MTS100;Inversor 6.2;ST 10;dentro das esperadas;13;2026-09-13 15:20;2026-09-14 06:26;voltou de madrugada;quedas gravadas;8,3;13607;recomposição;cita a string;Concluída;2026-09-14 17:55;2026-09-15 16:57;-34,5
sunop;MTS100;MTS100;Inversor 6.2;ST 10;dentro das esperadas;13;2026-09-14 10:10;2026-09-15 06:26;voltou de madrugada;quedas gravadas;55,4;13607;recomposição;cita a string;Concluída;2026-09-14 17:55;2026-09-15 16:57;-10,5
sunop;MTS100;MTS100;Inversor 6.3;ST 06;dentro das esperadas;13;2026-09-11 14:20;2026-09-12 14:00;voltou;quedas gravadas;77,8;;;;;;;
sunop;MTS100;MTS100;Inversor 6.3;ST 06;dentro das esperadas;13;2026-09-12 14:30;2026-09-13 13:10;voltou;quedas gravadas;68,0;13564;recomposição;cita a string;Concluída;2026-09-14 09:27;2026-09-15 11:36;-46,4
sunop;MTS100;MTS100;Inversor 6.3;ST 06;dentro das esperadas;13;2026-09-13 14:20;2026-09-13 16:50;voltou;quedas gravadas;14,7;13564;recomposição;cita a string;Concluída;2026-09-14 09:27;2026-09-15 11:36;-42,8
sunop;MTS100;MTS100;Inversor 6.3;ST 06;dentro das esperadas;13;2026-09-14 07:20;2026-09-14 14:50;voltou;quedas gravadas;63,1;13564;recomposição;cita a string;Concluída;2026-09-14 09:27;2026-09-15 11:36;-20,8
sunop;MTS100;MTS100;Inversor 6.3;ST 06;dentro das esperadas;13;2026-09-15 06:20;2026-09-15 11:10;voltou;quedas gravadas;28,4;13564;recomposição;cita a string;Concluída;2026-09-14 09:27;2026-09-15 11:36;-0,4
sunop;MTS200;MTS200;Inversor 1.6;ST 15;acima das esperadas;10;2026-09-17 06:20;2026-09-17 13:30;voltou;quedas gravadas;63,0;13762;recomposição;cita a string;Concluída;2026-09-17 11:00;2026-09-18 15:34;-26,1
sunop;MTS200;MTS200;Inversor 1.6;ST 15;acima das esperadas;10;2026-09-18 06:30;2026-09-18 11:40;voltou;quedas gravadas;43,7;13762;recomposição;cita a string;Concluída;2026-09-17 11:00;2026-09-18 15:34;-3,9
sunop;MTS200;MTS200;Inversor 1.6;ST 15;acima das esperadas;10;2026-09-18 11:50;2026-09-18 14:20;voltou;quedas gravadas;28,6;13762;recomposição;cita a string;Concluída;2026-09-17 11:00;2026-09-18 15:34;-1,2
sunop;MTS200;MTS200;Inversor 2.2;ST 08;dentro das esperadas;10;2026-09-13 13:40;2026-09-14 06:26;voltou de madrugada;quedas gravadas;26,7;;;;;;;
sunop;MTS200;MTS200;Inversor 2.3;ST 08;dentro das esperadas;10;2026-09-08 10:30;2026-09-08 12:50;voltou;quedas gravadas;26,4;;;;;;;
sunop;MTS200;MTS200;Inversor 2.4;ST 08;dentro das esperadas;10;2026-09-15 08:50;2026-09-15 10:50;voltou;quedas gravadas;19,3;;;;;;;
sunop;MTS200;MTS200;Inversor 2.4;ST 08;dentro das esperadas;10;2026-09-23 09:10;2026-09-23 12:20;voltou;quedas gravadas;31,8;;;;;;;
pv;Nova Londrina 1;NVL100;Inversor 1.1;Ipv29;Ipv29–32;20;2026-09-04 07:10;2026-09-07 07:04;voltou entre varreduras;quedas gravadas;48,1;;;;;;;
pv;Nova Londrina 1;NVL100;Inversor 1.1;Ipv29;Ipv29–32;20;2026-09-07 07:50;2026-09-14 06:56;voltou entre varreduras;quedas gravadas;60,8;;;;;;;
pv;Nova Londrina 1;NVL100;Inversor 1.1;Ipv29;Ipv29–32;20;2026-09-23 08:00;;em aberto;misto;305,5;14544;outra corretiva no inversor;não cita string;Concluída;2026-09-24 14:00;2026-09-24 15:44;
pv;Nova Londrina 1;NVL100;Inversor 1.1;Ipv30;Ipv29–32;20;2026-09-04 07:10;2026-09-07 07:04;voltou entre varreduras;quedas gravadas;48,1;;;;;;;
pv;Nova Londrina 1;NVL100;Inversor 1.1;Ipv30;Ipv29–32;20;2026-09-07 07:50;2026-09-14 06:56;voltou entre varreduras;quedas gravadas;60,8;;;;;;;
pv;Nova Londrina 1;NVL100;Inversor 1.1;Ipv30;Ipv29–32;20;2026-09-23 08:00;;em aberto;misto;305,5;14544;outra corretiva no inversor;não cita string;Concluída;2026-09-24 14:00;2026-09-24 15:44;
pv;Nova Londrina 1;NVL100;Inversor 1.1;Ipv31;Ipv29–32;20;2026-09-04 07:10;2026-09-07 07:04;voltou entre varreduras;quedas gravadas;48,1;;;;;;;
pv;Nova Londrina 1;NVL100;Inversor 1.1;Ipv31;Ipv29–32;20;2026-09-07 07:50;2026-09-14 06:56;voltou entre varreduras;quedas gravadas;60,8;;;;;;;
pv;Nova Londrina 1;NVL100;Inversor 1.1;Ipv31;Ipv29–32;20;2026-09-23 08:00;;em aberto;misto;305,5;14544;outra corretiva no inversor;não cita string;Concluída;2026-09-24 14:00;2026-09-24 15:44;
pv;Nova Londrina 1;NVL100;Inversor 1.1;Ipv32;Ipv29–32;20;2026-09-04 07:10;2026-09-07 07:04;voltou entre varreduras;quedas gravadas;48,1;;;;;;;
pv;Nova Londrina 1;NVL100;Inversor 1.1;Ipv32;Ipv29–32;20;2026-09-07 07:50;2026-09-14 06:56;voltou entre varreduras;quedas gravadas;60,8;;;;;;;
pv;Nova Londrina 1;NVL100;Inversor 1.1;Ipv32;Ipv29–32;20;2026-09-23 08:00;;em aberto;misto;305,5;14544;outra corretiva no inversor;não cita string;Concluída;2026-09-24 14:00;2026-09-24 15:44;
pv;Nova Londrina 1;NVL100;Inversor 1.2;Ipv29;Ipv29–32;18;2026-09-04 07:20;2026-09-07 07:04;voltou entre varreduras;quedas gravadas;47,9;;;;;;;
pv;Nova Londrina 1;NVL100;Inversor 1.2;Ipv29;Ipv29–32;18;2026-09-07 07:50;2026-09-14 06:56;voltou entre varreduras;quedas gravadas;60,8;;;;;;;
pv;Nova Londrina 1;NVL100;Inversor 1.2;Ipv29;Ipv29–32;18;2026-09-23 08:00;;em aberto;misto;305,5;;;;;;;
pv;Nova Londrina 1;NVL100;Inversor 1.2;Ipv30;Ipv29–32;18;2026-09-04 07:20;2026-09-07 07:04;voltou entre varreduras;quedas gravadas;47,9;;;;;;;
pv;Nova Londrina 1;NVL100;Inversor 1.2;Ipv30;Ipv29–32;18;2026-09-07 07:50;2026-09-14 06:56;voltou entre varreduras;quedas gravadas;60,8;;;;;;;
pv;Nova Londrina 1;NVL100;Inversor 1.2;Ipv30;Ipv29–32;18;2026-09-23 08:00;;em aberto;misto;305,5;;;;;;;
pv;Nova Londrina 1;NVL100;Inversor 1.2;Ipv31;Ipv29–32;18;2026-09-04 07:20;2026-09-07 07:04;voltou entre varreduras;quedas gravadas;47,9;;;;;;;
pv;Nova Londrina 1;NVL100;Inversor 1.2;Ipv31;Ipv29–32;18;2026-09-07 07:50;2026-09-14 06:56;voltou entre varreduras;quedas gravadas;60,8;;;;;;;
pv;Nova Londrina 1;NVL100;Inversor 1.2;Ipv31;Ipv29–32;18;2026-09-23 08:00;;em aberto;misto;305,5;;;;;;;
pv;Nova Londrina 1;NVL100;Inversor 1.2;Ipv32;Ipv29–32;18;2026-09-04 07:20;2026-09-07 07:04;voltou entre varreduras;quedas gravadas;47,9;;;;;;;
pv;Nova Londrina 1;NVL100;Inversor 1.2;Ipv32;Ipv29–32;18;2026-09-07 07:50;2026-09-14 06:56;voltou entre varreduras;quedas gravadas;60,8;;;;;;;
pv;Nova Londrina 1;NVL100;Inversor 1.2;Ipv32;Ipv29–32;18;2026-09-23 08:00;;em aberto;misto;305,5;;;;;;;
pv;Nova Londrina 1;NVL100;Inversor 1.3;Ipv29;Ipv29–32;20;2026-09-04 07:10;2026-09-07 07:04;voltou entre varreduras;quedas gravadas;48,1;;;;;;;
pv;Nova Londrina 1;NVL100;Inversor 1.3;Ipv29;Ipv29–32;20;2026-09-07 07:50;2026-09-14 06:56;voltou entre varreduras;quedas gravadas;60,8;;;;;;;
pv;Nova Londrina 1;NVL100;Inversor 1.3;Ipv29;Ipv29–32;20;2026-09-23 08:00;;em aberto;misto;305,5;;;;;;;
pv;Nova Londrina 1;NVL100;Inversor 1.3;Ipv30;Ipv29–32;20;2026-09-04 07:10;2026-09-07 07:04;voltou entre varreduras;quedas gravadas;48,1;;;;;;;
pv;Nova Londrina 1;NVL100;Inversor 1.3;Ipv30;Ipv29–32;20;2026-09-07 07:50;2026-09-14 06:56;voltou entre varreduras;quedas gravadas;60,8;;;;;;;
pv;Nova Londrina 1;NVL100;Inversor 1.3;Ipv30;Ipv29–32;20;2026-09-23 08:00;;em aberto;misto;305,5;;;;;;;
pv;Nova Londrina 1;NVL100;Inversor 1.3;Ipv31;Ipv29–32;20;2026-09-04 07:10;2026-09-07 07:04;voltou entre varreduras;quedas gravadas;48,1;;;;;;;
pv;Nova Londrina 1;NVL100;Inversor 1.3;Ipv31;Ipv29–32;20;2026-09-07 07:50;2026-09-14 06:56;voltou entre varreduras;quedas gravadas;60,8;;;;;;;
pv;Nova Londrina 1;NVL100;Inversor 1.3;Ipv31;Ipv29–32;20;2026-09-23 08:00;;em aberto;misto;305,5;;;;;;;
pv;Nova Londrina 1;NVL100;Inversor 1.3;Ipv32;Ipv29–32;20;2026-09-04 07:10;2026-09-07 07:04;voltou entre varreduras;quedas gravadas;48,1;;;;;;;
pv;Nova Londrina 1;NVL100;Inversor 1.3;Ipv32;Ipv29–32;20;2026-09-07 07:50;2026-09-14 06:56;voltou entre varreduras;quedas gravadas;60,8;;;;;;;
pv;Nova Londrina 1;NVL100;Inversor 1.3;Ipv32;Ipv29–32;20;2026-09-23 08:00;;em aberto;misto;305,5;;;;;;;
pv;Nova Londrina 1;NVL100;Inversor 1.4;Ipv29;Ipv29–32;20;2026-09-04 07:20;2026-09-07 07:04;voltou entre varreduras;quedas gravadas;47,9;;;;;;;
pv;Nova Londrina 1;NVL100;Inversor 1.4;Ipv29;Ipv29–32;20;2026-09-07 07:50;2026-09-14 06:56;voltou entre varreduras;quedas gravadas;60,8;;;;;;;
pv;Nova Londrina 1;NVL100;Inversor 1.4;Ipv29;Ipv29–32;20;2026-09-23 08:00;;em aberto;misto;305,5;;;;;;;
pv;Nova Londrina 1;NVL100;Inversor 1.4;Ipv30;Ipv29–32;20;2026-09-04 07:20;2026-09-07 07:04;voltou entre varreduras;quedas gravadas;47,9;;;;;;;
pv;Nova Londrina 1;NVL100;Inversor 1.4;Ipv30;Ipv29–32;20;2026-09-07 07:50;2026-09-14 06:56;voltou entre varreduras;quedas gravadas;60,8;;;;;;;
pv;Nova Londrina 1;NVL100;Inversor 1.4;Ipv30;Ipv29–32;20;2026-09-23 08:00;;em aberto;misto;305,5;;;;;;;
pv;Nova Londrina 1;NVL100;Inversor 1.4;Ipv31;Ipv29–32;20;2026-09-04 07:20;2026-09-07 07:04;voltou entre varreduras;quedas gravadas;47,9;;;;;;;
pv;Nova Londrina 1;NVL100;Inversor 1.4;Ipv31;Ipv29–32;20;2026-09-07 07:50;2026-09-14 06:56;voltou entre varreduras;quedas gravadas;60,8;;;;;;;
pv;Nova Londrina 1;NVL100;Inversor 1.4;Ipv31;Ipv29–32;20;2026-09-23 08:00;;em aberto;misto;305,5;;;;;;;
pv;Nova Londrina 1;NVL100;Inversor 1.4;Ipv32;Ipv29–32;20;2026-09-04 07:20;2026-09-07 07:04;voltou entre varreduras;quedas gravadas;47,9;;;;;;;
pv;Nova Londrina 1;NVL100;Inversor 1.4;Ipv32;Ipv29–32;20;2026-09-07 07:50;2026-09-14 06:56;voltou entre varreduras;quedas gravadas;60,8;;;;;;;
pv;Nova Londrina 1;NVL100;Inversor 1.4;Ipv32;Ipv29–32;20;2026-09-23 08:00;;em aberto;misto;305,5;;;;;;;
pv;Nova Londrina 1;NVL100;Inversor 1.5;Ipv29;Ipv29–32;20;2026-09-04 07:10;2026-09-07 07:04;voltou entre varreduras;quedas gravadas;48,1;;;;;;;
pv;Nova Londrina 1;NVL100;Inversor 1.5;Ipv29;Ipv29–32;20;2026-09-07 07:50;2026-09-14 06:56;voltou entre varreduras;quedas gravadas;60,8;;;;;;;
pv;Nova Londrina 1;NVL100;Inversor 1.5;Ipv29;Ipv29–32;20;2026-09-23 08:00;;em aberto;misto;305,5;;;;;;;
pv;Nova Londrina 1;NVL100;Inversor 1.5;Ipv30;Ipv29–32;20;2026-09-04 07:10;2026-09-07 07:04;voltou entre varreduras;quedas gravadas;48,1;;;;;;;
pv;Nova Londrina 1;NVL100;Inversor 1.5;Ipv30;Ipv29–32;20;2026-09-07 07:50;2026-09-14 06:56;voltou entre varreduras;quedas gravadas;60,8;;;;;;;
pv;Nova Londrina 1;NVL100;Inversor 1.5;Ipv30;Ipv29–32;20;2026-09-23 08:00;;em aberto;misto;305,5;;;;;;;
pv;Nova Londrina 1;NVL100;Inversor 1.5;Ipv31;Ipv29–32;20;2026-09-04 07:10;2026-09-07 07:04;voltou entre varreduras;quedas gravadas;48,1;;;;;;;
pv;Nova Londrina 1;NVL100;Inversor 1.5;Ipv31;Ipv29–32;20;2026-09-07 07:50;2026-09-14 06:56;voltou entre varreduras;quedas gravadas;60,8;;;;;;;
pv;Nova Londrina 1;NVL100;Inversor 1.5;Ipv31;Ipv29–32;20;2026-09-23 08:00;;em aberto;misto;305,5;;;;;;;
pv;Nova Londrina 1;NVL100;Inversor 1.5;Ipv32;Ipv29–32;20;2026-09-04 07:10;2026-09-07 07:04;voltou entre varreduras;quedas gravadas;48,1;;;;;;;
pv;Nova Londrina 1;NVL100;Inversor 1.5;Ipv32;Ipv29–32;20;2026-09-07 07:50;2026-09-14 06:56;voltou entre varreduras;quedas gravadas;60,8;;;;;;;
pv;Nova Londrina 1;NVL100;Inversor 1.5;Ipv32;Ipv29–32;20;2026-09-23 08:00;;em aberto;misto;305,5;;;;;;;
pv;Nova Londrina 1;NVL100;Inversor 1.6;Ipv25;acima das esperadas;20;2026-09-23 15:20;2026-09-25 06:44;voltou entre varreduras;quedas gravadas;4,3;;;;;;;
pv;Nova Londrina 1;NVL100;Inversor 1.6;Ipv27;acima das esperadas;20;2026-09-23 15:20;2026-09-25 06:44;voltou entre varreduras;quedas gravadas;4,3;;;;;;;
pv;Nova Londrina 1;NVL100;Inversor 1.6;Ipv29;Ipv29–32;20;2026-09-04 07:10;2026-09-07 07:04;voltou entre varreduras;quedas gravadas;48,1;;;;;;;
pv;Nova Londrina 1;NVL100;Inversor 1.6;Ipv29;Ipv29–32;20;2026-09-07 07:50;2026-09-14 06:56;voltou entre varreduras;quedas gravadas;60,8;;;;;;;
pv;Nova Londrina 1;NVL100;Inversor 1.6;Ipv29;Ipv29–32;20;2026-09-23 08:00;;em aberto;misto;305,5;;;;;;;
pv;Nova Londrina 1;NVL100;Inversor 1.6;Ipv30;Ipv29–32;20;2026-09-04 07:10;2026-09-07 07:04;voltou entre varreduras;quedas gravadas;48,1;;;;;;;
pv;Nova Londrina 1;NVL100;Inversor 1.6;Ipv30;Ipv29–32;20;2026-09-07 07:50;2026-09-14 06:56;voltou entre varreduras;quedas gravadas;60,8;;;;;;;
pv;Nova Londrina 1;NVL100;Inversor 1.6;Ipv30;Ipv29–32;20;2026-09-23 08:00;;em aberto;misto;305,5;;;;;;;
pv;Nova Londrina 1;NVL100;Inversor 1.6;Ipv31;Ipv29–32;20;2026-09-04 07:10;2026-09-07 07:04;voltou entre varreduras;quedas gravadas;48,1;;;;;;;
pv;Nova Londrina 1;NVL100;Inversor 1.6;Ipv31;Ipv29–32;20;2026-09-07 07:50;2026-09-14 06:56;voltou entre varreduras;quedas gravadas;60,8;;;;;;;
pv;Nova Londrina 1;NVL100;Inversor 1.6;Ipv31;Ipv29–32;20;2026-09-23 08:00;;em aberto;misto;305,5;;;;;;;
pv;Nova Londrina 1;NVL100;Inversor 1.6;Ipv32;Ipv29–32;20;2026-09-04 07:10;2026-09-07 07:04;voltou entre varreduras;quedas gravadas;48,1;;;;;;;
pv;Nova Londrina 1;NVL100;Inversor 1.6;Ipv32;Ipv29–32;20;2026-09-07 07:50;2026-09-14 06:56;voltou entre varreduras;quedas gravadas;60,8;;;;;;;
pv;Nova Londrina 1;NVL100;Inversor 1.6;Ipv32;Ipv29–32;20;2026-09-23 08:00;;em aberto;misto;305,5;;;;;;;
pv;Nova Londrina 1;NVL100;Inversor 1.6;Ipv7;dentro das esperadas;20;2026-09-23 15:20;2026-09-25 06:44;voltou entre varreduras;quedas gravadas;4,3;;;;;;;
pv;Nova Londrina 1;NVL100;Inversor 1.7;Ipv29;Ipv29–32;20;2026-09-04 07:10;2026-09-07 07:04;voltou entre varreduras;quedas gravadas;48,1;;;;;;;
pv;Nova Londrina 1;NVL100;Inversor 1.7;Ipv29;Ipv29–32;20;2026-09-07 07:50;2026-09-14 06:56;voltou entre varreduras;quedas gravadas;60,8;;;;;;;
pv;Nova Londrina 1;NVL100;Inversor 1.7;Ipv29;Ipv29–32;20;2026-09-23 08:00;;em aberto;misto;305,8;;;;;;;
pv;Nova Londrina 1;NVL100;Inversor 1.7;Ipv30;Ipv29–32;20;2026-09-04 07:10;2026-09-07 07:04;voltou entre varreduras;quedas gravadas;48,1;;;;;;;
pv;Nova Londrina 1;NVL100;Inversor 1.7;Ipv30;Ipv29–32;20;2026-09-07 07:50;2026-09-14 06:56;voltou entre varreduras;quedas gravadas;60,8;;;;;;;
pv;Nova Londrina 1;NVL100;Inversor 1.7;Ipv30;Ipv29–32;20;2026-09-23 08:00;;em aberto;misto;305,8;;;;;;;
pv;Nova Londrina 1;NVL100;Inversor 1.7;Ipv31;Ipv29–32;20;2026-09-04 07:10;2026-09-07 07:04;voltou entre varreduras;quedas gravadas;48,1;;;;;;;
pv;Nova Londrina 1;NVL100;Inversor 1.7;Ipv31;Ipv29–32;20;2026-09-07 07:50;2026-09-14 06:56;voltou entre varreduras;quedas gravadas;60,8;;;;;;;
pv;Nova Londrina 1;NVL100;Inversor 1.7;Ipv31;Ipv29–32;20;2026-09-23 08:00;;em aberto;misto;305,8;;;;;;;
pv;Nova Londrina 1;NVL100;Inversor 1.7;Ipv32;Ipv29–32;20;2026-09-04 07:10;2026-09-07 07:04;voltou entre varreduras;quedas gravadas;48,1;;;;;;;
pv;Nova Londrina 1;NVL100;Inversor 1.7;Ipv32;Ipv29–32;20;2026-09-07 07:50;2026-09-14 06:56;voltou entre varreduras;quedas gravadas;60,8;;;;;;;
pv;Nova Londrina 1;NVL100;Inversor 1.7;Ipv32;Ipv29–32;20;2026-09-23 08:00;;em aberto;misto;305,8;;;;;;;
pv;Nova Londrina 1;NVL100;Inversor 1.8;Ipv29;Ipv29–32;20;2026-09-04 07:10;2026-09-07 07:04;voltou entre varreduras;quedas gravadas;48,1;;;;;;;
pv;Nova Londrina 1;NVL100;Inversor 1.8;Ipv29;Ipv29–32;20;2026-09-07 07:50;2026-09-14 06:56;voltou entre varreduras;quedas gravadas;60,8;;;;;;;
pv;Nova Londrina 1;NVL100;Inversor 1.8;Ipv29;Ipv29–32;20;2026-09-23 08:00;;em aberto;misto;305,5;;;;;;;
pv;Nova Londrina 1;NVL100;Inversor 1.8;Ipv30;Ipv29–32;20;2026-09-04 07:10;2026-09-07 07:04;voltou entre varreduras;quedas gravadas;48,1;;;;;;;
pv;Nova Londrina 1;NVL100;Inversor 1.8;Ipv30;Ipv29–32;20;2026-09-07 07:50;2026-09-14 06:56;voltou entre varreduras;quedas gravadas;60,8;;;;;;;
pv;Nova Londrina 1;NVL100;Inversor 1.8;Ipv30;Ipv29–32;20;2026-09-23 08:00;;em aberto;misto;305,5;;;;;;;
pv;Nova Londrina 1;NVL100;Inversor 1.8;Ipv31;Ipv29–32;20;2026-09-04 07:10;2026-09-07 07:04;voltou entre varreduras;quedas gravadas;48,1;;;;;;;
pv;Nova Londrina 1;NVL100;Inversor 1.8;Ipv31;Ipv29–32;20;2026-09-07 07:50;2026-09-14 06:56;voltou entre varreduras;quedas gravadas;60,8;;;;;;;
pv;Nova Londrina 1;NVL100;Inversor 1.8;Ipv31;Ipv29–32;20;2026-09-23 08:00;;em aberto;misto;305,5;;;;;;;
pv;Nova Londrina 1;NVL100;Inversor 1.8;Ipv32;Ipv29–32;20;2026-09-04 07:10;2026-09-07 07:04;voltou entre varreduras;quedas gravadas;48,1;;;;;;;
pv;Nova Londrina 1;NVL100;Inversor 1.8;Ipv32;Ipv29–32;20;2026-09-07 07:50;2026-09-14 06:56;voltou entre varreduras;quedas gravadas;60,8;;;;;;;
pv;Nova Londrina 1;NVL100;Inversor 1.8;Ipv32;Ipv29–32;20;2026-09-23 08:00;;em aberto;misto;305,5;;;;;;;
pv;Nova Londrina 2;NVL200;Inversor 2.1;Ipv29;Ipv29–32;20;2026-09-24 06:50;;em aberto;misto;270,8;;;;;;;
pv;Nova Londrina 2;NVL200;Inversor 2.1;Ipv30;Ipv29–32;20;2026-09-24 06:50;;em aberto;misto;270,8;;;;;;;
pv;Nova Londrina 2;NVL200;Inversor 2.1;Ipv31;Ipv29–32;20;2026-09-24 06:50;;em aberto;misto;270,8;;;;;;;
pv;Nova Londrina 2;NVL200;Inversor 2.1;Ipv32;Ipv29–32;20;2026-09-24 06:50;;em aberto;misto;270,8;;;;;;;
pv;Nova Londrina 2;NVL200;Inversor 2.10;Ipv29;Ipv29–32;20;2026-09-25 07:00;;em aberto;curva;238,9;;;;;;;
pv;Nova Londrina 2;NVL200;Inversor 2.10;Ipv30;Ipv29–32;20;2026-09-25 07:00;;em aberto;curva;238,9;;;;;;;
pv;Nova Londrina 2;NVL200;Inversor 2.10;Ipv31;Ipv29–32;20;2026-09-25 07:00;;em aberto;curva;238,9;;;;;;;
pv;Nova Londrina 2;NVL200;Inversor 2.10;Ipv32;Ipv29–32;20;2026-09-25 07:00;;em aberto;curva;238,9;;;;;;;
pv;Nova Londrina 2;NVL200;Inversor 2.2;Ipv29;Ipv29–32;22;2026-09-24 06:50;;em aberto;misto;270,8;;;;;;;
pv;Nova Londrina 2;NVL200;Inversor 2.2;Ipv30;Ipv29–32;22;2026-09-24 06:50;;em aberto;misto;270,8;;;;;;;
pv;Nova Londrina 2;NVL200;Inversor 2.2;Ipv31;Ipv29–32;22;2026-09-24 06:50;;em aberto;misto;270,8;;;;;;;
pv;Nova Londrina 2;NVL200;Inversor 2.2;Ipv32;Ipv29–32;22;2026-09-24 06:50;;em aberto;misto;270,8;;;;;;;
pv;Nova Londrina 2;NVL200;Inversor 2.3;Ipv29;Ipv29–32;20;2026-09-24 07:00;2026-09-27 06:42;voltou entre varreduras;misto;134,6;;;;;;;
pv;Nova Londrina 2;NVL200;Inversor 2.3;Ipv30;Ipv29–32;20;2026-09-24 07:00;2026-09-27 06:42;voltou entre varreduras;misto;134,6;;;;;;;
pv;Nova Londrina 2;NVL200;Inversor 2.3;Ipv31;Ipv29–32;20;2026-09-24 07:00;2026-09-27 06:42;voltou entre varreduras;misto;134,6;;;;;;;
pv;Nova Londrina 2;NVL200;Inversor 2.3;Ipv32;Ipv29–32;20;2026-09-24 07:00;2026-09-27 06:42;voltou entre varreduras;misto;134,6;;;;;;;
pv;Nova Londrina 2;NVL200;Inversor 2.4;Ipv29;Ipv29–32;20;2026-09-24 07:00;2026-09-25 06:44;voltou de madrugada;quedas gravadas;31,7;;;;;;;
pv;Nova Londrina 2;NVL200;Inversor 2.4;Ipv29;Ipv29–32;20;2026-09-27 07:00;;em aberto;curva;67,3;;;;;;;
pv;Nova Londrina 2;NVL200;Inversor 2.4;Ipv30;Ipv29–32;20;2026-09-24 07:00;2026-09-25 06:44;voltou de madrugada;quedas gravadas;31,7;;;;;;;
pv;Nova Londrina 2;NVL200;Inversor 2.4;Ipv30;Ipv29–32;20;2026-09-27 07:00;;em aberto;curva;67,3;;;;;;;
pv;Nova Londrina 2;NVL200;Inversor 2.4;Ipv31;Ipv29–32;20;2026-09-24 07:00;2026-09-25 06:44;voltou de madrugada;quedas gravadas;31,7;;;;;;;
pv;Nova Londrina 2;NVL200;Inversor 2.4;Ipv31;Ipv29–32;20;2026-09-27 07:00;;em aberto;curva;67,3;;;;;;;
pv;Nova Londrina 2;NVL200;Inversor 2.4;Ipv32;Ipv29–32;20;2026-09-24 07:00;2026-09-25 06:44;voltou de madrugada;quedas gravadas;31,7;;;;;;;
pv;Nova Londrina 2;NVL200;Inversor 2.4;Ipv32;Ipv29–32;20;2026-09-27 07:00;;em aberto;curva;67,3;;;;;;;
pv;Nova Londrina 2;NVL200;Inversor 2.5;Ipv29;Ipv29–32;20;2026-09-24 07:10;;em aberto;misto;267,8;;;;;;;
pv;Nova Londrina 2;NVL200;Inversor 2.5;Ipv30;Ipv29–32;20;2026-09-24 07:10;;em aberto;misto;267,8;;;;;;;
pv;Nova Londrina 2;NVL200;Inversor 2.5;Ipv31;Ipv29–32;20;2026-09-24 07:10;;em aberto;misto;267,8;;;;;;;
pv;Nova Londrina 2;NVL200;Inversor 2.5;Ipv32;Ipv29–32;20;2026-09-24 07:10;;em aberto;misto;267,8;;;;;;;
pv;Nova Londrina 2;NVL200;Inversor 2.6;Ipv29;Ipv29–32;20;2026-09-27 06:50;;em aberto;curva;67,6;;;;;;;
pv;Nova Londrina 2;NVL200;Inversor 2.6;Ipv30;Ipv29–32;20;2026-09-27 06:50;;em aberto;curva;67,6;;;;;;;
pv;Nova Londrina 2;NVL200;Inversor 2.6;Ipv31;Ipv29–32;20;2026-09-27 06:50;;em aberto;curva;67,6;;;;;;;
pv;Nova Londrina 2;NVL200;Inversor 2.6;Ipv32;Ipv29–32;20;2026-09-27 06:50;;em aberto;curva;67,6;;;;;;;
pv;Nova Londrina 2;NVL200;Inversor 2.7;Ipv29;Ipv29–32;20;2026-09-25 07:00;;em aberto;curva;238,9;;;;;;;
pv;Nova Londrina 2;NVL200;Inversor 2.7;Ipv30;Ipv29–32;20;2026-09-25 07:00;;em aberto;curva;238,9;;;;;;;
pv;Nova Londrina 2;NVL200;Inversor 2.7;Ipv31;Ipv29–32;20;2026-09-25 07:00;;em aberto;curva;238,9;;;;;;;
pv;Nova Londrina 2;NVL200;Inversor 2.7;Ipv32;Ipv29–32;20;2026-09-25 07:00;;em aberto;curva;238,9;;;;;;;
pv;Nova Londrina 2;NVL200;Inversor 2.8;Ipv29;Ipv29–32;20;2026-09-25 07:00;2026-09-27 06:42;voltou entre varreduras;curva;103,5;;;;;;;
pv;Nova Londrina 2;NVL200;Inversor 2.8;Ipv30;Ipv29–32;20;2026-09-25 07:00;2026-09-27 06:42;voltou entre varreduras;curva;103,5;;;;;;;
pv;Nova Londrina 2;NVL200;Inversor 2.8;Ipv31;Ipv29–32;20;2026-09-25 07:00;2026-09-27 06:42;voltou entre varreduras;curva;103,5;;;;;;;
pv;Nova Londrina 2;NVL200;Inversor 2.8;Ipv32;Ipv29–32;20;2026-09-25 07:00;2026-09-27 06:42;voltou entre varreduras;curva;103,5;;;;;;;
pv;Nova Londrina 2;NVL200;Inversor 2.9;Ipv29;Ipv29–32;20;2026-09-25 06:50;;em aberto;curva;239,4;;;;;;;
pv;Nova Londrina 2;NVL200;Inversor 2.9;Ipv30;Ipv29–32;20;2026-09-25 06:50;;em aberto;curva;239,4;;;;;;;
pv;Nova Londrina 2;NVL200;Inversor 2.9;Ipv31;Ipv29–32;20;2026-09-25 06:50;;em aberto;curva;239,4;;;;;;;
pv;Nova Londrina 2;NVL200;Inversor 2.9;Ipv32;Ipv29–32;20;2026-09-25 06:50;;em aberto;curva;239,4;;;;;;;
pv;Ouro Branco;ORB100;Inversor 1.1;Ipv10;dentro das esperadas;17;2026-09-15 07:10;2026-09-15 14:00;voltou;quedas gravadas;29,5;;;;;;;
pv;Ouro Branco;ORB100;Inversor 1.1;Ipv11;dentro das esperadas;17;2026-09-15 07:10;2026-09-15 14:00;voltou;quedas gravadas;29,5;;;;;;;
pv;Ouro Branco;ORB100;Inversor 1.1;Ipv12;dentro das esperadas;17;2026-09-15 07:10;2026-09-15 14:00;voltou;quedas gravadas;29,5;;;;;;;
pv;Ouro Branco;ORB100;Inversor 1.1;Ipv13;dentro das esperadas;17;2026-09-15 07:10;2026-09-15 14:00;voltou;quedas gravadas;29,5;;;;;;;
pv;Ouro Branco;ORB100;Inversor 1.1;Ipv14;dentro das esperadas;17;2026-09-15 07:10;2026-09-15 14:00;voltou;quedas gravadas;29,5;;;;;;;
pv;Ouro Branco;ORB100;Inversor 1.1;Ipv15;dentro das esperadas;17;2026-09-15 07:10;2026-09-15 14:00;voltou;quedas gravadas;29,5;;;;;;;
pv;Ouro Branco;ORB100;Inversor 1.1;Ipv16;dentro das esperadas;17;2026-09-15 07:10;2026-09-15 14:00;voltou;quedas gravadas;29,5;;;;;;;
pv;Ouro Branco;ORB100;Inversor 1.1;Ipv17;dentro das esperadas;17;2026-09-15 07:10;2026-09-15 14:00;voltou;quedas gravadas;29,5;;;;;;;
pv;Ouro Branco;ORB100;Inversor 1.1;Ipv18;acima das esperadas;17;2026-09-24 06:00;;em aberto;misto;150,9;;;;;;;
pv;Ouro Branco;ORB100;Inversor 1.1;Ipv2;dentro das esperadas;17;2026-09-15 07:10;2026-09-15 14:00;voltou;quedas gravadas;29,5;;;;;;;
pv;Ouro Branco;ORB100;Inversor 1.1;Ipv3;dentro das esperadas;17;2026-09-15 07:10;2026-09-15 14:00;voltou;quedas gravadas;29,5;;;;;;;
pv;Ouro Branco;ORB100;Inversor 1.1;Ipv4;dentro das esperadas;17;2026-09-15 07:10;2026-09-15 14:00;voltou;quedas gravadas;29,5;;;;;;;
pv;Ouro Branco;ORB100;Inversor 1.1;Ipv5;dentro das esperadas;17;2026-09-15 07:10;2026-09-15 14:00;voltou;quedas gravadas;29,5;;;;;;;
pv;Ouro Branco;ORB100;Inversor 1.1;Ipv6;dentro das esperadas;17;2026-09-15 07:10;2026-09-15 14:00;voltou;quedas gravadas;29,5;;;;;;;
pv;Ouro Branco;ORB100;Inversor 1.1;Ipv7;dentro das esperadas;17;2026-09-15 07:10;2026-09-15 14:00;voltou;quedas gravadas;29,5;;;;;;;
pv;Ouro Branco;ORB100;Inversor 1.1;Ipv8;dentro das esperadas;17;2026-09-15 07:10;2026-09-15 14:00;voltou;quedas gravadas;29,5;;;;;;;
pv;Ouro Branco;ORB100;Inversor 1.1;Ipv9;dentro das esperadas;17;2026-09-15 07:10;2026-09-15 14:00;voltou;quedas gravadas;29,5;;;;;;;
pv;Ouro Branco;ORB100;Inversor 1.2;Ipv10;dentro das esperadas;17;2026-09-15 07:10;2026-09-15 14:10;voltou;quedas gravadas;30,2;;;;;;;
pv;Ouro Branco;ORB100;Inversor 1.2;Ipv11;dentro das esperadas;17;2026-09-15 07:10;2026-09-15 14:10;voltou;quedas gravadas;30,2;;;;;;;
pv;Ouro Branco;ORB100;Inversor 1.2;Ipv12;dentro das esperadas;17;2026-09-15 07:10;2026-09-15 14:10;voltou;quedas gravadas;30,2;;;;;;;
pv;Ouro Branco;ORB100;Inversor 1.2;Ipv13;dentro das esperadas;17;2026-09-15 07:10;2026-09-15 14:10;voltou;quedas gravadas;30,2;;;;;;;
pv;Ouro Branco;ORB100;Inversor 1.2;Ipv14;dentro das esperadas;17;2026-09-15 07:10;2026-09-15 14:10;voltou;quedas gravadas;30,2;;;;;;;
pv;Ouro Branco;ORB100;Inversor 1.2;Ipv15;dentro das esperadas;17;2026-09-15 07:10;2026-09-15 14:10;voltou;quedas gravadas;30,2;;;;;;;
pv;Ouro Branco;ORB100;Inversor 1.2;Ipv16;dentro das esperadas;17;2026-09-15 07:10;2026-09-15 14:10;voltou;quedas gravadas;30,2;;;;;;;
pv;Ouro Branco;ORB100;Inversor 1.2;Ipv17;dentro das esperadas;17;2026-09-15 07:10;2026-09-15 14:10;voltou;quedas gravadas;30,2;;;;;;;
pv;Ouro Branco;ORB100;Inversor 1.2;Ipv18;acima das esperadas;17;2026-09-24 06:00;2026-09-24 09:50;voltou;quedas gravadas;11,8;;;;;;;
pv;Ouro Branco;ORB100;Inversor 1.2;Ipv18;acima das esperadas;17;2026-09-24 10:00;;em aberto;misto;138,3;;;;;;;
pv;Ouro Branco;ORB100;Inversor 1.2;Ipv2;dentro das esperadas;17;2026-09-15 07:10;2026-09-15 14:10;voltou;quedas gravadas;30,2;;;;;;;
pv;Ouro Branco;ORB100;Inversor 1.2;Ipv3;dentro das esperadas;17;2026-09-15 07:10;2026-09-15 14:10;voltou;quedas gravadas;30,2;;;;;;;
pv;Ouro Branco;ORB100;Inversor 1.2;Ipv4;dentro das esperadas;17;2026-09-15 07:10;2026-09-15 14:10;voltou;quedas gravadas;30,2;;;;;;;
pv;Ouro Branco;ORB100;Inversor 1.2;Ipv5;dentro das esperadas;17;2026-09-15 07:10;2026-09-15 14:10;voltou;quedas gravadas;30,2;;;;;;;
pv;Ouro Branco;ORB100;Inversor 1.2;Ipv6;dentro das esperadas;17;2026-09-15 07:10;2026-09-15 14:10;voltou;quedas gravadas;30,2;;;;;;;
pv;Ouro Branco;ORB100;Inversor 1.2;Ipv7;dentro das esperadas;17;2026-09-15 07:10;2026-09-15 14:10;voltou;quedas gravadas;30,2;;;;;;;
pv;Ouro Branco;ORB100;Inversor 1.2;Ipv8;dentro das esperadas;17;2026-09-15 07:10;2026-09-15 14:10;voltou;quedas gravadas;30,2;;;;;;;
pv;Ouro Branco;ORB100;Inversor 1.2;Ipv9;dentro das esperadas;17;2026-09-15 07:10;2026-09-15 14:10;voltou;quedas gravadas;30,2;;;;;;;
pv;Ouro Branco;ORB100;Inversor 1.3;Ipv10;dentro das esperadas;17;2026-09-15 07:10;2026-09-15 14:10;voltou;quedas gravadas;30,2;;;;;;;
pv;Ouro Branco;ORB100;Inversor 1.3;Ipv11;dentro das esperadas;17;2026-09-15 07:10;2026-09-15 14:10;voltou;quedas gravadas;30,2;;;;;;;
pv;Ouro Branco;ORB100;Inversor 1.3;Ipv12;dentro das esperadas;17;2026-09-15 07:10;2026-09-15 14:10;voltou;quedas gravadas;30,2;;;;;;;
pv;Ouro Branco;ORB100;Inversor 1.3;Ipv13;dentro das esperadas;17;2026-09-15 07:10;2026-09-15 14:10;voltou;quedas gravadas;30,2;;;;;;;
pv;Ouro Branco;ORB100;Inversor 1.3;Ipv14;dentro das esperadas;17;2026-09-15 07:10;2026-09-15 14:10;voltou;quedas gravadas;30,2;;;;;;;
pv;Ouro Branco;ORB100;Inversor 1.3;Ipv15;dentro das esperadas;17;2026-09-15 07:10;2026-09-15 14:10;voltou;quedas gravadas;30,2;;;;;;;
pv;Ouro Branco;ORB100;Inversor 1.3;Ipv16;dentro das esperadas;17;2026-09-15 07:10;2026-09-15 14:10;voltou;quedas gravadas;30,2;;;;;;;
pv;Ouro Branco;ORB100;Inversor 1.3;Ipv17;dentro das esperadas;17;2026-09-15 07:10;2026-09-15 14:10;voltou;quedas gravadas;30,2;;;;;;;
pv;Ouro Branco;ORB100;Inversor 1.3;Ipv18;acima das esperadas;17;2026-09-24 06:00;2026-09-24 08:50;voltou;quedas gravadas;7,4;;;;;;;
pv;Ouro Branco;ORB100;Inversor 1.3;Ipv18;acima das esperadas;17;2026-09-24 09:00;;em aberto;misto;142,8;;;;;;;
pv;Ouro Branco;ORB100;Inversor 1.3;Ipv2;dentro das esperadas;17;2026-09-15 07:10;2026-09-15 14:10;voltou;quedas gravadas;30,2;;;;;;;
pv;Ouro Branco;ORB100;Inversor 1.3;Ipv3;dentro das esperadas;17;2026-09-15 07:10;2026-09-15 14:10;voltou;quedas gravadas;30,2;;;;;;;
pv;Ouro Branco;ORB100;Inversor 1.3;Ipv4;dentro das esperadas;17;2026-09-15 07:10;2026-09-15 14:10;voltou;quedas gravadas;30,2;;;;;;;
pv;Ouro Branco;ORB100;Inversor 1.3;Ipv5;dentro das esperadas;17;2026-09-15 07:10;2026-09-15 14:10;voltou;quedas gravadas;30,2;;;;;;;
pv;Ouro Branco;ORB100;Inversor 1.3;Ipv6;dentro das esperadas;17;2026-09-15 07:10;2026-09-15 14:10;voltou;quedas gravadas;30,2;;;;;;;
pv;Ouro Branco;ORB100;Inversor 1.3;Ipv7;dentro das esperadas;17;2026-09-15 07:10;2026-09-15 14:10;voltou;quedas gravadas;30,2;;;;;;;
pv;Ouro Branco;ORB100;Inversor 1.3;Ipv8;dentro das esperadas;17;2026-09-15 07:10;2026-09-15 14:10;voltou;quedas gravadas;30,2;;;;;;;
pv;Ouro Branco;ORB100;Inversor 1.3;Ipv9;dentro das esperadas;17;2026-09-15 07:10;2026-09-15 14:10;voltou;quedas gravadas;30,2;;;;;;;
pv;Ouro Branco;ORB100;Inversor 1.4;Ipv10;dentro das esperadas;17;2026-09-15 07:10;2026-09-15 14:10;voltou;quedas gravadas;30,2;;;;;;;
pv;Ouro Branco;ORB100;Inversor 1.4;Ipv11;dentro das esperadas;17;2026-09-15 07:10;2026-09-15 14:10;voltou;quedas gravadas;30,2;;;;;;;
pv;Ouro Branco;ORB100;Inversor 1.4;Ipv12;dentro das esperadas;17;2026-09-15 07:10;2026-09-15 14:10;voltou;quedas gravadas;30,2;;;;;;;
pv;Ouro Branco;ORB100;Inversor 1.4;Ipv13;dentro das esperadas;17;2026-09-15 07:10;2026-09-15 14:10;voltou;quedas gravadas;30,2;;;;;;;
pv;Ouro Branco;ORB100;Inversor 1.4;Ipv14;dentro das esperadas;17;2026-09-15 07:10;2026-09-15 14:10;voltou;quedas gravadas;30,2;;;;;;;
pv;Ouro Branco;ORB100;Inversor 1.4;Ipv15;dentro das esperadas;17;2026-09-15 07:10;2026-09-15 14:10;voltou;quedas gravadas;30,2;;;;;;;
pv;Ouro Branco;ORB100;Inversor 1.4;Ipv16;dentro das esperadas;17;2026-09-15 07:10;2026-09-15 14:10;voltou;quedas gravadas;30,2;;;;;;;
pv;Ouro Branco;ORB100;Inversor 1.4;Ipv17;dentro das esperadas;17;2026-09-15 07:10;2026-09-15 14:10;voltou;quedas gravadas;30,2;;;;;;;
pv;Ouro Branco;ORB100;Inversor 1.4;Ipv18;acima das esperadas;17;2026-09-24 06:00;;em aberto;misto;150,9;;;;;;;
pv;Ouro Branco;ORB100;Inversor 1.4;Ipv2;dentro das esperadas;17;2026-09-15 07:10;2026-09-15 14:10;voltou;quedas gravadas;30,2;;;;;;;
pv;Ouro Branco;ORB100;Inversor 1.4;Ipv3;dentro das esperadas;17;2026-09-15 07:10;2026-09-15 14:10;voltou;quedas gravadas;30,2;;;;;;;
pv;Ouro Branco;ORB100;Inversor 1.4;Ipv4;dentro das esperadas;17;2026-09-15 07:10;2026-09-15 14:10;voltou;quedas gravadas;30,2;;;;;;;
pv;Ouro Branco;ORB100;Inversor 1.4;Ipv5;dentro das esperadas;17;2026-09-15 07:10;2026-09-15 14:10;voltou;quedas gravadas;30,2;;;;;;;
pv;Ouro Branco;ORB100;Inversor 1.4;Ipv6;dentro das esperadas;17;2026-09-15 07:10;2026-09-15 14:10;voltou;quedas gravadas;30,2;;;;;;;
pv;Ouro Branco;ORB100;Inversor 1.4;Ipv7;dentro das esperadas;17;2026-09-15 07:10;2026-09-15 14:10;voltou;quedas gravadas;30,2;;;;;;;
pv;Ouro Branco;ORB100;Inversor 1.4;Ipv8;dentro das esperadas;17;2026-09-15 07:10;2026-09-15 14:10;voltou;quedas gravadas;30,2;;;;;;;
pv;Ouro Branco;ORB100;Inversor 1.4;Ipv9;dentro das esperadas;17;2026-09-15 07:10;2026-09-15 14:10;voltou;quedas gravadas;30,2;;;;;;;
pv;Ouro Branco;ORB100;Inversor 1.5;Ipv10;dentro das esperadas;17;2026-09-15 07:10;2026-09-15 14:10;voltou;quedas gravadas;30,2;;;;;;;
pv;Ouro Branco;ORB100;Inversor 1.5;Ipv11;dentro das esperadas;17;2026-09-15 07:10;2026-09-15 14:10;voltou;quedas gravadas;30,2;;;;;;;
pv;Ouro Branco;ORB100;Inversor 1.5;Ipv12;dentro das esperadas;17;2026-09-15 07:10;2026-09-15 14:10;voltou;quedas gravadas;30,2;;;;;;;
pv;Ouro Branco;ORB100;Inversor 1.5;Ipv13;dentro das esperadas;17;2026-09-15 07:10;2026-09-15 14:10;voltou;quedas gravadas;30,2;;;;;;;
pv;Ouro Branco;ORB100;Inversor 1.5;Ipv14;dentro das esperadas;17;2026-09-15 07:10;2026-09-15 14:10;voltou;quedas gravadas;30,2;;;;;;;
pv;Ouro Branco;ORB100;Inversor 1.5;Ipv15;dentro das esperadas;17;2026-09-15 07:10;2026-09-15 14:10;voltou;quedas gravadas;30,2;;;;;;;
pv;Ouro Branco;ORB100;Inversor 1.5;Ipv16;dentro das esperadas;17;2026-09-15 07:10;2026-09-15 14:10;voltou;quedas gravadas;30,2;;;;;;;
pv;Ouro Branco;ORB100;Inversor 1.5;Ipv17;dentro das esperadas;17;2026-09-15 07:10;2026-09-15 14:10;voltou;quedas gravadas;30,2;;;;;;;
pv;Ouro Branco;ORB100;Inversor 1.5;Ipv18;acima das esperadas;17;2026-09-24 06:00;;em aberto;misto;150,9;;;;;;;
pv;Ouro Branco;ORB100;Inversor 1.5;Ipv2;dentro das esperadas;17;2026-09-15 07:10;2026-09-15 14:10;voltou;quedas gravadas;30,2;;;;;;;
pv;Ouro Branco;ORB100;Inversor 1.5;Ipv3;dentro das esperadas;17;2026-09-15 07:10;2026-09-15 14:10;voltou;quedas gravadas;30,2;;;;;;;
pv;Ouro Branco;ORB100;Inversor 1.5;Ipv4;dentro das esperadas;17;2026-09-15 07:10;2026-09-15 14:10;voltou;quedas gravadas;30,2;;;;;;;
pv;Ouro Branco;ORB100;Inversor 1.5;Ipv5;dentro das esperadas;17;2026-09-15 07:10;2026-09-15 14:10;voltou;quedas gravadas;30,2;;;;;;;
pv;Ouro Branco;ORB100;Inversor 1.5;Ipv6;dentro das esperadas;17;2026-09-15 07:10;2026-09-15 14:10;voltou;quedas gravadas;30,2;;;;;;;
pv;Ouro Branco;ORB100;Inversor 1.5;Ipv7;dentro das esperadas;17;2026-09-15 07:10;2026-09-15 14:10;voltou;quedas gravadas;30,2;;;;;;;
pv;Ouro Branco;ORB100;Inversor 1.5;Ipv8;dentro das esperadas;17;2026-09-15 07:10;2026-09-15 14:10;voltou;quedas gravadas;30,2;;;;;;;
pv;Ouro Branco;ORB100;Inversor 1.5;Ipv9;dentro das esperadas;17;2026-09-15 07:10;2026-09-15 14:10;voltou;quedas gravadas;30,2;;;;;;;
pv;Ouro Branco;ORB100;Inversor 1.6;Ipv10;dentro das esperadas;17;2026-09-15 07:10;2026-09-15 14:10;voltou;quedas gravadas;30,2;;;;;;;
pv;Ouro Branco;ORB100;Inversor 1.6;Ipv11;dentro das esperadas;17;2026-09-15 07:10;2026-09-15 14:10;voltou;quedas gravadas;30,2;;;;;;;
pv;Ouro Branco;ORB100;Inversor 1.6;Ipv12;dentro das esperadas;17;2026-09-15 07:10;2026-09-15 14:10;voltou;quedas gravadas;30,2;;;;;;;
pv;Ouro Branco;ORB100;Inversor 1.6;Ipv13;dentro das esperadas;17;2026-09-15 07:10;2026-09-15 14:10;voltou;quedas gravadas;30,2;;;;;;;
pv;Ouro Branco;ORB100;Inversor 1.6;Ipv14;dentro das esperadas;17;2026-09-15 07:10;2026-09-15 14:10;voltou;quedas gravadas;30,2;;;;;;;
pv;Ouro Branco;ORB100;Inversor 1.6;Ipv15;dentro das esperadas;17;2026-09-15 07:10;2026-09-15 14:10;voltou;quedas gravadas;30,2;;;;;;;
pv;Ouro Branco;ORB100;Inversor 1.6;Ipv16;dentro das esperadas;17;2026-09-15 07:10;2026-09-15 14:10;voltou;quedas gravadas;30,2;;;;;;;
pv;Ouro Branco;ORB100;Inversor 1.6;Ipv17;dentro das esperadas;17;2026-09-24 06:00;;em aberto;misto;150,9;;;;;;;
pv;Ouro Branco;ORB100;Inversor 1.6;Ipv18;acima das esperadas;17;2026-09-15 07:10;2026-09-15 14:10;voltou;quedas gravadas;30,2;;;;;;;
pv;Ouro Branco;ORB100;Inversor 1.6;Ipv2;dentro das esperadas;17;2026-09-15 07:10;2026-09-15 14:10;voltou;quedas gravadas;30,2;;;;;;;
pv;Ouro Branco;ORB100;Inversor 1.6;Ipv3;dentro das esperadas;17;2026-09-15 07:10;2026-09-15 14:10;voltou;quedas gravadas;30,2;;;;;;;
pv;Ouro Branco;ORB100;Inversor 1.6;Ipv4;dentro das esperadas;17;2026-09-15 07:10;2026-09-15 14:10;voltou;quedas gravadas;30,2;;;;;;;
pv;Ouro Branco;ORB100;Inversor 1.6;Ipv5;dentro das esperadas;17;2026-09-15 07:10;2026-09-15 14:10;voltou;quedas gravadas;30,2;;;;;;;
pv;Ouro Branco;ORB100;Inversor 1.6;Ipv6;dentro das esperadas;17;2026-09-15 07:10;2026-09-15 14:10;voltou;quedas gravadas;30,2;;;;;;;
pv;Ouro Branco;ORB100;Inversor 1.6;Ipv7;dentro das esperadas;17;2026-09-15 07:10;2026-09-15 14:10;voltou;quedas gravadas;30,2;;;;;;;
pv;Ouro Branco;ORB100;Inversor 1.6;Ipv8;dentro das esperadas;17;2026-09-15 07:10;2026-09-15 14:10;voltou;quedas gravadas;30,2;;;;;;;
pv;Ouro Branco;ORB100;Inversor 1.6;Ipv9;dentro das esperadas;17;2026-09-15 07:10;2026-09-15 14:10;voltou;quedas gravadas;30,2;;;;;;;
pv;Ouro Branco;ORB100;Inversor 1.7;Ipv10;dentro das esperadas;17;2026-09-15 07:10;2026-09-15 14:20;voltou;quedas gravadas;30,8;;;;;;;
pv;Ouro Branco;ORB100;Inversor 1.7;Ipv11;dentro das esperadas;17;2026-09-15 07:10;2026-09-15 14:20;voltou;quedas gravadas;30,8;;;;;;;
pv;Ouro Branco;ORB100;Inversor 1.7;Ipv12;dentro das esperadas;17;2026-09-15 07:10;2026-09-15 14:20;voltou;quedas gravadas;30,8;;;;;;;
pv;Ouro Branco;ORB100;Inversor 1.7;Ipv13;dentro das esperadas;17;2026-09-15 07:10;2026-09-15 14:20;voltou;quedas gravadas;30,8;;;;;;;
pv;Ouro Branco;ORB100;Inversor 1.7;Ipv14;dentro das esperadas;17;2026-09-15 07:10;2026-09-15 14:20;voltou;quedas gravadas;30,8;;;;;;;
pv;Ouro Branco;ORB100;Inversor 1.7;Ipv15;dentro das esperadas;17;2026-09-15 07:10;2026-09-15 14:20;voltou;quedas gravadas;30,8;;;;;;;
pv;Ouro Branco;ORB100;Inversor 1.7;Ipv16;dentro das esperadas;17;2026-09-15 07:10;2026-09-15 14:20;voltou;quedas gravadas;30,8;;;;;;;
pv;Ouro Branco;ORB100;Inversor 1.7;Ipv17;dentro das esperadas;17;2026-09-15 07:10;2026-09-15 14:20;voltou;quedas gravadas;30,8;;;;;;;
pv;Ouro Branco;ORB100;Inversor 1.7;Ipv18;acima das esperadas;17;2026-09-24 06:00;;em aberto;misto;150,9;;;;;;;
pv;Ouro Branco;ORB100;Inversor 1.7;Ipv2;dentro das esperadas;17;2026-09-15 07:10;2026-09-15 14:20;voltou;quedas gravadas;30,8;;;;;;;
pv;Ouro Branco;ORB100;Inversor 1.7;Ipv3;dentro das esperadas;17;2026-09-15 07:10;2026-09-15 14:20;voltou;quedas gravadas;30,8;;;;;;;
pv;Ouro Branco;ORB100;Inversor 1.7;Ipv4;dentro das esperadas;17;2026-09-15 07:10;2026-09-15 14:20;voltou;quedas gravadas;30,8;;;;;;;
pv;Ouro Branco;ORB100;Inversor 1.7;Ipv5;dentro das esperadas;17;2026-09-15 07:10;2026-09-15 14:20;voltou;quedas gravadas;30,8;;;;;;;
pv;Ouro Branco;ORB100;Inversor 1.7;Ipv6;dentro das esperadas;17;2026-09-15 07:10;2026-09-15 14:20;voltou;quedas gravadas;30,8;;;;;;;
pv;Ouro Branco;ORB100;Inversor 1.7;Ipv7;dentro das esperadas;17;2026-09-15 07:10;2026-09-15 14:20;voltou;quedas gravadas;30,8;;;;;;;
pv;Ouro Branco;ORB100;Inversor 1.7;Ipv8;dentro das esperadas;17;2026-09-15 07:10;2026-09-15 14:20;voltou;quedas gravadas;30,8;;;;;;;
pv;Ouro Branco;ORB100;Inversor 1.7;Ipv9;dentro das esperadas;17;2026-09-15 07:10;2026-09-15 14:20;voltou;quedas gravadas;30,8;;;;;;;
pv;Ouro Branco;ORB100;Inversor 1.8;Ipv10;dentro das esperadas;17;2026-09-15 07:10;2026-09-15 14:20;voltou;quedas gravadas;30,8;;;;;;;
pv;Ouro Branco;ORB100;Inversor 1.8;Ipv11;dentro das esperadas;17;2026-09-15 07:10;2026-09-15 14:20;voltou;quedas gravadas;30,8;;;;;;;
pv;Ouro Branco;ORB100;Inversor 1.8;Ipv12;dentro das esperadas;17;2026-09-15 07:10;2026-09-15 14:20;voltou;quedas gravadas;30,8;;;;;;;
pv;Ouro Branco;ORB100;Inversor 1.8;Ipv13;dentro das esperadas;17;2026-09-15 07:10;2026-09-15 14:20;voltou;quedas gravadas;30,8;;;;;;;
pv;Ouro Branco;ORB100;Inversor 1.8;Ipv14;dentro das esperadas;17;2026-09-15 07:10;2026-09-15 14:20;voltou;quedas gravadas;30,8;;;;;;;
pv;Ouro Branco;ORB100;Inversor 1.8;Ipv15;dentro das esperadas;17;2026-09-15 07:10;2026-09-15 14:20;voltou;quedas gravadas;30,8;;;;;;;
pv;Ouro Branco;ORB100;Inversor 1.8;Ipv16;dentro das esperadas;17;2026-09-15 07:10;2026-09-15 14:20;voltou;quedas gravadas;30,8;;;;;;;
pv;Ouro Branco;ORB100;Inversor 1.8;Ipv17;dentro das esperadas;17;2026-09-15 07:10;2026-09-15 14:20;voltou;quedas gravadas;30,8;;;;;;;
pv;Ouro Branco;ORB100;Inversor 1.8;Ipv18;acima das esperadas;17;2026-09-24 06:00;;em aberto;misto;150,9;;;;;;;
pv;Ouro Branco;ORB100;Inversor 1.8;Ipv2;dentro das esperadas;17;2026-09-15 07:10;2026-09-15 14:20;voltou;quedas gravadas;30,8;;;;;;;
pv;Ouro Branco;ORB100;Inversor 1.8;Ipv3;dentro das esperadas;17;2026-09-15 07:10;2026-09-15 14:20;voltou;quedas gravadas;30,8;;;;;;;
pv;Ouro Branco;ORB100;Inversor 1.8;Ipv4;dentro das esperadas;17;2026-09-15 07:10;2026-09-15 14:20;voltou;quedas gravadas;30,8;;;;;;;
pv;Ouro Branco;ORB100;Inversor 1.8;Ipv5;dentro das esperadas;17;2026-09-15 07:10;2026-09-15 14:20;voltou;quedas gravadas;30,8;;;;;;;
pv;Ouro Branco;ORB100;Inversor 1.8;Ipv6;dentro das esperadas;17;2026-09-15 07:10;2026-09-15 14:20;voltou;quedas gravadas;30,8;;;;;;;
pv;Ouro Branco;ORB100;Inversor 1.8;Ipv7;dentro das esperadas;17;2026-09-15 07:10;2026-09-15 14:20;voltou;quedas gravadas;30,8;;;;;;;
pv;Ouro Branco;ORB100;Inversor 1.8;Ipv8;dentro das esperadas;17;2026-09-15 07:10;2026-09-15 14:20;voltou;quedas gravadas;30,8;;;;;;;
pv;Ouro Branco;ORB100;Inversor 1.8;Ipv9;dentro das esperadas;17;2026-09-15 07:10;2026-09-15 14:20;voltou;quedas gravadas;30,8;;;;;;;
pv;Ouro Branco;ORB100;Inversor 1.9;Ipv10;dentro das esperadas;17;2026-09-15 07:10;2026-09-15 14:20;voltou;quedas gravadas;30,8;;;;;;;
pv;Ouro Branco;ORB100;Inversor 1.9;Ipv11;dentro das esperadas;17;2026-09-15 07:10;2026-09-15 14:20;voltou;quedas gravadas;30,8;;;;;;;
pv;Ouro Branco;ORB100;Inversor 1.9;Ipv12;dentro das esperadas;17;2026-09-15 07:10;2026-09-15 14:20;voltou;quedas gravadas;30,8;;;;;;;
pv;Ouro Branco;ORB100;Inversor 1.9;Ipv13;dentro das esperadas;17;2026-09-15 07:10;2026-09-15 14:20;voltou;quedas gravadas;30,8;;;;;;;
pv;Ouro Branco;ORB100;Inversor 1.9;Ipv14;dentro das esperadas;17;2026-09-15 07:10;2026-09-15 14:20;voltou;quedas gravadas;30,8;;;;;;;
pv;Ouro Branco;ORB100;Inversor 1.9;Ipv15;dentro das esperadas;17;2026-09-15 07:10;2026-09-15 14:20;voltou;quedas gravadas;30,8;;;;;;;
pv;Ouro Branco;ORB100;Inversor 1.9;Ipv16;dentro das esperadas;17;2026-09-15 07:10;2026-09-15 14:20;voltou;quedas gravadas;30,8;;;;;;;
pv;Ouro Branco;ORB100;Inversor 1.9;Ipv17;dentro das esperadas;17;2026-09-15 07:10;2026-09-15 14:20;voltou;quedas gravadas;30,8;;;;;;;
pv;Ouro Branco;ORB100;Inversor 1.9;Ipv18;acima das esperadas;17;2026-09-24 06:00;;em aberto;misto;150,7;;;;;;;
pv;Ouro Branco;ORB100;Inversor 1.9;Ipv2;dentro das esperadas;17;2026-09-15 07:10;2026-09-15 14:20;voltou;quedas gravadas;30,8;;;;;;;
pv;Ouro Branco;ORB100;Inversor 1.9;Ipv3;dentro das esperadas;17;2026-09-15 07:10;2026-09-15 14:20;voltou;quedas gravadas;30,8;;;;;;;
pv;Ouro Branco;ORB100;Inversor 1.9;Ipv4;dentro das esperadas;17;2026-09-15 07:10;2026-09-15 14:20;voltou;quedas gravadas;30,8;;;;;;;
pv;Ouro Branco;ORB100;Inversor 1.9;Ipv5;dentro das esperadas;17;2026-09-15 07:10;2026-09-15 14:20;voltou;quedas gravadas;30,8;;;;;;;
pv;Ouro Branco;ORB100;Inversor 1.9;Ipv6;dentro das esperadas;17;2026-09-15 07:10;2026-09-15 14:20;voltou;quedas gravadas;30,8;;;;;;;
pv;Ouro Branco;ORB100;Inversor 1.9;Ipv7;dentro das esperadas;17;2026-09-15 07:10;2026-09-15 14:20;voltou;quedas gravadas;30,8;;;;;;;
pv;Ouro Branco;ORB100;Inversor 1.9;Ipv8;dentro das esperadas;17;2026-09-15 07:10;2026-09-15 14:20;voltou;quedas gravadas;30,8;;;;;;;
pv;Ouro Branco;ORB100;Inversor 1.9;Ipv9;dentro das esperadas;17;2026-09-15 07:10;2026-09-15 14:20;voltou;quedas gravadas;30,8;;;;;;;
pv;Ouro Branco;ORB100;Inversor 2.1;Ipv10;dentro das esperadas;17;2026-09-15 07:10;2026-09-15 14:20;voltou;quedas gravadas;30,8;;;;;;;
pv;Ouro Branco;ORB100;Inversor 2.1;Ipv11;dentro das esperadas;17;2026-09-15 07:10;2026-09-15 14:20;voltou;quedas gravadas;30,8;;;;;;;
pv;Ouro Branco;ORB100;Inversor 2.1;Ipv12;dentro das esperadas;17;2026-09-15 07:10;2026-09-15 14:20;voltou;quedas gravadas;30,8;;;;;;;
pv;Ouro Branco;ORB100;Inversor 2.1;Ipv13;dentro das esperadas;17;2026-09-15 07:10;2026-09-15 14:20;voltou;quedas gravadas;30,8;;;;;;;
pv;Ouro Branco;ORB100;Inversor 2.1;Ipv14;dentro das esperadas;17;2026-09-15 07:10;2026-09-15 14:20;voltou;quedas gravadas;30,8;;;;;;;
pv;Ouro Branco;ORB100;Inversor 2.1;Ipv15;dentro das esperadas;17;2026-09-15 07:10;2026-09-15 14:20;voltou;quedas gravadas;30,8;;;;;;;
pv;Ouro Branco;ORB100;Inversor 2.1;Ipv16;dentro das esperadas;17;2026-09-15 07:10;2026-09-15 14:20;voltou;quedas gravadas;30,8;;;;;;;
pv;Ouro Branco;ORB100;Inversor 2.1;Ipv17;dentro das esperadas;17;2026-09-15 07:10;2026-09-15 14:20;voltou;quedas gravadas;30,8;;;;;;;
pv;Ouro Branco;ORB100;Inversor 2.1;Ipv18;acima das esperadas;17;2026-09-23 06:00;2026-09-24 09:30;voltou;quedas gravadas;48,2;;;;;;;
pv;Ouro Branco;ORB100;Inversor 2.1;Ipv18;acima das esperadas;17;2026-09-24 09:40;;em aberto;misto;139,4;;;;;;;
pv;Ouro Branco;ORB100;Inversor 2.1;Ipv2;dentro das esperadas;17;2026-09-15 07:10;2026-09-15 14:20;voltou;quedas gravadas;30,8;;;;;;;
pv;Ouro Branco;ORB100;Inversor 2.1;Ipv3;dentro das esperadas;17;2026-09-15 07:10;2026-09-15 14:20;voltou;quedas gravadas;30,8;;;;;;;
pv;Ouro Branco;ORB100;Inversor 2.1;Ipv4;dentro das esperadas;17;2026-09-15 07:10;2026-09-15 14:20;voltou;quedas gravadas;30,8;;;;;;;
pv;Ouro Branco;ORB100;Inversor 2.1;Ipv5;dentro das esperadas;17;2026-09-15 07:10;2026-09-15 14:20;voltou;quedas gravadas;30,8;;;;;;;
pv;Ouro Branco;ORB100;Inversor 2.1;Ipv6;dentro das esperadas;17;2026-09-15 07:10;2026-09-15 14:20;voltou;quedas gravadas;30,8;;;;;;;
pv;Ouro Branco;ORB100;Inversor 2.1;Ipv7;dentro das esperadas;17;2026-09-15 07:10;2026-09-15 14:20;voltou;quedas gravadas;30,8;;;;;;;
pv;Ouro Branco;ORB100;Inversor 2.1;Ipv8;dentro das esperadas;17;2026-09-15 07:10;2026-09-15 14:20;voltou;quedas gravadas;30,8;;;;;;;
pv;Ouro Branco;ORB100;Inversor 2.1;Ipv9;dentro das esperadas;17;2026-09-15 07:10;2026-09-15 14:20;voltou;quedas gravadas;30,8;;;;;;;
pv;Ouro Branco;ORB100;Inversor 2.2;Ipv10;dentro das esperadas;17;2026-09-15 07:10;2026-09-15 14:20;voltou;quedas gravadas;30,8;;;;;;;
pv;Ouro Branco;ORB100;Inversor 2.2;Ipv11;dentro das esperadas;17;2026-09-15 07:10;2026-09-15 14:20;voltou;quedas gravadas;30,8;;;;;;;
pv;Ouro Branco;ORB100;Inversor 2.2;Ipv12;dentro das esperadas;17;2026-09-15 07:10;2026-09-15 14:20;voltou;quedas gravadas;30,8;;;;;;;
pv;Ouro Branco;ORB100;Inversor 2.2;Ipv13;dentro das esperadas;17;2026-09-15 07:10;2026-09-15 14:20;voltou;quedas gravadas;30,8;;;;;;;
pv;Ouro Branco;ORB100;Inversor 2.2;Ipv14;dentro das esperadas;17;2026-09-15 07:10;2026-09-15 14:20;voltou;quedas gravadas;30,8;;;;;;;
pv;Ouro Branco;ORB100;Inversor 2.2;Ipv15;dentro das esperadas;17;2026-09-15 07:10;2026-09-15 14:20;voltou;quedas gravadas;30,8;;;;;;;
pv;Ouro Branco;ORB100;Inversor 2.2;Ipv16;dentro das esperadas;17;2026-09-15 07:10;2026-09-15 14:20;voltou;quedas gravadas;30,8;;;;;;;
pv;Ouro Branco;ORB100;Inversor 2.2;Ipv17;dentro das esperadas;17;2026-09-15 07:10;2026-09-15 14:20;voltou;quedas gravadas;30,8;;;;;;;
pv;Ouro Branco;ORB100;Inversor 2.2;Ipv18;acima das esperadas;17;2026-09-23 06:00;;em aberto;misto;188,3;;;;;;;
pv;Ouro Branco;ORB100;Inversor 2.2;Ipv2;dentro das esperadas;17;2026-09-15 07:10;2026-09-15 14:20;voltou;quedas gravadas;30,8;;;;;;;
pv;Ouro Branco;ORB100;Inversor 2.2;Ipv3;dentro das esperadas;17;2026-09-15 07:10;2026-09-15 14:20;voltou;quedas gravadas;30,8;;;;;;;
pv;Ouro Branco;ORB100;Inversor 2.2;Ipv4;dentro das esperadas;17;2026-09-15 07:10;2026-09-15 14:20;voltou;quedas gravadas;30,8;;;;;;;
pv;Ouro Branco;ORB100;Inversor 2.2;Ipv5;dentro das esperadas;17;2026-09-15 07:10;2026-09-15 14:20;voltou;quedas gravadas;30,8;;;;;;;
pv;Ouro Branco;ORB100;Inversor 2.2;Ipv6;dentro das esperadas;17;2026-09-15 07:10;2026-09-15 14:20;voltou;quedas gravadas;30,8;;;;;;;
pv;Ouro Branco;ORB100;Inversor 2.2;Ipv7;dentro das esperadas;17;2026-09-15 07:10;2026-09-15 14:20;voltou;quedas gravadas;30,8;;;;;;;
pv;Ouro Branco;ORB100;Inversor 2.2;Ipv8;dentro das esperadas;17;2026-09-15 07:10;2026-09-15 14:20;voltou;quedas gravadas;30,8;;;;;;;
pv;Ouro Branco;ORB100;Inversor 2.2;Ipv9;dentro das esperadas;17;2026-09-15 07:10;2026-09-15 14:20;voltou;quedas gravadas;30,8;;;;;;;
pv;Ouro Branco;ORB100;Inversor 2.3;Ipv10;dentro das esperadas;17;2026-09-15 07:10;2026-09-15 14:20;voltou;quedas gravadas;30,8;;;;;;;
pv;Ouro Branco;ORB100;Inversor 2.3;Ipv11;dentro das esperadas;17;2026-09-15 07:10;2026-09-15 14:20;voltou;quedas gravadas;30,8;;;;;;;
pv;Ouro Branco;ORB100;Inversor 2.3;Ipv12;dentro das esperadas;17;2026-09-15 07:10;2026-09-15 14:20;voltou;quedas gravadas;30,8;;;;;;;
pv;Ouro Branco;ORB100;Inversor 2.3;Ipv13;dentro das esperadas;17;2026-09-15 07:10;2026-09-15 14:20;voltou;quedas gravadas;30,8;;;;;;;
pv;Ouro Branco;ORB100;Inversor 2.3;Ipv14;dentro das esperadas;17;2026-09-15 07:10;2026-09-15 14:20;voltou;quedas gravadas;30,8;;;;;;;
pv;Ouro Branco;ORB100;Inversor 2.3;Ipv15;dentro das esperadas;17;2026-09-15 07:10;2026-09-15 14:20;voltou;quedas gravadas;30,8;;;;;;;
pv;Ouro Branco;ORB100;Inversor 2.3;Ipv16;dentro das esperadas;17;2026-09-15 07:10;2026-09-15 14:20;voltou;quedas gravadas;30,8;;;;;;;
pv;Ouro Branco;ORB100;Inversor 2.3;Ipv17;dentro das esperadas;17;2026-09-15 07:10;2026-09-15 14:20;voltou;quedas gravadas;30,8;;;;;;;
pv;Ouro Branco;ORB100;Inversor 2.3;Ipv18;acima das esperadas;17;2026-09-23 06:00;;em aberto;misto;188,3;;;;;;;
pv;Ouro Branco;ORB100;Inversor 2.3;Ipv2;dentro das esperadas;17;2026-09-15 07:10;2026-09-15 14:20;voltou;quedas gravadas;30,8;;;;;;;
pv;Ouro Branco;ORB100;Inversor 2.3;Ipv3;dentro das esperadas;17;2026-09-15 07:10;2026-09-15 14:20;voltou;quedas gravadas;30,8;;;;;;;
pv;Ouro Branco;ORB100;Inversor 2.3;Ipv4;dentro das esperadas;17;2026-09-15 07:10;2026-09-15 14:20;voltou;quedas gravadas;30,8;;;;;;;
pv;Ouro Branco;ORB100;Inversor 2.3;Ipv5;dentro das esperadas;17;2026-09-15 07:10;2026-09-15 14:20;voltou;quedas gravadas;30,8;;;;;;;
pv;Ouro Branco;ORB100;Inversor 2.3;Ipv6;dentro das esperadas;17;2026-09-15 07:10;2026-09-15 14:20;voltou;quedas gravadas;30,8;;;;;;;
pv;Ouro Branco;ORB100;Inversor 2.3;Ipv7;dentro das esperadas;17;2026-09-15 07:10;2026-09-15 14:20;voltou;quedas gravadas;30,8;;;;;;;
pv;Ouro Branco;ORB100;Inversor 2.3;Ipv8;dentro das esperadas;17;2026-09-15 07:10;2026-09-15 14:20;voltou;quedas gravadas;30,8;;;;;;;
pv;Ouro Branco;ORB100;Inversor 2.3;Ipv9;dentro das esperadas;17;2026-09-15 07:10;2026-09-15 14:20;voltou;quedas gravadas;30,8;;;;;;;
pv;Ouro Branco;ORB100;Inversor 2.4;Ipv10;dentro das esperadas;17;2026-09-15 07:20;2026-09-15 14:20;voltou;quedas gravadas;30,4;;;;;;;
pv;Ouro Branco;ORB100;Inversor 2.4;Ipv11;dentro das esperadas;17;2026-09-15 07:20;2026-09-15 14:20;voltou;quedas gravadas;30,4;;;;;;;
pv;Ouro Branco;ORB100;Inversor 2.4;Ipv12;dentro das esperadas;17;2026-09-15 07:20;2026-09-15 14:20;voltou;quedas gravadas;30,4;;;;;;;
pv;Ouro Branco;ORB100;Inversor 2.4;Ipv13;dentro das esperadas;17;2026-09-15 07:20;2026-09-15 14:20;voltou;quedas gravadas;30,4;;;;;;;
pv;Ouro Branco;ORB100;Inversor 2.4;Ipv14;dentro das esperadas;17;2026-09-15 07:20;2026-09-15 14:20;voltou;quedas gravadas;30,4;;;;;;;
pv;Ouro Branco;ORB100;Inversor 2.4;Ipv15;dentro das esperadas;17;2026-09-15 07:20;2026-09-15 14:20;voltou;quedas gravadas;30,4;;;;;;;
pv;Ouro Branco;ORB100;Inversor 2.4;Ipv16;dentro das esperadas;17;2026-09-15 07:20;2026-09-15 14:20;voltou;quedas gravadas;30,4;;;;;;;
pv;Ouro Branco;ORB100;Inversor 2.4;Ipv17;dentro das esperadas;17;2026-09-15 07:20;2026-09-15 14:20;voltou;quedas gravadas;30,4;;;;;;;
pv;Ouro Branco;ORB100;Inversor 2.4;Ipv18;acima das esperadas;17;2026-09-23 06:00;;em aberto;misto;188,3;;;;;;;
pv;Ouro Branco;ORB100;Inversor 2.4;Ipv2;dentro das esperadas;17;2026-09-15 07:20;2026-09-15 14:20;voltou;quedas gravadas;30,4;;;;;;;
pv;Ouro Branco;ORB100;Inversor 2.4;Ipv3;dentro das esperadas;17;2026-09-15 07:20;2026-09-15 14:20;voltou;quedas gravadas;30,4;;;;;;;
pv;Ouro Branco;ORB100;Inversor 2.4;Ipv4;dentro das esperadas;17;2026-09-15 07:20;2026-09-15 14:20;voltou;quedas gravadas;30,4;;;;;;;
pv;Ouro Branco;ORB100;Inversor 2.4;Ipv5;dentro das esperadas;17;2026-09-15 07:20;2026-09-15 14:20;voltou;quedas gravadas;30,4;;;;;;;
pv;Ouro Branco;ORB100;Inversor 2.4;Ipv6;dentro das esperadas;17;2026-09-15 07:20;2026-09-15 14:20;voltou;quedas gravadas;30,4;;;;;;;
pv;Ouro Branco;ORB100;Inversor 2.4;Ipv7;dentro das esperadas;17;2026-09-15 07:20;2026-09-15 14:20;voltou;quedas gravadas;30,4;;;;;;;
pv;Ouro Branco;ORB100;Inversor 2.4;Ipv8;dentro das esperadas;17;2026-09-15 07:20;2026-09-15 14:20;voltou;quedas gravadas;30,4;;;;;;;
pv;Ouro Branco;ORB100;Inversor 2.4;Ipv9;dentro das esperadas;17;2026-09-15 07:20;2026-09-15 14:20;voltou;quedas gravadas;30,4;;;;;;;
pv;Ouro Branco;ORB100;Inversor 2.5;Ipv10;dentro das esperadas;17;2026-09-15 07:10;2026-09-15 14:20;voltou;quedas gravadas;30,8;;;;;;;
pv;Ouro Branco;ORB100;Inversor 2.5;Ipv11;dentro das esperadas;17;2026-09-15 07:10;2026-09-15 14:20;voltou;quedas gravadas;30,8;;;;;;;
pv;Ouro Branco;ORB100;Inversor 2.5;Ipv12;dentro das esperadas;17;2026-09-15 07:10;2026-09-15 14:20;voltou;quedas gravadas;30,8;;;;;;;
pv;Ouro Branco;ORB100;Inversor 2.5;Ipv13;dentro das esperadas;17;2026-09-15 07:10;2026-09-15 14:20;voltou;quedas gravadas;30,8;;;;;;;
pv;Ouro Branco;ORB100;Inversor 2.5;Ipv14;dentro das esperadas;17;2026-09-15 07:10;2026-09-15 14:20;voltou;quedas gravadas;30,8;;;;;;;
pv;Ouro Branco;ORB100;Inversor 2.5;Ipv15;dentro das esperadas;17;2026-09-15 07:10;2026-09-15 14:20;voltou;quedas gravadas;30,8;;;;;;;
pv;Ouro Branco;ORB100;Inversor 2.5;Ipv16;dentro das esperadas;17;2026-09-15 07:10;2026-09-15 14:20;voltou;quedas gravadas;30,8;;;;;;;
pv;Ouro Branco;ORB100;Inversor 2.5;Ipv17;dentro das esperadas;17;2026-09-15 07:10;2026-09-15 14:20;voltou;quedas gravadas;30,8;;;;;;;
pv;Ouro Branco;ORB100;Inversor 2.5;Ipv18;acima das esperadas;17;2026-09-23 06:00;;em aberto;misto;188,5;;;;;;;
pv;Ouro Branco;ORB100;Inversor 2.5;Ipv2;dentro das esperadas;17;2026-09-15 07:10;2026-09-15 14:20;voltou;quedas gravadas;30,8;;;;;;;
pv;Ouro Branco;ORB100;Inversor 2.5;Ipv3;dentro das esperadas;17;2026-09-15 07:10;2026-09-15 14:20;voltou;quedas gravadas;30,8;;;;;;;
pv;Ouro Branco;ORB100;Inversor 2.5;Ipv4;dentro das esperadas;17;2026-09-15 07:10;2026-09-15 14:20;voltou;quedas gravadas;30,8;;;;;;;
pv;Ouro Branco;ORB100;Inversor 2.5;Ipv5;dentro das esperadas;17;2026-09-15 07:10;2026-09-15 14:20;voltou;quedas gravadas;30,8;;;;;;;
pv;Ouro Branco;ORB100;Inversor 2.5;Ipv6;dentro das esperadas;17;2026-09-15 07:10;2026-09-15 14:20;voltou;quedas gravadas;30,8;;;;;;;
pv;Ouro Branco;ORB100;Inversor 2.5;Ipv7;dentro das esperadas;17;2026-09-15 07:10;2026-09-15 14:20;voltou;quedas gravadas;30,8;;;;;;;
pv;Ouro Branco;ORB100;Inversor 2.5;Ipv8;dentro das esperadas;17;2026-09-15 07:10;2026-09-15 14:20;voltou;quedas gravadas;30,8;;;;;;;
pv;Ouro Branco;ORB100;Inversor 2.5;Ipv9;dentro das esperadas;17;2026-09-15 07:10;2026-09-15 14:20;voltou;quedas gravadas;30,8;;;;;;;
pv;Ouro Branco;ORB100;Inversor 2.6;Ipv10;dentro das esperadas;17;2026-09-15 07:10;2026-09-15 14:20;voltou;quedas gravadas;30,8;;;;;;;
pv;Ouro Branco;ORB100;Inversor 2.6;Ipv11;dentro das esperadas;17;2026-09-15 07:10;2026-09-15 14:20;voltou;quedas gravadas;30,8;;;;;;;
pv;Ouro Branco;ORB100;Inversor 2.6;Ipv12;dentro das esperadas;17;2026-09-15 07:10;2026-09-15 14:20;voltou;quedas gravadas;30,8;;;;;;;
pv;Ouro Branco;ORB100;Inversor 2.6;Ipv13;dentro das esperadas;17;2026-09-15 07:10;2026-09-15 14:20;voltou;quedas gravadas;30,8;;;;;;;
pv;Ouro Branco;ORB100;Inversor 2.6;Ipv14;dentro das esperadas;17;2026-09-15 07:10;2026-09-15 14:20;voltou;quedas gravadas;30,8;;;;;;;
pv;Ouro Branco;ORB100;Inversor 2.6;Ipv15;dentro das esperadas;17;2026-09-15 07:10;2026-09-15 14:20;voltou;quedas gravadas;30,8;;;;;;;
pv;Ouro Branco;ORB100;Inversor 2.6;Ipv16;dentro das esperadas;17;2026-09-15 07:10;2026-09-15 14:20;voltou;quedas gravadas;30,8;;;;;;;
pv;Ouro Branco;ORB100;Inversor 2.6;Ipv17;dentro das esperadas;17;2026-09-15 07:10;2026-09-15 14:20;voltou;quedas gravadas;30,8;;;;;;;
pv;Ouro Branco;ORB100;Inversor 2.6;Ipv18;acima das esperadas;17;2026-09-23 06:00;;em aberto;misto;188,5;;;;;;;
pv;Ouro Branco;ORB100;Inversor 2.6;Ipv2;dentro das esperadas;17;2026-09-15 07:10;2026-09-15 14:20;voltou;quedas gravadas;30,8;;;;;;;
pv;Ouro Branco;ORB100;Inversor 2.6;Ipv3;dentro das esperadas;17;2026-09-15 07:10;2026-09-15 14:20;voltou;quedas gravadas;30,8;;;;;;;
pv;Ouro Branco;ORB100;Inversor 2.6;Ipv4;dentro das esperadas;17;2026-09-15 07:10;2026-09-15 14:20;voltou;quedas gravadas;30,8;;;;;;;
pv;Ouro Branco;ORB100;Inversor 2.6;Ipv5;dentro das esperadas;17;2026-09-15 07:10;2026-09-15 14:20;voltou;quedas gravadas;30,8;;;;;;;
pv;Ouro Branco;ORB100;Inversor 2.6;Ipv6;dentro das esperadas;17;2026-09-15 07:10;2026-09-15 14:20;voltou;quedas gravadas;30,8;;;;;;;
pv;Ouro Branco;ORB100;Inversor 2.6;Ipv7;dentro das esperadas;17;2026-09-15 07:10;2026-09-15 14:20;voltou;quedas gravadas;30,8;;;;;;;
pv;Ouro Branco;ORB100;Inversor 2.6;Ipv8;dentro das esperadas;17;2026-09-15 07:10;2026-09-15 14:20;voltou;quedas gravadas;30,8;;;;;;;
pv;Ouro Branco;ORB100;Inversor 2.6;Ipv9;dentro das esperadas;17;2026-09-15 07:10;2026-09-15 14:20;voltou;quedas gravadas;30,8;;;;;;;
pv;Ouro Branco;ORB100;Inversor 2.7;Ipv10;dentro das esperadas;17;2026-09-15 07:20;2026-09-15 14:20;voltou;quedas gravadas;30,4;;;;;;;
pv;Ouro Branco;ORB100;Inversor 2.7;Ipv11;dentro das esperadas;17;2026-09-15 07:20;2026-09-15 14:20;voltou;quedas gravadas;30,4;;;;;;;
pv;Ouro Branco;ORB100;Inversor 2.7;Ipv12;dentro das esperadas;17;2026-09-15 07:20;2026-09-15 14:20;voltou;quedas gravadas;30,4;;;;;;;
pv;Ouro Branco;ORB100;Inversor 2.7;Ipv13;dentro das esperadas;17;2026-09-15 07:20;2026-09-15 14:20;voltou;quedas gravadas;30,4;;;;;;;
pv;Ouro Branco;ORB100;Inversor 2.7;Ipv14;dentro das esperadas;17;2026-09-15 07:20;2026-09-15 14:20;voltou;quedas gravadas;30,4;;;;;;;
pv;Ouro Branco;ORB100;Inversor 2.7;Ipv15;dentro das esperadas;17;2026-09-15 07:20;2026-09-15 14:20;voltou;quedas gravadas;30,4;;;;;;;
pv;Ouro Branco;ORB100;Inversor 2.7;Ipv16;dentro das esperadas;17;2026-09-15 07:20;2026-09-15 14:20;voltou;quedas gravadas;30,4;;;;;;;
pv;Ouro Branco;ORB100;Inversor 2.7;Ipv17;dentro das esperadas;17;2026-09-15 07:20;2026-09-15 14:20;voltou;quedas gravadas;30,4;;;;;;;
pv;Ouro Branco;ORB100;Inversor 2.7;Ipv18;acima das esperadas;17;2026-09-23 06:00;2026-09-24 10:20;voltou;quedas gravadas;52,1;;;;;;;
pv;Ouro Branco;ORB100;Inversor 2.7;Ipv18;acima das esperadas;17;2026-09-25 06:10;;em aberto;curva;112,7;;;;;;;
pv;Ouro Branco;ORB100;Inversor 2.7;Ipv2;dentro das esperadas;17;2026-09-15 07:20;2026-09-15 14:20;voltou;quedas gravadas;30,4;;;;;;;
pv;Ouro Branco;ORB100;Inversor 2.7;Ipv3;dentro das esperadas;17;2026-09-15 07:20;2026-09-15 14:20;voltou;quedas gravadas;30,4;;;;;;;
pv;Ouro Branco;ORB100;Inversor 2.7;Ipv4;dentro das esperadas;17;2026-09-15 07:20;2026-09-15 14:20;voltou;quedas gravadas;30,4;;;;;;;
pv;Ouro Branco;ORB100;Inversor 2.7;Ipv5;dentro das esperadas;17;2026-09-15 07:20;2026-09-15 14:20;voltou;quedas gravadas;30,4;;;;;;;
pv;Ouro Branco;ORB100;Inversor 2.7;Ipv6;dentro das esperadas;17;2026-09-15 07:20;2026-09-15 14:20;voltou;quedas gravadas;30,4;;;;;;;
pv;Ouro Branco;ORB100;Inversor 2.7;Ipv7;dentro das esperadas;17;2026-09-15 07:20;2026-09-15 14:20;voltou;quedas gravadas;30,4;;;;;;;
pv;Ouro Branco;ORB100;Inversor 2.7;Ipv8;dentro das esperadas;17;2026-09-15 07:20;2026-09-15 14:20;voltou;quedas gravadas;30,4;;;;;;;
pv;Ouro Branco;ORB100;Inversor 2.7;Ipv9;dentro das esperadas;17;2026-09-15 07:20;2026-09-15 14:20;voltou;quedas gravadas;30,4;;;;;;;
pv;Ouro Branco;ORB100;Inversor 2.8;Ipv10;dentro das esperadas;17;2026-09-15 07:10;2026-09-15 14:20;voltou;quedas gravadas;30,8;;;;;;;
pv;Ouro Branco;ORB100;Inversor 2.8;Ipv11;dentro das esperadas;17;2026-09-15 07:10;2026-09-15 14:20;voltou;quedas gravadas;30,8;;;;;;;
pv;Ouro Branco;ORB100;Inversor 2.8;Ipv12;dentro das esperadas;17;2026-09-15 07:10;2026-09-15 14:20;voltou;quedas gravadas;30,8;;;;;;;
pv;Ouro Branco;ORB100;Inversor 2.8;Ipv13;dentro das esperadas;17;2026-09-15 07:10;2026-09-15 14:20;voltou;quedas gravadas;30,8;;;;;;;
pv;Ouro Branco;ORB100;Inversor 2.8;Ipv14;dentro das esperadas;17;2026-09-15 07:10;2026-09-15 14:20;voltou;quedas gravadas;30,8;;;;;;;
pv;Ouro Branco;ORB100;Inversor 2.8;Ipv15;dentro das esperadas;17;2026-09-15 07:10;2026-09-15 14:20;voltou;quedas gravadas;30,8;;;;;;;
pv;Ouro Branco;ORB100;Inversor 2.8;Ipv16;dentro das esperadas;17;2026-09-15 07:10;2026-09-15 14:20;voltou;quedas gravadas;30,8;;;;;;;
pv;Ouro Branco;ORB100;Inversor 2.8;Ipv17;dentro das esperadas;17;2026-09-15 07:10;2026-09-15 14:20;voltou;quedas gravadas;30,8;;;;;;;
pv;Ouro Branco;ORB100;Inversor 2.8;Ipv18;acima das esperadas;17;2026-09-23 06:00;;em aberto;misto;188,3;;;;;;;
pv;Ouro Branco;ORB100;Inversor 2.8;Ipv2;dentro das esperadas;17;2026-09-15 07:10;2026-09-15 14:20;voltou;quedas gravadas;30,8;;;;;;;
pv;Ouro Branco;ORB100;Inversor 2.8;Ipv3;dentro das esperadas;17;2026-09-15 07:10;2026-09-15 14:20;voltou;quedas gravadas;30,8;;;;;;;
pv;Ouro Branco;ORB100;Inversor 2.8;Ipv4;dentro das esperadas;17;2026-09-15 07:10;2026-09-15 14:20;voltou;quedas gravadas;30,8;;;;;;;
pv;Ouro Branco;ORB100;Inversor 2.8;Ipv5;dentro das esperadas;17;2026-09-15 07:10;2026-09-15 14:20;voltou;quedas gravadas;30,8;;;;;;;
pv;Ouro Branco;ORB100;Inversor 2.8;Ipv6;dentro das esperadas;17;2026-09-15 07:10;2026-09-15 14:20;voltou;quedas gravadas;30,8;;;;;;;
pv;Ouro Branco;ORB100;Inversor 2.8;Ipv7;dentro das esperadas;17;2026-09-15 07:10;2026-09-15 14:20;voltou;quedas gravadas;30,8;;;;;;;
pv;Ouro Branco;ORB100;Inversor 2.8;Ipv8;dentro das esperadas;17;2026-09-15 07:10;2026-09-15 14:20;voltou;quedas gravadas;30,8;;;;;;;
pv;Ouro Branco;ORB100;Inversor 2.8;Ipv9;dentro das esperadas;17;2026-09-15 07:10;2026-09-15 14:20;voltou;quedas gravadas;30,8;;;;;;;
pv;Ouro Branco;ORB100;Inversor 2.9;Ipv10;dentro das esperadas;17;2026-09-15 07:10;2026-09-15 14:20;voltou;quedas gravadas;30,8;;;;;;;
pv;Ouro Branco;ORB100;Inversor 2.9;Ipv11;dentro das esperadas;17;2026-09-15 07:10;2026-09-15 14:20;voltou;quedas gravadas;30,8;;;;;;;
pv;Ouro Branco;ORB100;Inversor 2.9;Ipv12;dentro das esperadas;17;2026-09-15 07:10;2026-09-15 14:20;voltou;quedas gravadas;30,8;;;;;;;
pv;Ouro Branco;ORB100;Inversor 2.9;Ipv13;dentro das esperadas;17;2026-09-15 07:10;2026-09-15 14:20;voltou;quedas gravadas;30,8;;;;;;;
pv;Ouro Branco;ORB100;Inversor 2.9;Ipv14;dentro das esperadas;17;2026-09-15 07:10;2026-09-15 14:20;voltou;quedas gravadas;30,8;;;;;;;
pv;Ouro Branco;ORB100;Inversor 2.9;Ipv15;dentro das esperadas;17;2026-09-15 07:10;2026-09-15 14:20;voltou;quedas gravadas;30,8;;;;;;;
pv;Ouro Branco;ORB100;Inversor 2.9;Ipv16;dentro das esperadas;17;2026-09-15 07:10;2026-09-15 14:20;voltou;quedas gravadas;30,8;;;;;;;
pv;Ouro Branco;ORB100;Inversor 2.9;Ipv17;dentro das esperadas;17;2026-09-15 07:10;2026-09-15 14:20;voltou;quedas gravadas;30,8;;;;;;;
pv;Ouro Branco;ORB100;Inversor 2.9;Ipv18;acima das esperadas;17;2026-09-23 06:00;;em aberto;misto;188,3;;;;;;;
pv;Ouro Branco;ORB100;Inversor 2.9;Ipv2;dentro das esperadas;17;2026-09-15 07:10;2026-09-15 14:20;voltou;quedas gravadas;30,8;;;;;;;
pv;Ouro Branco;ORB100;Inversor 2.9;Ipv3;dentro das esperadas;17;2026-09-15 07:10;2026-09-15 14:20;voltou;quedas gravadas;30,8;;;;;;;
pv;Ouro Branco;ORB100;Inversor 2.9;Ipv4;dentro das esperadas;17;2026-09-15 07:10;2026-09-15 14:20;voltou;quedas gravadas;30,8;;;;;;;
pv;Ouro Branco;ORB100;Inversor 2.9;Ipv5;dentro das esperadas;17;2026-09-15 07:10;2026-09-15 14:20;voltou;quedas gravadas;30,8;;;;;;;
pv;Ouro Branco;ORB100;Inversor 2.9;Ipv6;dentro das esperadas;17;2026-09-15 07:10;2026-09-15 14:20;voltou;quedas gravadas;30,8;;;;;;;
pv;Ouro Branco;ORB100;Inversor 2.9;Ipv7;dentro das esperadas;17;2026-09-15 07:10;2026-09-15 14:20;voltou;quedas gravadas;30,8;;;;;;;
pv;Ouro Branco;ORB100;Inversor 2.9;Ipv8;dentro das esperadas;17;2026-09-15 07:10;2026-09-15 14:20;voltou;quedas gravadas;30,8;;;;;;;
pv;Ouro Branco;ORB100;Inversor 2.9;Ipv9;dentro das esperadas;17;2026-09-15 07:10;2026-09-15 14:20;voltou;quedas gravadas;30,8;;;;;;;
pv;Ouro Branco;ORB100;Inversor 3.1;Ipv10;dentro das esperadas;11;2026-09-15 07:30;2026-09-15 14:20;voltou;quedas gravadas;32,7;;;;;;;
pv;Ouro Branco;ORB100;Inversor 3.1;Ipv11;dentro das esperadas;11;2026-09-15 07:30;2026-09-15 14:20;voltou;quedas gravadas;32,7;;;;;;;
pv;Ouro Branco;ORB100;Inversor 3.1;Ipv2;dentro das esperadas;11;2026-09-15 07:30;2026-09-15 14:20;voltou;quedas gravadas;32,7;;;;;;;
pv;Ouro Branco;ORB100;Inversor 3.1;Ipv3;dentro das esperadas;11;2026-09-15 07:30;2026-09-15 14:20;voltou;quedas gravadas;32,7;;;;;;;
pv;Ouro Branco;ORB100;Inversor 3.1;Ipv4;dentro das esperadas;11;2026-09-15 07:30;2026-09-15 14:20;voltou;quedas gravadas;32,7;;;;;;;
pv;Ouro Branco;ORB100;Inversor 3.1;Ipv5;dentro das esperadas;11;2026-09-15 07:30;2026-09-15 14:20;voltou;quedas gravadas;32,7;;;;;;;
pv;Ouro Branco;ORB100;Inversor 3.1;Ipv6;dentro das esperadas;11;2026-09-15 07:30;2026-09-15 14:20;voltou;quedas gravadas;32,7;;;;;;;
pv;Ouro Branco;ORB100;Inversor 3.1;Ipv7;dentro das esperadas;11;2026-09-15 07:30;2026-09-15 14:20;voltou;quedas gravadas;32,7;;;;;;;
pv;Ouro Branco;ORB100;Inversor 3.1;Ipv8;dentro das esperadas;11;2026-09-15 07:30;2026-09-15 14:20;voltou;quedas gravadas;32,7;;;;;;;
pv;Ouro Branco;ORB100;Inversor 3.1;Ipv9;dentro das esperadas;11;2026-09-15 07:30;2026-09-15 14:20;voltou;quedas gravadas;32,7;;;;;;;
pv;Ouro Branco;ORB100;Inversor 3.2;Ipv10;dentro das esperadas;11;2026-09-15 07:10;2026-09-15 14:20;voltou;quedas gravadas;33,6;;;;;;;
pv;Ouro Branco;ORB100;Inversor 3.2;Ipv11;dentro das esperadas;11;2026-09-15 07:10;2026-09-15 14:20;voltou;quedas gravadas;33,6;;;;;;;
pv;Ouro Branco;ORB100;Inversor 3.2;Ipv12;acima das esperadas;11;2026-09-24 06:00;2026-09-24 09:00;voltou;quedas gravadas;8,9;;;;;;;
pv;Ouro Branco;ORB100;Inversor 3.2;Ipv12;acima das esperadas;11;2026-09-24 09:10;;em aberto;misto;154,7;;;;;;;
pv;Ouro Branco;ORB100;Inversor 3.2;Ipv13;acima das esperadas;11;2026-09-24 06:00;;em aberto;misto;164,3;;;;;;;
pv;Ouro Branco;ORB100;Inversor 3.2;Ipv14;acima das esperadas;11;2026-09-24 06:00;;em aberto;misto;164,3;;;;;;;
pv;Ouro Branco;ORB100;Inversor 3.2;Ipv15;acima das esperadas;11;2026-09-24 06:00;;em aberto;misto;164,3;;;;;;;
pv;Ouro Branco;ORB100;Inversor 3.2;Ipv16;acima das esperadas;11;2026-09-24 06:00;;em aberto;misto;164,3;;;;;;;
pv;Ouro Branco;ORB100;Inversor 3.2;Ipv17;acima das esperadas;11;2026-09-24 06:00;;em aberto;misto;164,3;;;;;;;
pv;Ouro Branco;ORB100;Inversor 3.2;Ipv18;acima das esperadas;11;2026-09-24 06:00;;em aberto;misto;164,3;;;;;;;
pv;Ouro Branco;ORB100;Inversor 3.2;Ipv2;dentro das esperadas;11;2026-09-15 07:10;2026-09-15 14:20;voltou;quedas gravadas;33,6;;;;;;;
pv;Ouro Branco;ORB100;Inversor 3.2;Ipv3;dentro das esperadas;11;2026-09-15 07:10;2026-09-15 14:20;voltou;quedas gravadas;33,6;;;;;;;
pv;Ouro Branco;ORB100;Inversor 3.2;Ipv4;dentro das esperadas;11;2026-09-15 07:10;2026-09-15 14:20;voltou;quedas gravadas;33,6;;;;;;;
pv;Ouro Branco;ORB100;Inversor 3.2;Ipv5;dentro das esperadas;11;2026-09-15 07:10;2026-09-15 14:20;voltou;quedas gravadas;33,6;;;;;;;
pv;Ouro Branco;ORB100;Inversor 3.2;Ipv6;dentro das esperadas;11;2026-09-15 07:10;2026-09-15 14:20;voltou;quedas gravadas;33,6;;;;;;;
pv;Ouro Branco;ORB100;Inversor 3.2;Ipv7;dentro das esperadas;11;2026-09-15 07:10;2026-09-15 14:20;voltou;quedas gravadas;33,6;;;;;;;
pv;Ouro Branco;ORB100;Inversor 3.2;Ipv8;dentro das esperadas;11;2026-09-15 07:10;2026-09-15 14:20;voltou;quedas gravadas;33,6;;;;;;;
pv;Ouro Branco;ORB100;Inversor 3.2;Ipv9;dentro das esperadas;11;2026-09-15 07:10;2026-09-15 14:20;voltou;quedas gravadas;33,6;;;;;;;
pv;Ouro Branco;ORB100;Inversor 3.3;Ipv10;dentro das esperadas;11;2026-09-15 07:10;2026-09-15 14:20;voltou;quedas gravadas;33,6;;;;;;;
pv;Ouro Branco;ORB100;Inversor 3.3;Ipv11;dentro das esperadas;11;2026-09-15 07:10;2026-09-15 14:20;voltou;quedas gravadas;33,6;;;;;;;
pv;Ouro Branco;ORB100;Inversor 3.3;Ipv12;acima das esperadas;11;2026-09-24 06:00;;em aberto;misto;164,3;;;;;;;
pv;Ouro Branco;ORB100;Inversor 3.3;Ipv13;acima das esperadas;11;2026-09-24 06:00;;em aberto;misto;164,3;;;;;;;
pv;Ouro Branco;ORB100;Inversor 3.3;Ipv14;acima das esperadas;11;2026-09-24 06:00;;em aberto;misto;164,3;;;;;;;
pv;Ouro Branco;ORB100;Inversor 3.3;Ipv15;acima das esperadas;11;2026-09-24 06:00;;em aberto;misto;164,3;;;;;;;
pv;Ouro Branco;ORB100;Inversor 3.3;Ipv16;acima das esperadas;11;2026-09-24 06:00;;em aberto;misto;164,3;;;;;;;
pv;Ouro Branco;ORB100;Inversor 3.3;Ipv17;acima das esperadas;11;2026-09-24 06:00;;em aberto;misto;164,3;;;;;;;
pv;Ouro Branco;ORB100;Inversor 3.3;Ipv18;acima das esperadas;11;2026-09-24 06:00;;em aberto;misto;164,3;;;;;;;
pv;Ouro Branco;ORB100;Inversor 3.3;Ipv2;dentro das esperadas;11;2026-09-15 07:10;2026-09-15 14:20;voltou;quedas gravadas;33,6;;;;;;;
pv;Ouro Branco;ORB100;Inversor 3.3;Ipv3;dentro das esperadas;11;2026-09-15 07:10;2026-09-15 14:20;voltou;quedas gravadas;33,6;;;;;;;
pv;Ouro Branco;ORB100;Inversor 3.3;Ipv4;dentro das esperadas;11;2026-09-15 07:10;2026-09-15 14:20;voltou;quedas gravadas;33,6;;;;;;;
pv;Ouro Branco;ORB100;Inversor 3.3;Ipv5;dentro das esperadas;11;2026-09-15 07:10;2026-09-15 14:20;voltou;quedas gravadas;33,6;;;;;;;
pv;Ouro Branco;ORB100;Inversor 3.3;Ipv6;dentro das esperadas;11;2026-09-15 07:10;2026-09-15 14:20;voltou;quedas gravadas;33,6;;;;;;;
pv;Ouro Branco;ORB100;Inversor 3.3;Ipv7;dentro das esperadas;11;2026-09-15 07:10;2026-09-15 14:20;voltou;quedas gravadas;33,6;;;;;;;
pv;Ouro Branco;ORB100;Inversor 3.3;Ipv8;dentro das esperadas;11;2026-09-15 07:10;2026-09-15 14:20;voltou;quedas gravadas;33,6;;;;;;;
pv;Ouro Branco;ORB100;Inversor 3.3;Ipv9;dentro das esperadas;11;2026-09-15 07:10;2026-09-15 14:20;voltou;quedas gravadas;33,6;;;;;;;
pv;Ouro Branco;ORB100;Inversor 3.4;Ipv10;dentro das esperadas;11;2026-09-15 07:10;2026-09-15 14:20;voltou;quedas gravadas;33,6;;;;;;;
pv;Ouro Branco;ORB100;Inversor 3.4;Ipv11;dentro das esperadas;11;2026-09-15 07:10;2026-09-15 14:20;voltou;quedas gravadas;33,6;;;;;;;
pv;Ouro Branco;ORB100;Inversor 3.4;Ipv12;acima das esperadas;11;2026-09-24 06:00;;em aberto;misto;164,3;;;;;;;
pv;Ouro Branco;ORB100;Inversor 3.4;Ipv13;acima das esperadas;11;2026-09-24 06:00;;em aberto;misto;164,3;;;;;;;
pv;Ouro Branco;ORB100;Inversor 3.4;Ipv14;acima das esperadas;11;2026-09-24 06:00;;em aberto;misto;164,3;;;;;;;
pv;Ouro Branco;ORB100;Inversor 3.4;Ipv15;acima das esperadas;11;2026-09-24 06:00;;em aberto;misto;164,3;;;;;;;
pv;Ouro Branco;ORB100;Inversor 3.4;Ipv16;acima das esperadas;11;2026-09-24 06:00;;em aberto;misto;164,3;;;;;;;
pv;Ouro Branco;ORB100;Inversor 3.4;Ipv17;acima das esperadas;11;2026-09-24 06:00;;em aberto;misto;164,3;;;;;;;
pv;Ouro Branco;ORB100;Inversor 3.4;Ipv18;acima das esperadas;11;2026-09-24 06:00;;em aberto;misto;164,3;;;;;;;
pv;Ouro Branco;ORB100;Inversor 3.4;Ipv2;dentro das esperadas;11;2026-09-15 07:10;2026-09-15 14:20;voltou;quedas gravadas;33,6;;;;;;;
pv;Ouro Branco;ORB100;Inversor 3.4;Ipv3;dentro das esperadas;11;2026-09-15 07:10;2026-09-15 14:20;voltou;quedas gravadas;33,6;;;;;;;
pv;Ouro Branco;ORB100;Inversor 3.4;Ipv4;dentro das esperadas;11;2026-09-15 07:10;2026-09-15 14:20;voltou;quedas gravadas;33,6;;;;;;;
pv;Ouro Branco;ORB100;Inversor 3.4;Ipv5;dentro das esperadas;11;2026-09-15 07:10;2026-09-15 14:20;voltou;quedas gravadas;33,6;;;;;;;
pv;Ouro Branco;ORB100;Inversor 3.4;Ipv6;dentro das esperadas;11;2026-09-15 07:10;2026-09-15 14:20;voltou;quedas gravadas;33,6;;;;;;;
pv;Ouro Branco;ORB100;Inversor 3.4;Ipv7;dentro das esperadas;11;2026-09-15 07:10;2026-09-15 14:20;voltou;quedas gravadas;33,6;;;;;;;
pv;Ouro Branco;ORB100;Inversor 3.4;Ipv8;dentro das esperadas;11;2026-09-15 07:10;2026-09-15 14:20;voltou;quedas gravadas;33,6;;;;;;;
pv;Ouro Branco;ORB100;Inversor 3.4;Ipv9;dentro das esperadas;11;2026-09-15 07:10;2026-09-15 14:20;voltou;quedas gravadas;33,6;;;;;;;
pv;Ouro Branco;ORB100;Inversor 4.1;Ipv10;dentro das esperadas;17;2026-09-15 07:10;2026-09-15 14:20;voltou;quedas gravadas;30,8;;;;;;;
pv;Ouro Branco;ORB100;Inversor 4.1;Ipv11;dentro das esperadas;17;2026-09-15 07:10;2026-09-15 14:20;voltou;quedas gravadas;30,8;;;;;;;
pv;Ouro Branco;ORB100;Inversor 4.1;Ipv12;dentro das esperadas;17;2026-09-15 07:10;2026-09-15 14:20;voltou;quedas gravadas;30,8;;;;;;;
pv;Ouro Branco;ORB100;Inversor 4.1;Ipv13;dentro das esperadas;17;2026-09-15 07:10;2026-09-15 14:20;voltou;quedas gravadas;30,8;;;;;;;
pv;Ouro Branco;ORB100;Inversor 4.1;Ipv14;dentro das esperadas;17;2026-09-15 07:10;2026-09-15 14:20;voltou;quedas gravadas;30,8;;;;;;;
pv;Ouro Branco;ORB100;Inversor 4.1;Ipv15;dentro das esperadas;17;2026-09-15 07:10;2026-09-15 14:20;voltou;quedas gravadas;30,8;;;;;;;
pv;Ouro Branco;ORB100;Inversor 4.1;Ipv16;dentro das esperadas;17;2026-09-15 07:10;2026-09-15 14:20;voltou;quedas gravadas;30,8;;;;;;;
pv;Ouro Branco;ORB100;Inversor 4.1;Ipv17;dentro das esperadas;17;2026-09-15 07:10;2026-09-15 14:20;voltou;quedas gravadas;30,8;;;;;;;
pv;Ouro Branco;ORB100;Inversor 4.1;Ipv2;dentro das esperadas;17;2026-09-15 07:10;2026-09-15 14:20;voltou;quedas gravadas;30,8;;;;;;;
pv;Ouro Branco;ORB100;Inversor 4.1;Ipv3;dentro das esperadas;17;2026-09-15 07:10;2026-09-15 14:20;voltou;quedas gravadas;30,8;;;;;;;
pv;Ouro Branco;ORB100;Inversor 4.1;Ipv4;dentro das esperadas;17;2026-09-15 07:10;2026-09-15 14:20;voltou;quedas gravadas;30,8;;;;;;;
pv;Ouro Branco;ORB100;Inversor 4.1;Ipv5;dentro das esperadas;17;2026-09-15 07:10;2026-09-15 14:20;voltou;quedas gravadas;30,8;;;;;;;
pv;Ouro Branco;ORB100;Inversor 4.1;Ipv6;dentro das esperadas;17;2026-09-15 07:10;2026-09-15 14:20;voltou;quedas gravadas;30,8;;;;;;;
pv;Ouro Branco;ORB100;Inversor 4.1;Ipv7;dentro das esperadas;17;2026-09-15 07:10;2026-09-15 14:20;voltou;quedas gravadas;30,8;;;;;;;
pv;Ouro Branco;ORB100;Inversor 4.1;Ipv8;dentro das esperadas;17;2026-09-15 07:10;2026-09-15 14:20;voltou;quedas gravadas;30,8;;;;;;;
pv;Ouro Branco;ORB100;Inversor 4.1;Ipv9;dentro das esperadas;17;2026-09-15 07:10;2026-09-15 14:20;voltou;quedas gravadas;30,8;;;;;;;
pv;Ouro Branco;ORB100;Inversor 4.2;Ipv10;dentro das esperadas;17;2026-09-15 07:10;2026-09-15 14:20;voltou;quedas gravadas;30,8;;;;;;;
pv;Ouro Branco;ORB100;Inversor 4.2;Ipv11;dentro das esperadas;17;2026-09-15 07:10;2026-09-15 14:20;voltou;quedas gravadas;30,8;;;;;;;
pv;Ouro Branco;ORB100;Inversor 4.2;Ipv12;dentro das esperadas;17;2026-09-15 07:10;2026-09-15 14:20;voltou;quedas gravadas;30,8;;;;;;;
pv;Ouro Branco;ORB100;Inversor 4.2;Ipv13;dentro das esperadas;17;2026-09-15 07:10;2026-09-15 14:20;voltou;quedas gravadas;30,8;;;;;;;
pv;Ouro Branco;ORB100;Inversor 4.2;Ipv14;dentro das esperadas;17;2026-09-15 07:10;2026-09-15 14:20;voltou;quedas gravadas;30,8;;;;;;;
pv;Ouro Branco;ORB100;Inversor 4.2;Ipv15;dentro das esperadas;17;2026-09-15 07:10;2026-09-15 14:20;voltou;quedas gravadas;30,8;;;;;;;
pv;Ouro Branco;ORB100;Inversor 4.2;Ipv16;dentro das esperadas;17;2026-09-15 07:10;2026-09-15 14:20;voltou;quedas gravadas;30,8;;;;;;;
pv;Ouro Branco;ORB100;Inversor 4.2;Ipv17;dentro das esperadas;17;2026-09-15 07:10;2026-09-15 14:20;voltou;quedas gravadas;30,8;;;;;;;
pv;Ouro Branco;ORB100;Inversor 4.2;Ipv2;dentro das esperadas;17;2026-09-15 07:10;2026-09-15 14:20;voltou;quedas gravadas;30,8;;;;;;;
pv;Ouro Branco;ORB100;Inversor 4.2;Ipv3;dentro das esperadas;17;2026-09-15 07:10;2026-09-15 14:20;voltou;quedas gravadas;30,8;;;;;;;
pv;Ouro Branco;ORB100;Inversor 4.2;Ipv4;dentro das esperadas;17;2026-09-15 07:10;2026-09-15 14:20;voltou;quedas gravadas;30,8;;;;;;;
pv;Ouro Branco;ORB100;Inversor 4.2;Ipv5;dentro das esperadas;17;2026-09-15 07:10;2026-09-15 14:20;voltou;quedas gravadas;30,8;;;;;;;
pv;Ouro Branco;ORB100;Inversor 4.2;Ipv6;dentro das esperadas;17;2026-09-15 07:10;2026-09-15 14:20;voltou;quedas gravadas;30,8;;;;;;;
pv;Ouro Branco;ORB100;Inversor 4.2;Ipv7;dentro das esperadas;17;2026-09-15 07:10;2026-09-15 14:20;voltou;quedas gravadas;30,8;;;;;;;
pv;Ouro Branco;ORB100;Inversor 4.2;Ipv8;dentro das esperadas;17;2026-09-15 07:10;2026-09-15 14:20;voltou;quedas gravadas;30,8;;;;;;;
pv;Ouro Branco;ORB100;Inversor 4.2;Ipv9;dentro das esperadas;17;2026-09-15 07:10;2026-09-15 14:20;voltou;quedas gravadas;30,8;;;;;;;
pv;Ouro Branco;ORB100;Inversor 4.3;Ipv10;dentro das esperadas;17;2026-09-15 07:10;2026-09-15 14:20;voltou;quedas gravadas;30,8;;;;;;;
pv;Ouro Branco;ORB100;Inversor 4.3;Ipv11;dentro das esperadas;17;2026-09-15 07:10;2026-09-15 14:20;voltou;quedas gravadas;30,8;;;;;;;
pv;Ouro Branco;ORB100;Inversor 4.3;Ipv12;dentro das esperadas;17;2026-09-15 07:10;2026-09-15 14:20;voltou;quedas gravadas;30,8;;;;;;;
pv;Ouro Branco;ORB100;Inversor 4.3;Ipv13;dentro das esperadas;17;2026-09-15 07:10;2026-09-15 14:20;voltou;quedas gravadas;30,8;;;;;;;
pv;Ouro Branco;ORB100;Inversor 4.3;Ipv14;dentro das esperadas;17;2026-09-15 07:10;2026-09-15 14:20;voltou;quedas gravadas;30,8;;;;;;;
pv;Ouro Branco;ORB100;Inversor 4.3;Ipv15;dentro das esperadas;17;2026-09-15 07:10;2026-09-15 14:20;voltou;quedas gravadas;30,8;;;;;;;
pv;Ouro Branco;ORB100;Inversor 4.3;Ipv16;dentro das esperadas;17;2026-09-15 07:10;2026-09-15 14:20;voltou;quedas gravadas;30,8;;;;;;;
pv;Ouro Branco;ORB100;Inversor 4.3;Ipv17;dentro das esperadas;17;2026-09-15 07:10;2026-09-15 14:20;voltou;quedas gravadas;30,8;;;;;;;
pv;Ouro Branco;ORB100;Inversor 4.3;Ipv2;dentro das esperadas;17;2026-09-15 07:10;2026-09-15 14:20;voltou;quedas gravadas;30,8;;;;;;;
pv;Ouro Branco;ORB100;Inversor 4.3;Ipv3;dentro das esperadas;17;2026-09-15 07:10;2026-09-15 14:20;voltou;quedas gravadas;30,8;;;;;;;
pv;Ouro Branco;ORB100;Inversor 4.3;Ipv4;dentro das esperadas;17;2026-09-15 07:10;2026-09-15 14:20;voltou;quedas gravadas;30,8;;;;;;;
pv;Ouro Branco;ORB100;Inversor 4.3;Ipv5;dentro das esperadas;17;2026-09-15 07:10;2026-09-15 14:20;voltou;quedas gravadas;30,8;;;;;;;
pv;Ouro Branco;ORB100;Inversor 4.3;Ipv6;dentro das esperadas;17;2026-09-15 07:10;2026-09-15 14:20;voltou;quedas gravadas;30,8;;;;;;;
pv;Ouro Branco;ORB100;Inversor 4.3;Ipv7;dentro das esperadas;17;2026-09-15 07:10;2026-09-15 14:20;voltou;quedas gravadas;30,8;;;;;;;
pv;Ouro Branco;ORB100;Inversor 4.3;Ipv8;dentro das esperadas;17;2026-09-15 07:10;2026-09-15 14:20;voltou;quedas gravadas;30,8;;;;;;;
pv;Ouro Branco;ORB100;Inversor 4.3;Ipv9;dentro das esperadas;17;2026-09-15 07:10;2026-09-15 14:20;voltou;quedas gravadas;30,8;;;;;;;
pv;Ouro Branco;ORB100;Inversor 4.4;Ipv10;dentro das esperadas;17;2026-09-15 07:10;2026-09-15 14:20;voltou;quedas gravadas;30,8;;;;;;;
pv;Ouro Branco;ORB100;Inversor 4.4;Ipv11;dentro das esperadas;17;2026-09-15 07:10;2026-09-15 14:20;voltou;quedas gravadas;30,8;;;;;;;
pv;Ouro Branco;ORB100;Inversor 4.4;Ipv12;dentro das esperadas;17;2026-09-15 07:10;2026-09-15 14:20;voltou;quedas gravadas;30,8;;;;;;;
pv;Ouro Branco;ORB100;Inversor 4.4;Ipv13;dentro das esperadas;17;2026-09-15 07:10;2026-09-15 14:20;voltou;quedas gravadas;30,8;;;;;;;
pv;Ouro Branco;ORB100;Inversor 4.4;Ipv14;dentro das esperadas;17;2026-09-15 07:10;2026-09-15 14:20;voltou;quedas gravadas;30,8;;;;;;;
pv;Ouro Branco;ORB100;Inversor 4.4;Ipv15;dentro das esperadas;17;2026-09-15 07:10;2026-09-15 14:20;voltou;quedas gravadas;30,8;;;;;;;
pv;Ouro Branco;ORB100;Inversor 4.4;Ipv16;dentro das esperadas;17;2026-09-15 07:10;2026-09-15 14:20;voltou;quedas gravadas;30,8;;;;;;;
pv;Ouro Branco;ORB100;Inversor 4.4;Ipv17;dentro das esperadas;17;2026-09-15 07:10;2026-09-15 14:20;voltou;quedas gravadas;30,8;;;;;;;
pv;Ouro Branco;ORB100;Inversor 4.4;Ipv2;dentro das esperadas;17;2026-09-15 07:10;2026-09-15 14:20;voltou;quedas gravadas;30,8;;;;;;;
pv;Ouro Branco;ORB100;Inversor 4.4;Ipv3;dentro das esperadas;17;2026-09-15 07:10;2026-09-15 14:20;voltou;quedas gravadas;30,8;;;;;;;
pv;Ouro Branco;ORB100;Inversor 4.4;Ipv4;dentro das esperadas;17;2026-09-15 07:10;2026-09-15 14:20;voltou;quedas gravadas;30,8;;;;;;;
pv;Ouro Branco;ORB100;Inversor 4.4;Ipv5;dentro das esperadas;17;2026-09-15 07:10;2026-09-15 14:20;voltou;quedas gravadas;30,8;;;;;;;
pv;Ouro Branco;ORB100;Inversor 4.4;Ipv6;dentro das esperadas;17;2026-09-15 07:10;2026-09-15 14:20;voltou;quedas gravadas;30,8;;;;;;;
pv;Ouro Branco;ORB100;Inversor 4.4;Ipv7;dentro das esperadas;17;2026-09-15 07:10;2026-09-15 14:20;voltou;quedas gravadas;30,8;;;;;;;
pv;Ouro Branco;ORB100;Inversor 4.4;Ipv8;dentro das esperadas;17;2026-09-15 07:10;2026-09-15 14:20;voltou;quedas gravadas;30,8;;;;;;;
pv;Ouro Branco;ORB100;Inversor 4.4;Ipv9;dentro das esperadas;17;2026-09-15 07:10;2026-09-15 14:20;voltou;quedas gravadas;30,8;;;;;;;
pv;Ouro Branco;ORB100;Inversor 5.1;Ipv10;dentro das esperadas;11;2026-09-15 07:20;2026-09-15 14:20;voltou;quedas gravadas;33,1;;;;;;;
pv;Ouro Branco;ORB100;Inversor 5.1;Ipv11;dentro das esperadas;11;2026-09-24 06:00;;em aberto;misto;164,1;;;;;;;
pv;Ouro Branco;ORB100;Inversor 5.1;Ipv12;acima das esperadas;11;2026-09-15 07:20;2026-09-15 14:20;voltou;quedas gravadas;33,1;;;;;;;
pv;Ouro Branco;ORB100;Inversor 5.1;Ipv13;acima das esperadas;11;2026-09-24 06:00;;em aberto;misto;164,1;;;;;;;
pv;Ouro Branco;ORB100;Inversor 5.1;Ipv14;acima das esperadas;11;2026-09-24 06:00;;em aberto;misto;164,1;;;;;;;
pv;Ouro Branco;ORB100;Inversor 5.1;Ipv15;acima das esperadas;11;2026-09-24 06:00;;em aberto;misto;164,1;;;;;;;
pv;Ouro Branco;ORB100;Inversor 5.1;Ipv16;acima das esperadas;11;2026-09-24 06:00;;em aberto;misto;164,1;;;;;;;
pv;Ouro Branco;ORB100;Inversor 5.1;Ipv17;acima das esperadas;11;2026-09-24 06:00;;em aberto;misto;164,1;;;;;;;
pv;Ouro Branco;ORB100;Inversor 5.1;Ipv18;acima das esperadas;11;2026-09-24 06:00;;em aberto;misto;164,1;;;;;;;
pv;Ouro Branco;ORB100;Inversor 5.1;Ipv2;dentro das esperadas;11;2026-09-15 07:20;2026-09-15 14:20;voltou;quedas gravadas;33,1;;;;;;;
pv;Ouro Branco;ORB100;Inversor 5.1;Ipv3;dentro das esperadas;11;2026-09-15 07:20;2026-09-15 14:20;voltou;quedas gravadas;33,1;;;;;;;
pv;Ouro Branco;ORB100;Inversor 5.1;Ipv4;dentro das esperadas;11;2026-09-15 07:20;2026-09-15 14:20;voltou;quedas gravadas;33,1;;;;;;;
pv;Ouro Branco;ORB100;Inversor 5.1;Ipv5;dentro das esperadas;11;2026-09-15 07:20;2026-09-15 14:20;voltou;quedas gravadas;33,1;;;;;;;
pv;Ouro Branco;ORB100;Inversor 5.1;Ipv6;dentro das esperadas;11;2026-09-15 07:20;2026-09-15 14:20;voltou;quedas gravadas;33,1;;;;;;;
pv;Ouro Branco;ORB100;Inversor 5.1;Ipv7;dentro das esperadas;11;2026-09-15 07:20;2026-09-15 14:20;voltou;quedas gravadas;33,1;;;;;;;
pv;Ouro Branco;ORB100;Inversor 5.1;Ipv8;dentro das esperadas;11;2026-09-15 07:20;2026-09-15 14:20;voltou;quedas gravadas;33,1;;;;;;;
pv;Ouro Branco;ORB100;Inversor 5.1;Ipv9;dentro das esperadas;11;2026-09-15 07:20;2026-09-15 14:20;voltou;quedas gravadas;33,1;;;;;;;
pv;Ouro Branco;ORB100;Inversor 5.2;Ipv10;dentro das esperadas;11;2026-09-15 07:10;2026-09-15 14:30;voltou;quedas gravadas;34,2;;;;;;;
pv;Ouro Branco;ORB100;Inversor 5.2;Ipv11;dentro das esperadas;11;2026-09-15 07:10;2026-09-15 14:30;voltou;quedas gravadas;34,2;;;;;;;
pv;Ouro Branco;ORB100;Inversor 5.2;Ipv12;acima das esperadas;11;2026-09-24 06:00;2026-09-24 10:20;voltou;quedas gravadas;15,5;;;;;;;
pv;Ouro Branco;ORB100;Inversor 5.2;Ipv12;acima das esperadas;11;2026-09-25 06:10;;em aberto;curva;123,0;;;;;;;
pv;Ouro Branco;ORB100;Inversor 5.2;Ipv13;acima das esperadas;11;2026-09-24 06:00;;em aberto;misto;164,3;;;;;;;
pv;Ouro Branco;ORB100;Inversor 5.2;Ipv14;acima das esperadas;11;2026-09-24 06:00;;em aberto;misto;164,3;;;;;;;
pv;Ouro Branco;ORB100;Inversor 5.2;Ipv15;acima das esperadas;11;2026-09-24 06:00;;em aberto;misto;164,3;;;;;;;
pv;Ouro Branco;ORB100;Inversor 5.2;Ipv16;acima das esperadas;11;2026-09-24 06:00;;em aberto;misto;164,3;;;;;;;
pv;Ouro Branco;ORB100;Inversor 5.2;Ipv17;acima das esperadas;11;2026-09-24 06:00;;em aberto;misto;164,3;;;;;;;
pv;Ouro Branco;ORB100;Inversor 5.2;Ipv18;acima das esperadas;11;2026-09-24 06:00;;em aberto;misto;164,3;;;;;;;
pv;Ouro Branco;ORB100;Inversor 5.2;Ipv2;dentro das esperadas;11;2026-09-15 07:10;2026-09-15 14:30;voltou;quedas gravadas;34,2;;;;;;;
pv;Ouro Branco;ORB100;Inversor 5.2;Ipv3;dentro das esperadas;11;2026-09-15 07:10;2026-09-15 14:30;voltou;quedas gravadas;34,2;;;;;;;
pv;Ouro Branco;ORB100;Inversor 5.2;Ipv4;dentro das esperadas;11;2026-09-15 07:10;2026-09-15 14:30;voltou;quedas gravadas;34,2;;;;;;;
pv;Ouro Branco;ORB100;Inversor 5.2;Ipv5;dentro das esperadas;11;2026-09-15 07:10;2026-09-15 14:30;voltou;quedas gravadas;34,2;;;;;;;
pv;Ouro Branco;ORB100;Inversor 5.2;Ipv6;dentro das esperadas;11;2026-09-15 07:10;2026-09-15 14:30;voltou;quedas gravadas;34,2;;;;;;;
pv;Ouro Branco;ORB100;Inversor 5.2;Ipv7;dentro das esperadas;11;2026-09-15 07:10;2026-09-15 14:30;voltou;quedas gravadas;34,2;;;;;;;
pv;Ouro Branco;ORB100;Inversor 5.2;Ipv8;dentro das esperadas;11;2026-09-15 07:10;2026-09-15 14:30;voltou;quedas gravadas;34,2;;;;;;;
pv;Ouro Branco;ORB100;Inversor 5.2;Ipv9;dentro das esperadas;11;2026-09-15 07:10;2026-09-15 14:30;voltou;quedas gravadas;34,2;;;;;;;
pv;Ouro Branco;ORB100;Inversor 5.3;Ipv10;dentro das esperadas;11;2026-09-15 07:10;2026-09-15 14:30;voltou;quedas gravadas;34,2;;;;;;;
pv;Ouro Branco;ORB100;Inversor 5.3;Ipv11;dentro das esperadas;11;2026-09-15 07:10;2026-09-15 14:30;voltou;quedas gravadas;34,2;;;;;;;
pv;Ouro Branco;ORB100;Inversor 5.3;Ipv12;acima das esperadas;11;2026-09-24 06:00;;em aberto;misto;164,1;;;;;;;
pv;Ouro Branco;ORB100;Inversor 5.3;Ipv13;acima das esperadas;11;2026-09-24 06:00;;em aberto;misto;164,1;;;;;;;
pv;Ouro Branco;ORB100;Inversor 5.3;Ipv14;acima das esperadas;11;2026-09-24 06:00;;em aberto;misto;164,1;;;;;;;
pv;Ouro Branco;ORB100;Inversor 5.3;Ipv15;acima das esperadas;11;2026-09-24 06:00;;em aberto;misto;164,1;;;;;;;
pv;Ouro Branco;ORB100;Inversor 5.3;Ipv16;acima das esperadas;11;2026-09-24 06:00;;em aberto;misto;164,1;;;;;;;
pv;Ouro Branco;ORB100;Inversor 5.3;Ipv17;acima das esperadas;11;2026-09-24 06:00;;em aberto;misto;164,1;;;;;;;
pv;Ouro Branco;ORB100;Inversor 5.3;Ipv18;acima das esperadas;11;2026-09-24 06:00;;em aberto;misto;164,1;;;;;;;
pv;Ouro Branco;ORB100;Inversor 5.3;Ipv2;dentro das esperadas;11;2026-09-15 07:10;2026-09-15 14:30;voltou;quedas gravadas;34,2;;;;;;;
pv;Ouro Branco;ORB100;Inversor 5.3;Ipv3;dentro das esperadas;11;2026-09-15 07:10;2026-09-15 14:30;voltou;quedas gravadas;34,2;;;;;;;
pv;Ouro Branco;ORB100;Inversor 5.3;Ipv4;dentro das esperadas;11;2026-09-15 07:10;2026-09-15 14:30;voltou;quedas gravadas;34,2;;;;;;;
pv;Ouro Branco;ORB100;Inversor 5.3;Ipv5;dentro das esperadas;11;2026-09-15 07:10;2026-09-15 14:30;voltou;quedas gravadas;34,2;;;;;;;
pv;Ouro Branco;ORB100;Inversor 5.3;Ipv6;dentro das esperadas;11;2026-09-15 07:10;2026-09-15 14:30;voltou;quedas gravadas;34,2;;;;;;;
pv;Ouro Branco;ORB100;Inversor 5.3;Ipv7;dentro das esperadas;11;2026-09-15 07:10;2026-09-15 14:30;voltou;quedas gravadas;34,2;;;;;;;
pv;Ouro Branco;ORB100;Inversor 5.3;Ipv8;dentro das esperadas;11;2026-09-15 07:10;2026-09-15 14:30;voltou;quedas gravadas;34,2;;;;;;;
pv;Ouro Branco;ORB100;Inversor 5.3;Ipv9;dentro das esperadas;11;2026-09-15 07:10;2026-09-15 14:30;voltou;quedas gravadas;34,2;;;;;;;
pv;Ouro Branco;ORB100;Inversor 5.4;Ipv10;dentro das esperadas;11;2026-09-15 07:20;2026-09-15 14:30;voltou;quedas gravadas;33,8;;;;;;;
pv;Ouro Branco;ORB100;Inversor 5.4;Ipv11;dentro das esperadas;11;2026-09-15 07:20;2026-09-15 14:30;voltou;quedas gravadas;33,8;;;;;;;
pv;Ouro Branco;ORB100;Inversor 5.4;Ipv12;acima das esperadas;11;2026-09-24 06:00;;em aberto;misto;164,1;;;;;;;
pv;Ouro Branco;ORB100;Inversor 5.4;Ipv13;acima das esperadas;11;2026-09-24 06:00;;em aberto;misto;164,1;;;;;;;
pv;Ouro Branco;ORB100;Inversor 5.4;Ipv14;acima das esperadas;11;2026-09-24 06:00;;em aberto;misto;164,1;;;;;;;
pv;Ouro Branco;ORB100;Inversor 5.4;Ipv15;acima das esperadas;11;2026-09-24 06:00;;em aberto;misto;164,1;;;;;;;
pv;Ouro Branco;ORB100;Inversor 5.4;Ipv16;acima das esperadas;11;2026-09-24 06:00;;em aberto;misto;164,1;;;;;;;
pv;Ouro Branco;ORB100;Inversor 5.4;Ipv17;acima das esperadas;11;2026-09-24 06:00;;em aberto;misto;164,1;;;;;;;
pv;Ouro Branco;ORB100;Inversor 5.4;Ipv18;acima das esperadas;11;2026-09-24 06:00;;em aberto;misto;164,1;;;;;;;
pv;Ouro Branco;ORB100;Inversor 5.4;Ipv2;dentro das esperadas;11;2026-09-15 07:20;2026-09-15 14:30;voltou;quedas gravadas;33,8;;;;;;;
pv;Ouro Branco;ORB100;Inversor 5.4;Ipv3;dentro das esperadas;11;2026-09-15 07:20;2026-09-15 14:30;voltou;quedas gravadas;33,8;;;;;;;
pv;Ouro Branco;ORB100;Inversor 5.4;Ipv4;dentro das esperadas;11;2026-09-15 07:20;2026-09-15 14:30;voltou;quedas gravadas;33,8;;;;;;;
pv;Ouro Branco;ORB100;Inversor 5.4;Ipv5;dentro das esperadas;11;2026-09-15 07:20;2026-09-15 14:30;voltou;quedas gravadas;33,8;;;;;;;
pv;Ouro Branco;ORB100;Inversor 5.4;Ipv6;dentro das esperadas;11;2026-09-15 07:20;2026-09-15 14:30;voltou;quedas gravadas;33,8;;;;;;;
pv;Ouro Branco;ORB100;Inversor 5.4;Ipv7;dentro das esperadas;11;2026-09-15 07:20;2026-09-15 14:30;voltou;quedas gravadas;33,8;;;;;;;
pv;Ouro Branco;ORB100;Inversor 5.4;Ipv8;dentro das esperadas;11;2026-09-15 07:20;2026-09-15 14:30;voltou;quedas gravadas;33,8;;;;;;;
pv;Ouro Branco;ORB100;Inversor 5.4;Ipv9;dentro das esperadas;11;2026-09-15 07:20;2026-09-15 14:30;voltou;quedas gravadas;33,8;;;;;;;
axis;PEIII;PTL300;Inversor 1.5;ST 07;dentro das esperadas;18;2026-09-01 06:10;;em aberto;quedas gravadas;212,6;;;;;;;
axis;PEIII;PTL300;Inversor 1.5;ST 17;dentro das esperadas;18;2026-09-01 06:10;;em aberto;quedas gravadas;212,6;;;;;;;
axis;PEIII;PTL300;Inversor 1.5;ST 22;acima das esperadas;18;2026-09-01 06:10;;em aberto;quedas gravadas;212,6;;;;;;;
pv;Poconé 1;PCN100;Inversor 1.1;Ipv29;Ipv29–32;18;2026-09-24 07:00;2026-09-27 07:08;voltou entre varreduras;misto;181,6;;;;;;;
pv;Poconé 1;PCN100;Inversor 1.1;Ipv29;Ipv29–32;18;2026-09-27 12:20;;em aberto;curva;38,3;;;;;;;
pv;Poconé 1;PCN100;Inversor 1.1;Ipv30;Ipv29–32;18;2026-09-24 07:00;2026-09-27 07:08;voltou entre varreduras;misto;181,6;;;;;;;
pv;Poconé 1;PCN100;Inversor 1.1;Ipv30;Ipv29–32;18;2026-09-27 12:20;;em aberto;curva;38,3;;;;;;;
pv;Poconé 1;PCN100;Inversor 1.1;Ipv31;Ipv29–32;18;2026-09-24 07:00;2026-09-27 07:08;voltou entre varreduras;misto;181,6;;;;;;;
pv;Poconé 1;PCN100;Inversor 1.1;Ipv31;Ipv29–32;18;2026-09-27 12:20;;em aberto;curva;38,3;;;;;;;
pv;Poconé 1;PCN100;Inversor 1.1;Ipv32;Ipv29–32;18;2026-09-24 07:00;2026-09-27 07:08;voltou entre varreduras;misto;181,6;;;;;;;
pv;Poconé 1;PCN100;Inversor 1.1;Ipv32;Ipv29–32;18;2026-09-27 12:20;;em aberto;curva;38,3;;;;;;;
pv;Poconé 1;PCN100;Inversor 1.10;Ipv29;Ipv29–32;22;2026-09-24 07:00;2026-09-27 07:08;voltou entre varreduras;misto;182,0;;;;;;;
pv;Poconé 1;PCN100;Inversor 1.10;Ipv30;Ipv29–32;22;2026-09-24 07:00;2026-09-27 07:08;voltou entre varreduras;misto;182,0;;;;;;;
pv;Poconé 1;PCN100;Inversor 1.10;Ipv31;Ipv29–32;22;2026-09-24 07:00;2026-09-27 07:08;voltou entre varreduras;misto;182,0;;;;;;;
pv;Poconé 1;PCN100;Inversor 1.10;Ipv32;Ipv29–32;22;2026-09-24 07:00;2026-09-27 07:08;voltou entre varreduras;misto;182,0;;;;;;;
pv;Poconé 1;PCN100;Inversor 1.2;Ipv29;Ipv29–32;18;2026-09-25 07:20;2026-09-27 07:08;voltou entre varreduras;curva;110,0;;;;;;;
pv;Poconé 1;PCN100;Inversor 1.2;Ipv29;Ipv29–32;18;2026-09-27 12:20;;em aberto;curva;38,3;;;;;;;
pv;Poconé 1;PCN100;Inversor 1.2;Ipv30;Ipv29–32;18;2026-09-25 07:20;2026-09-27 07:08;voltou entre varreduras;curva;110,0;;;;;;;
pv;Poconé 1;PCN100;Inversor 1.2;Ipv30;Ipv29–32;18;2026-09-27 12:20;;em aberto;curva;38,3;;;;;;;
pv;Poconé 1;PCN100;Inversor 1.2;Ipv31;Ipv29–32;18;2026-09-25 07:20;2026-09-27 07:08;voltou entre varreduras;curva;110,0;;;;;;;
pv;Poconé 1;PCN100;Inversor 1.2;Ipv31;Ipv29–32;18;2026-09-27 12:20;;em aberto;curva;38,3;;;;;;;
pv;Poconé 1;PCN100;Inversor 1.2;Ipv32;Ipv29–32;18;2026-09-25 07:20;2026-09-27 07:08;voltou entre varreduras;curva;110,0;;;;;;;
pv;Poconé 1;PCN100;Inversor 1.2;Ipv32;Ipv29–32;18;2026-09-27 12:20;;em aberto;curva;38,3;;;;;;;
pv;Poconé 1;PCN100;Inversor 1.3;Ipv29;Ipv29–32;20;2026-09-24 07:00;2026-09-27 07:08;voltou entre varreduras;misto;182,0;;;;;;;
pv;Poconé 1;PCN100;Inversor 1.3;Ipv29;Ipv29–32;20;2026-09-27 12:20;;em aberto;curva;38,3;;;;;;;
pv;Poconé 1;PCN100;Inversor 1.3;Ipv30;Ipv29–32;20;2026-09-24 07:00;2026-09-27 07:08;voltou entre varreduras;misto;182,0;;;;;;;
pv;Poconé 1;PCN100;Inversor 1.3;Ipv30;Ipv29–32;20;2026-09-27 12:20;;em aberto;curva;38,3;;;;;;;
pv;Poconé 1;PCN100;Inversor 1.3;Ipv31;Ipv29–32;20;2026-09-24 07:00;2026-09-27 07:08;voltou entre varreduras;misto;182,0;;;;;;;
pv;Poconé 1;PCN100;Inversor 1.3;Ipv31;Ipv29–32;20;2026-09-27 12:20;;em aberto;curva;38,3;;;;;;;
pv;Poconé 1;PCN100;Inversor 1.3;Ipv32;Ipv29–32;20;2026-09-24 07:00;2026-09-27 07:08;voltou entre varreduras;misto;182,0;;;;;;;
pv;Poconé 1;PCN100;Inversor 1.3;Ipv32;Ipv29–32;20;2026-09-27 12:20;;em aberto;curva;38,3;;;;;;;
pv;Poconé 1;PCN100;Inversor 1.4;Ipv29;Ipv29–32;20;2026-09-24 07:10;2026-09-27 07:08;voltou entre varreduras;misto;182,0;;;;;;;
pv;Poconé 1;PCN100;Inversor 1.4;Ipv29;Ipv29–32;20;2026-09-27 12:20;;em aberto;curva;38,3;;;;;;;
pv;Poconé 1;PCN100;Inversor 1.4;Ipv30;Ipv29–32;20;2026-09-24 07:10;2026-09-27 07:08;voltou entre varreduras;misto;182,0;;;;;;;
pv;Poconé 1;PCN100;Inversor 1.4;Ipv30;Ipv29–32;20;2026-09-27 12:20;;em aberto;curva;38,3;;;;;;;
pv;Poconé 1;PCN100;Inversor 1.4;Ipv31;Ipv29–32;20;2026-09-24 07:10;2026-09-27 07:08;voltou entre varreduras;misto;182,0;;;;;;;
pv;Poconé 1;PCN100;Inversor 1.4;Ipv31;Ipv29–32;20;2026-09-27 12:20;;em aberto;curva;38,3;;;;;;;
pv;Poconé 1;PCN100;Inversor 1.4;Ipv32;Ipv29–32;20;2026-09-24 07:10;2026-09-27 07:08;voltou entre varreduras;misto;182,0;;;;;;;
pv;Poconé 1;PCN100;Inversor 1.4;Ipv32;Ipv29–32;20;2026-09-27 12:20;;em aberto;curva;38,3;;;;;;;
pv;Poconé 1;PCN100;Inversor 1.5;Ipv29;Ipv29–32;20;2026-09-25 07:10;2026-09-27 07:08;voltou entre varreduras;curva;110,4;;;;;;;
pv;Poconé 1;PCN100;Inversor 1.5;Ipv30;Ipv29–32;20;2026-09-25 07:10;2026-09-27 07:08;voltou entre varreduras;curva;110,4;;;;;;;
pv;Poconé 1;PCN100;Inversor 1.5;Ipv31;Ipv29–32;20;2026-09-25 07:10;2026-09-27 07:08;voltou entre varreduras;curva;110,4;;;;;;;
pv;Poconé 1;PCN100;Inversor 1.5;Ipv32;Ipv29–32;20;2026-09-25 07:10;2026-09-27 07:08;voltou entre varreduras;curva;110,4;;;;;;;
pv;Poconé 1;PCN100;Inversor 1.6;Ipv29;Ipv29–32;22;2026-09-24 07:00;2026-09-27 07:08;voltou entre varreduras;misto;182,0;;;;;;;
pv;Poconé 1;PCN100;Inversor 1.6;Ipv30;Ipv29–32;22;2026-09-24 07:00;2026-09-27 07:08;voltou entre varreduras;misto;182,0;;;;;;;
pv;Poconé 1;PCN100;Inversor 1.6;Ipv31;Ipv29–32;22;2026-09-24 07:00;2026-09-27 07:08;voltou entre varreduras;misto;182,0;;;;;;;
pv;Poconé 1;PCN100;Inversor 1.6;Ipv32;Ipv29–32;22;2026-09-24 07:00;2026-09-27 07:08;voltou entre varreduras;misto;182,0;;;;;;;
pv;Poconé 1;PCN100;Inversor 1.7;Ipv29;Ipv29–32;22;2026-09-25 07:10;2026-09-27 07:08;voltou entre varreduras;curva;110,4;;;;;;;
pv;Poconé 1;PCN100;Inversor 1.7;Ipv30;Ipv29–32;22;2026-09-25 07:10;2026-09-27 07:08;voltou entre varreduras;curva;110,4;;;;;;;
pv;Poconé 1;PCN100;Inversor 1.7;Ipv31;Ipv29–32;22;2026-09-25 07:10;2026-09-27 07:08;voltou entre varreduras;curva;110,4;;;;;;;
pv;Poconé 1;PCN100;Inversor 1.7;Ipv32;Ipv29–32;22;2026-09-25 07:10;2026-09-27 07:08;voltou entre varreduras;curva;110,4;;;;;;;
pv;Poconé 1;PCN100;Inversor 1.8;Ipv29;Ipv29–32;20;2026-09-25 07:10;2026-09-27 07:08;voltou entre varreduras;curva;110,4;;;;;;;
pv;Poconé 1;PCN100;Inversor 1.8;Ipv30;Ipv29–32;20;2026-09-25 07:10;2026-09-27 07:08;voltou entre varreduras;curva;110,4;;;;;;;
pv;Poconé 1;PCN100;Inversor 1.8;Ipv31;Ipv29–32;20;2026-09-25 07:10;2026-09-27 07:08;voltou entre varreduras;curva;110,4;;;;;;;
pv;Poconé 1;PCN100;Inversor 1.8;Ipv32;Ipv29–32;20;2026-09-25 07:10;2026-09-27 07:08;voltou entre varreduras;curva;110,4;;;;;;;
pv;Poconé 1;PCN100;Inversor 1.9;Ipv29;Ipv29–32;20;2026-09-24 07:00;2026-09-27 07:08;voltou entre varreduras;misto;181,6;;;;;;;
pv;Poconé 1;PCN100;Inversor 1.9;Ipv30;Ipv29–32;20;2026-09-24 07:00;2026-09-27 07:08;voltou entre varreduras;misto;181,6;;;;;;;
pv;Poconé 1;PCN100;Inversor 1.9;Ipv31;Ipv29–32;20;2026-09-24 07:00;2026-09-27 07:08;voltou entre varreduras;misto;181,6;;;;;;;
pv;Poconé 1;PCN100;Inversor 1.9;Ipv32;Ipv29–32;20;2026-09-24 07:00;2026-09-27 07:08;voltou entre varreduras;misto;181,6;;;;;;;
pv;Primavera 1;PRM100;Inversor 1.1;Ipv29;Ipv29–32;22;2026-09-24 06:50;;em aberto;misto;204,8;;;;;;;
pv;Primavera 1;PRM100;Inversor 1.1;Ipv30;Ipv29–32;22;2026-09-24 06:50;;em aberto;misto;204,8;;;;;;;
pv;Primavera 1;PRM100;Inversor 1.1;Ipv31;Ipv29–32;22;2026-09-24 06:50;;em aberto;misto;204,8;;;;;;;
pv;Primavera 1;PRM100;Inversor 1.1;Ipv32;Ipv29–32;22;2026-09-24 06:50;;em aberto;misto;204,8;;;;;;;
pv;Primavera 1;PRM100;Inversor 1.2;Ipv29;Ipv29–32;22;2026-09-24 06:50;2026-09-27 06:06;voltou entre varreduras;misto;77,3;;;;;;;
pv;Primavera 1;PRM100;Inversor 1.2;Ipv29;Ipv29–32;22;2026-09-27 07:40;;em aberto;curva;61,1;;;;;;;
pv;Primavera 1;PRM100;Inversor 1.2;Ipv30;Ipv29–32;22;2026-09-24 06:50;2026-09-27 06:06;voltou entre varreduras;misto;77,3;;;;;;;
pv;Primavera 1;PRM100;Inversor 1.2;Ipv30;Ipv29–32;22;2026-09-27 07:40;;em aberto;curva;61,1;;;;;;;
pv;Primavera 1;PRM100;Inversor 1.2;Ipv31;Ipv29–32;22;2026-09-24 06:50;2026-09-27 06:06;voltou entre varreduras;misto;77,3;;;;;;;
pv;Primavera 1;PRM100;Inversor 1.2;Ipv31;Ipv29–32;22;2026-09-27 07:40;;em aberto;curva;61,1;;;;;;;
pv;Primavera 1;PRM100;Inversor 1.2;Ipv32;Ipv29–32;22;2026-09-24 06:50;2026-09-27 06:06;voltou entre varreduras;misto;77,3;;;;;;;
pv;Primavera 1;PRM100;Inversor 1.2;Ipv32;Ipv29–32;22;2026-09-27 07:40;;em aberto;curva;61,1;;;;;;;
pv;Primavera 1;PRM100;Inversor 1.3;Ipv29;Ipv29–32;22;2026-09-24 06:50;2026-09-27 06:06;voltou entre varreduras;misto;77,3;;;;;;;
pv;Primavera 1;PRM100;Inversor 1.3;Ipv29;Ipv29–32;22;2026-09-27 07:40;;em aberto;curva;61,1;;;;;;;
pv;Primavera 1;PRM100;Inversor 1.3;Ipv30;Ipv29–32;22;2026-09-24 06:50;2026-09-27 06:06;voltou entre varreduras;misto;77,3;;;;;;;
pv;Primavera 1;PRM100;Inversor 1.3;Ipv30;Ipv29–32;22;2026-09-27 07:40;;em aberto;curva;61,1;;;;;;;
pv;Primavera 1;PRM100;Inversor 1.3;Ipv31;Ipv29–32;22;2026-09-24 06:50;2026-09-27 06:06;voltou entre varreduras;misto;77,3;;;;;;;
pv;Primavera 1;PRM100;Inversor 1.3;Ipv31;Ipv29–32;22;2026-09-27 07:40;;em aberto;curva;61,1;;;;;;;
pv;Primavera 1;PRM100;Inversor 1.3;Ipv32;Ipv29–32;22;2026-09-24 06:50;2026-09-27 06:06;voltou entre varreduras;misto;77,3;;;;;;;
pv;Primavera 1;PRM100;Inversor 1.3;Ipv32;Ipv29–32;22;2026-09-27 07:40;;em aberto;curva;61,1;;;;;;;
pv;Primavera 1;PRM100;Inversor 1.4;Ipv29;Ipv29–32;22;2026-09-24 06:50;;em aberto;misto;204,8;;;;;;;
pv;Primavera 1;PRM100;Inversor 1.4;Ipv30;Ipv29–32;22;2026-09-24 06:50;;em aberto;misto;204,8;;;;;;;
pv;Primavera 1;PRM100;Inversor 1.4;Ipv31;Ipv29–32;22;2026-09-24 06:50;;em aberto;misto;204,8;;;;;;;
pv;Primavera 1;PRM100;Inversor 1.4;Ipv32;Ipv29–32;22;2026-09-24 06:50;;em aberto;misto;204,8;;;;;;;
pv;Primavera 2;PRM200;Inversor 2.1;Ipv29;Ipv29–32;22;2026-09-24 06:50;2026-09-27 06:06;voltou entre varreduras;misto;77,3;;;;;;;
pv;Primavera 2;PRM200;Inversor 2.1;Ipv29;Ipv29–32;22;2026-09-27 07:40;;em aberto;curva;61,1;;;;;;;
pv;Primavera 2;PRM200;Inversor 2.1;Ipv30;Ipv29–32;22;2026-09-24 06:50;2026-09-27 06:06;voltou entre varreduras;misto;77,3;;;;;;;
pv;Primavera 2;PRM200;Inversor 2.1;Ipv30;Ipv29–32;22;2026-09-27 07:40;;em aberto;curva;61,1;;;;;;;
pv;Primavera 2;PRM200;Inversor 2.1;Ipv31;Ipv29–32;22;2026-09-24 06:50;2026-09-27 06:06;voltou entre varreduras;misto;77,3;;;;;;;
pv;Primavera 2;PRM200;Inversor 2.1;Ipv31;Ipv29–32;22;2026-09-27 07:40;;em aberto;curva;61,1;;;;;;;
pv;Primavera 2;PRM200;Inversor 2.1;Ipv32;Ipv29–32;22;2026-09-24 06:50;2026-09-27 06:06;voltou entre varreduras;misto;77,3;;;;;;;
pv;Primavera 2;PRM200;Inversor 2.1;Ipv32;Ipv29–32;22;2026-09-27 07:40;;em aberto;curva;61,1;;;;;;;
pv;Primavera 2;PRM200;Inversor 2.2;Ipv29;Ipv29–32;22;2026-09-24 06:50;2026-09-27 06:06;voltou entre varreduras;misto;77,3;;;;;;;
pv;Primavera 2;PRM200;Inversor 2.2;Ipv29;Ipv29–32;22;2026-09-27 07:40;;em aberto;curva;61,1;;;;;;;
pv;Primavera 2;PRM200;Inversor 2.2;Ipv30;Ipv29–32;22;2026-09-24 06:50;2026-09-27 06:06;voltou entre varreduras;misto;77,3;;;;;;;
pv;Primavera 2;PRM200;Inversor 2.2;Ipv30;Ipv29–32;22;2026-09-27 07:40;;em aberto;curva;61,1;;;;;;;
pv;Primavera 2;PRM200;Inversor 2.2;Ipv31;Ipv29–32;22;2026-09-24 06:50;2026-09-27 06:06;voltou entre varreduras;misto;77,3;;;;;;;
pv;Primavera 2;PRM200;Inversor 2.2;Ipv31;Ipv29–32;22;2026-09-27 07:40;;em aberto;curva;61,1;;;;;;;
pv;Primavera 2;PRM200;Inversor 2.2;Ipv32;Ipv29–32;22;2026-09-24 06:50;2026-09-27 06:06;voltou entre varreduras;misto;77,3;;;;;;;
pv;Primavera 2;PRM200;Inversor 2.2;Ipv32;Ipv29–32;22;2026-09-27 07:40;;em aberto;curva;61,1;;;;;;;
pv;Primavera 2;PRM200;Inversor 2.3;Ipv29;Ipv29–32;22;2026-09-24 06:50;2026-09-27 06:06;voltou entre varreduras;misto;77,3;;;;;;;
pv;Primavera 2;PRM200;Inversor 2.3;Ipv29;Ipv29–32;22;2026-09-27 07:40;;em aberto;curva;61,1;;;;;;;
pv;Primavera 2;PRM200;Inversor 2.3;Ipv30;Ipv29–32;22;2026-09-24 06:50;2026-09-27 06:06;voltou entre varreduras;misto;77,3;;;;;;;
pv;Primavera 2;PRM200;Inversor 2.3;Ipv30;Ipv29–32;22;2026-09-27 07:40;;em aberto;curva;61,1;;;;;;;
pv;Primavera 2;PRM200;Inversor 2.3;Ipv31;Ipv29–32;22;2026-09-24 06:50;2026-09-27 06:06;voltou entre varreduras;misto;77,3;;;;;;;
pv;Primavera 2;PRM200;Inversor 2.3;Ipv31;Ipv29–32;22;2026-09-27 07:40;;em aberto;curva;61,1;;;;;;;
pv;Primavera 2;PRM200;Inversor 2.3;Ipv32;Ipv29–32;22;2026-09-24 06:50;2026-09-27 06:06;voltou entre varreduras;misto;77,3;;;;;;;
pv;Primavera 2;PRM200;Inversor 2.3;Ipv32;Ipv29–32;22;2026-09-27 07:40;;em aberto;curva;61,1;;;;;;;
pv;Primavera 2;PRM200;Inversor 2.4;Ipv29;Ipv29–32;22;2026-09-24 06:50;2026-09-27 06:06;voltou entre varreduras;misto;77,3;;;;;;;
pv;Primavera 2;PRM200;Inversor 2.4;Ipv30;Ipv29–32;22;2026-09-24 06:50;2026-09-27 06:06;voltou entre varreduras;misto;77,3;;;;;;;
pv;Primavera 2;PRM200;Inversor 2.4;Ipv31;Ipv29–32;22;2026-09-24 06:50;2026-09-27 06:06;voltou entre varreduras;misto;77,3;;;;;;;
pv;Primavera 2;PRM200;Inversor 2.4;Ipv32;Ipv29–32;22;2026-09-24 06:50;2026-09-27 06:06;voltou entre varreduras;misto;77,3;;;;;;;
pv;Rodrigues 2;RDR200;Inversor 1.1;Ipv13;dentro das esperadas;15;2026-09-05 06:00;2026-09-25 06:00;voltou entre varreduras;quedas gravadas;1190,9;;;;;;;
pv;Rodrigues 2;RDR200;Inversor 1.1;Ipv16;acima das esperadas;15;2026-09-05 06:00;2026-09-25 06:00;voltou entre varreduras;quedas gravadas;1190,9;;;;;;;
pv;Rodrigues 2;RDR200;Inversor 1.1;Ipv17;acima das esperadas;15;2026-09-05 06:00;2026-09-25 06:00;voltou entre varreduras;quedas gravadas;1190,9;;;;;;;
pv;Rodrigues 2;RDR200;Inversor 1.1;Ipv18;acima das esperadas;15;2026-09-05 06:00;2026-09-25 06:00;voltou entre varreduras;quedas gravadas;1190,9;;;;;;;
pv;Rodrigues 2;RDR200;Inversor 1.1;Ipv21;acima das esperadas;15;2026-09-05 06:00;2026-09-25 06:00;voltou entre varreduras;quedas gravadas;1190,9;;;;;;;
pv;Rodrigues 2;RDR200;Inversor 1.1;Ipv22;acima das esperadas;15;2026-09-05 06:00;2026-09-25 06:00;voltou entre varreduras;quedas gravadas;1190,9;;;;;;;
pv;Rodrigues 2;RDR200;Inversor 1.1;Ipv23;acima das esperadas;15;2026-09-05 06:00;2026-09-25 06:00;voltou entre varreduras;quedas gravadas;1190,9;;;;;;;
pv;Rodrigues 2;RDR200;Inversor 1.2;Ipv10;dentro das esperadas;14;2026-09-25 06:00;;em aberto;curva;266,0;;;;;;;
pv;Rodrigues 2;RDR200;Inversor 1.2;Ipv13;dentro das esperadas;14;2026-09-05 06:00;2026-09-25 06:00;voltou entre varreduras;quedas gravadas;1190,9;;;;;;;
pv;Rodrigues 2;RDR200;Inversor 1.2;Ipv16;acima das esperadas;14;2026-09-05 06:00;2026-09-25 06:00;voltou entre varreduras;quedas gravadas;1190,9;;;;;;;
pv;Rodrigues 2;RDR200;Inversor 1.2;Ipv17;acima das esperadas;14;2026-09-05 06:00;2026-09-25 06:00;voltou entre varreduras;quedas gravadas;1190,9;;;;;;;
pv;Rodrigues 2;RDR200;Inversor 1.2;Ipv21;acima das esperadas;14;2026-09-05 06:00;2026-09-25 06:00;voltou entre varreduras;quedas gravadas;1190,9;;;;;;;
pv;Rodrigues 2;RDR200;Inversor 1.2;Ipv22;acima das esperadas;14;2026-09-05 06:00;2026-09-25 06:00;voltou entre varreduras;quedas gravadas;1190,9;;;;;;;
pv;Rodrigues 2;RDR200;Inversor 1.2;Ipv23;acima das esperadas;14;2026-09-05 06:00;2026-09-25 06:00;voltou entre varreduras;quedas gravadas;1190,9;;;;;;;
pv;Rodrigues 2;RDR200;Inversor 1.3;Ipv13;dentro das esperadas;14;2026-09-05 06:00;2026-09-25 06:00;voltou entre varreduras;quedas gravadas;1190,9;;;;;;;
pv;Rodrigues 2;RDR200;Inversor 1.3;Ipv16;acima das esperadas;14;2026-09-05 06:00;2026-09-25 06:00;voltou entre varreduras;quedas gravadas;1190,9;;;;;;;
pv;Rodrigues 2;RDR200;Inversor 1.3;Ipv17;acima das esperadas;14;2026-09-05 06:00;2026-09-25 06:00;voltou entre varreduras;quedas gravadas;1190,9;;;;;;;
pv;Rodrigues 2;RDR200;Inversor 1.3;Ipv18;acima das esperadas;14;2026-09-05 06:00;2026-09-25 06:00;voltou entre varreduras;quedas gravadas;1190,9;;;;;;;
pv;Rodrigues 2;RDR200;Inversor 1.3;Ipv21;acima das esperadas;14;2026-09-05 06:00;2026-09-25 06:00;voltou entre varreduras;quedas gravadas;1190,9;;;;;;;
pv;Rodrigues 2;RDR200;Inversor 1.3;Ipv22;acima das esperadas;14;2026-09-05 06:00;2026-09-25 06:00;voltou entre varreduras;quedas gravadas;1190,9;;;;;;;
pv;Rodrigues 2;RDR200;Inversor 1.3;Ipv23;acima das esperadas;14;2026-09-05 06:00;2026-09-25 06:00;voltou entre varreduras;quedas gravadas;1190,9;;;;;;;
pv;Rodrigues 2;RDR200;Inversor 1.4;Ipv13;dentro das esperadas;14;2026-09-05 06:10;2026-09-25 06:00;voltou entre varreduras;quedas gravadas;1190,5;;;;;;;
pv;Rodrigues 2;RDR200;Inversor 1.4;Ipv16;acima das esperadas;14;2026-09-05 06:10;2026-09-25 06:00;voltou entre varreduras;quedas gravadas;1190,5;;;;;;;
pv;Rodrigues 2;RDR200;Inversor 1.4;Ipv17;acima das esperadas;14;2026-09-05 06:10;2026-09-25 06:00;voltou entre varreduras;quedas gravadas;1190,5;;;;;;;
pv;Rodrigues 2;RDR200;Inversor 1.4;Ipv18;acima das esperadas;14;2026-09-05 06:10;2026-09-25 06:00;voltou entre varreduras;quedas gravadas;1190,5;;;;;;;
pv;Rodrigues 2;RDR200;Inversor 1.4;Ipv21;acima das esperadas;14;2026-09-05 06:10;2026-09-25 06:00;voltou entre varreduras;quedas gravadas;1190,5;;;;;;;
pv;Rodrigues 2;RDR200;Inversor 1.4;Ipv22;acima das esperadas;14;2026-09-05 06:10;2026-09-25 06:00;voltou entre varreduras;quedas gravadas;1190,5;;;;;;;
pv;Rodrigues 2;RDR200;Inversor 1.4;Ipv23;acima das esperadas;14;2026-09-05 06:10;2026-09-25 06:00;voltou entre varreduras;quedas gravadas;1190,5;;;;;;;
pv;Rodrigues 2;RDR200;Inversor 2.1;Ipv13;dentro das esperadas;14;2026-09-11 06:10;2026-09-11 14:50;voltou;quedas gravadas;79,2;12093;recomposição;cita outras strings;Concluída;2026-08-24 15:32;2026-09-11 10:39;4,2
pv;Rodrigues 2;RDR200;Inversor 2.1;Ipv13;dentro das esperadas;14;2026-09-11 15:20;2026-09-12 13:20;voltou;quedas gravadas;77,8;12093;recomposição;cita outras strings;Concluída;2026-08-24 15:32;2026-09-11 10:39;26,7
pv;Rodrigues 2;RDR200;Inversor 2.1;Ipv13;dentro das esperadas;14;2026-09-13 06:10;2026-09-13 11:00;voltou;quedas gravadas;47,5;;;;;;;
pv;Rodrigues 2;RDR200;Inversor 2.1;Ipv13;dentro das esperadas;14;2026-09-13 14:20;2026-09-14 10:30;voltou;quedas gravadas;53,9;;;;;;;
pv;Rodrigues 2;RDR200;Inversor 2.1;Ipv13;dentro das esperadas;14;2026-09-14 14:00;2026-09-15 08:30;voltou;quedas gravadas;31,3;;;;;;;
pv;Rodrigues 2;RDR200;Inversor 2.1;Ipv13;dentro das esperadas;14;2026-09-15 12:20;2026-09-16 13:40;voltou;quedas gravadas;104,7;;;;;;;
pv;Rodrigues 2;RDR200;Inversor 2.1;Ipv13;dentro das esperadas;14;2026-09-16 16:20;2026-09-17 13:40;voltou;quedas gravadas;68,7;;;;;;;
pv;Rodrigues 2;RDR200;Inversor 2.1;Ipv16;acima das esperadas;14;2026-09-11 06:10;2026-09-11 14:50;voltou;quedas gravadas;79,2;12093;recomposição;cita outras strings;Concluída;2026-08-24 15:32;2026-09-11 10:39;4,2
pv;Rodrigues 2;RDR200;Inversor 2.1;Ipv16;acima das esperadas;14;2026-09-11 15:20;2026-09-12 13:20;voltou;quedas gravadas;77,8;12093;recomposição;cita outras strings;Concluída;2026-08-24 15:32;2026-09-11 10:39;26,7
pv;Rodrigues 2;RDR200;Inversor 2.1;Ipv16;acima das esperadas;14;2026-09-13 06:10;2026-09-13 11:00;voltou;quedas gravadas;47,5;;;;;;;
pv;Rodrigues 2;RDR200;Inversor 2.1;Ipv16;acima das esperadas;14;2026-09-13 14:20;2026-09-14 10:30;voltou;quedas gravadas;53,9;;;;;;;
pv;Rodrigues 2;RDR200;Inversor 2.1;Ipv16;acima das esperadas;14;2026-09-14 14:00;2026-09-15 08:30;voltou;quedas gravadas;31,3;;;;;;;
pv;Rodrigues 2;RDR200;Inversor 2.1;Ipv16;acima das esperadas;14;2026-09-15 12:20;2026-09-16 13:40;voltou;quedas gravadas;104,7;;;;;;;
pv;Rodrigues 2;RDR200;Inversor 2.1;Ipv16;acima das esperadas;14;2026-09-16 16:20;2026-09-17 13:40;voltou;quedas gravadas;68,7;;;;;;;
pv;Rodrigues 2;RDR200;Inversor 2.1;Ipv17;acima das esperadas;14;2026-09-11 06:10;2026-09-11 14:50;voltou;quedas gravadas;79,2;12093;recomposição;cita outras strings;Concluída;2026-08-24 15:32;2026-09-11 10:39;4,2
pv;Rodrigues 2;RDR200;Inversor 2.1;Ipv17;acima das esperadas;14;2026-09-11 15:20;2026-09-12 13:20;voltou;quedas gravadas;77,8;12093;recomposição;cita outras strings;Concluída;2026-08-24 15:32;2026-09-11 10:39;26,7
pv;Rodrigues 2;RDR200;Inversor 2.1;Ipv17;acima das esperadas;14;2026-09-13 06:10;2026-09-13 11:00;voltou;quedas gravadas;47,5;;;;;;;
pv;Rodrigues 2;RDR200;Inversor 2.1;Ipv17;acima das esperadas;14;2026-09-13 14:20;2026-09-14 10:30;voltou;quedas gravadas;53,9;;;;;;;
pv;Rodrigues 2;RDR200;Inversor 2.1;Ipv17;acima das esperadas;14;2026-09-14 14:00;2026-09-15 08:30;voltou;quedas gravadas;31,3;;;;;;;
pv;Rodrigues 2;RDR200;Inversor 2.1;Ipv17;acima das esperadas;14;2026-09-15 12:20;2026-09-16 13:40;voltou;quedas gravadas;104,7;;;;;;;
pv;Rodrigues 2;RDR200;Inversor 2.1;Ipv17;acima das esperadas;14;2026-09-16 16:20;2026-09-17 13:40;voltou;quedas gravadas;68,7;;;;;;;
pv;Rodrigues 2;RDR200;Inversor 2.1;Ipv18;acima das esperadas;14;2026-09-11 06:10;2026-09-11 14:50;voltou;quedas gravadas;79,2;12093;recomposição;cita a string;Concluída;2026-08-24 15:32;2026-09-11 10:39;4,2
pv;Rodrigues 2;RDR200;Inversor 2.1;Ipv18;acima das esperadas;14;2026-09-11 15:20;2026-09-12 13:20;voltou;quedas gravadas;77,8;12093;recomposição;cita a string;Concluída;2026-08-24 15:32;2026-09-11 10:39;26,7
pv;Rodrigues 2;RDR200;Inversor 2.1;Ipv18;acima das esperadas;14;2026-09-13 06:10;2026-09-13 11:00;voltou;quedas gravadas;47,5;;;;;;;
pv;Rodrigues 2;RDR200;Inversor 2.1;Ipv18;acima das esperadas;14;2026-09-13 14:20;2026-09-14 10:30;voltou;quedas gravadas;53,9;;;;;;;
pv;Rodrigues 2;RDR200;Inversor 2.1;Ipv18;acima das esperadas;14;2026-09-14 14:00;2026-09-15 08:30;voltou;quedas gravadas;31,3;;;;;;;
pv;Rodrigues 2;RDR200;Inversor 2.1;Ipv18;acima das esperadas;14;2026-09-15 12:20;2026-09-16 13:40;voltou;quedas gravadas;104,7;;;;;;;
pv;Rodrigues 2;RDR200;Inversor 2.1;Ipv18;acima das esperadas;14;2026-09-16 16:20;2026-09-17 13:40;voltou;quedas gravadas;68,7;;;;;;;
pv;Rodrigues 2;RDR200;Inversor 2.1;Ipv21;acima das esperadas;14;2026-09-11 06:10;2026-09-11 14:50;voltou;quedas gravadas;79,2;12093;recomposição;cita outras strings;Concluída;2026-08-24 15:32;2026-09-11 10:39;4,2
pv;Rodrigues 2;RDR200;Inversor 2.1;Ipv21;acima das esperadas;14;2026-09-11 15:20;2026-09-12 13:20;voltou;quedas gravadas;77,8;12093;recomposição;cita outras strings;Concluída;2026-08-24 15:32;2026-09-11 10:39;26,7
pv;Rodrigues 2;RDR200;Inversor 2.1;Ipv21;acima das esperadas;14;2026-09-13 06:10;2026-09-13 11:00;voltou;quedas gravadas;47,5;;;;;;;
pv;Rodrigues 2;RDR200;Inversor 2.1;Ipv21;acima das esperadas;14;2026-09-13 14:20;2026-09-14 10:30;voltou;quedas gravadas;53,9;;;;;;;
pv;Rodrigues 2;RDR200;Inversor 2.1;Ipv21;acima das esperadas;14;2026-09-14 14:00;2026-09-15 08:30;voltou;quedas gravadas;31,3;;;;;;;
pv;Rodrigues 2;RDR200;Inversor 2.1;Ipv21;acima das esperadas;14;2026-09-15 12:20;2026-09-16 13:40;voltou;quedas gravadas;104,7;;;;;;;
pv;Rodrigues 2;RDR200;Inversor 2.1;Ipv21;acima das esperadas;14;2026-09-16 16:20;2026-09-17 13:40;voltou;quedas gravadas;68,7;;;;;;;
pv;Rodrigues 2;RDR200;Inversor 2.1;Ipv22;acima das esperadas;14;2026-09-11 06:10;2026-09-11 14:50;voltou;quedas gravadas;79,2;12093;recomposição;cita outras strings;Concluída;2026-08-24 15:32;2026-09-11 10:39;4,2
pv;Rodrigues 2;RDR200;Inversor 2.1;Ipv22;acima das esperadas;14;2026-09-11 15:20;2026-09-12 13:20;voltou;quedas gravadas;77,8;12093;recomposição;cita outras strings;Concluída;2026-08-24 15:32;2026-09-11 10:39;26,7
pv;Rodrigues 2;RDR200;Inversor 2.1;Ipv22;acima das esperadas;14;2026-09-13 06:10;2026-09-13 11:00;voltou;quedas gravadas;47,5;;;;;;;
pv;Rodrigues 2;RDR200;Inversor 2.1;Ipv22;acima das esperadas;14;2026-09-13 14:20;2026-09-14 10:30;voltou;quedas gravadas;53,9;;;;;;;
pv;Rodrigues 2;RDR200;Inversor 2.1;Ipv22;acima das esperadas;14;2026-09-14 14:00;2026-09-15 08:30;voltou;quedas gravadas;31,3;;;;;;;
pv;Rodrigues 2;RDR200;Inversor 2.1;Ipv22;acima das esperadas;14;2026-09-15 12:20;2026-09-16 13:40;voltou;quedas gravadas;104,7;;;;;;;
pv;Rodrigues 2;RDR200;Inversor 2.1;Ipv22;acima das esperadas;14;2026-09-16 16:20;2026-09-17 13:40;voltou;quedas gravadas;68,7;;;;;;;
pv;Rodrigues 2;RDR200;Inversor 2.1;Ipv23;acima das esperadas;14;2026-09-11 06:10;2026-09-11 14:50;voltou;quedas gravadas;79,2;12093;recomposição;cita outras strings;Concluída;2026-08-24 15:32;2026-09-11 10:39;4,2
pv;Rodrigues 2;RDR200;Inversor 2.1;Ipv23;acima das esperadas;14;2026-09-11 15:20;2026-09-12 13:20;voltou;quedas gravadas;77,8;12093;recomposição;cita outras strings;Concluída;2026-08-24 15:32;2026-09-11 10:39;26,7
pv;Rodrigues 2;RDR200;Inversor 2.1;Ipv23;acima das esperadas;14;2026-09-13 06:10;2026-09-13 11:00;voltou;quedas gravadas;47,5;;;;;;;
pv;Rodrigues 2;RDR200;Inversor 2.1;Ipv23;acima das esperadas;14;2026-09-13 14:20;2026-09-14 10:30;voltou;quedas gravadas;53,9;;;;;;;
pv;Rodrigues 2;RDR200;Inversor 2.1;Ipv23;acima das esperadas;14;2026-09-14 14:00;2026-09-15 08:30;voltou;quedas gravadas;31,3;;;;;;;
pv;Rodrigues 2;RDR200;Inversor 2.1;Ipv23;acima das esperadas;14;2026-09-15 12:20;2026-09-16 13:40;voltou;quedas gravadas;104,7;;;;;;;
pv;Rodrigues 2;RDR200;Inversor 2.1;Ipv23;acima das esperadas;14;2026-09-16 16:20;2026-09-17 13:40;voltou;quedas gravadas;68,7;;;;;;;
pv;Rodrigues 2;RDR200;Inversor 2.2;Ipv13;dentro das esperadas;14;2026-09-05 06:10;2026-09-05 10:20;voltou;quedas gravadas;34,2;;;;;;;
pv;Rodrigues 2;RDR200;Inversor 2.2;Ipv13;dentro das esperadas;14;2026-09-05 13:00;2026-09-06 09:30;voltou;quedas gravadas;51,1;;;;;;;
pv;Rodrigues 2;RDR200;Inversor 2.2;Ipv13;dentro das esperadas;14;2026-09-06 12:30;2026-09-10 12:30;voltou;quedas gravadas;348,8;;;;;;;
pv;Rodrigues 2;RDR200;Inversor 2.2;Ipv13;dentro das esperadas;14;2026-09-11 06:10;2026-09-11 14:50;voltou;quedas gravadas;79,2;;;;;;;
pv;Rodrigues 2;RDR200;Inversor 2.2;Ipv13;dentro das esperadas;14;2026-09-11 15:20;2026-09-12 13:20;voltou;quedas gravadas;77,8;;;;;;;
pv;Rodrigues 2;RDR200;Inversor 2.2;Ipv13;dentro das esperadas;14;2026-09-13 06:10;2026-09-13 11:00;voltou;quedas gravadas;47,5;;;;;;;
pv;Rodrigues 2;RDR200;Inversor 2.2;Ipv13;dentro das esperadas;14;2026-09-13 14:20;2026-09-14 10:30;voltou;quedas gravadas;53,9;;;;;;;
pv;Rodrigues 2;RDR200;Inversor 2.2;Ipv13;dentro das esperadas;14;2026-09-14 14:00;2026-09-15 08:30;voltou;quedas gravadas;30,8;;;;;;;
pv;Rodrigues 2;RDR200;Inversor 2.2;Ipv13;dentro das esperadas;14;2026-09-15 12:20;2026-09-16 13:40;voltou;quedas gravadas;104,3;;;;;;;
pv;Rodrigues 2;RDR200;Inversor 2.2;Ipv13;dentro das esperadas;14;2026-09-16 16:20;2026-09-17 13:40;voltou;quedas gravadas;68,7;;;;;;;
pv;Rodrigues 2;RDR200;Inversor 2.2;Ipv16;acima das esperadas;14;2026-09-05 06:10;2026-09-05 10:20;voltou;quedas gravadas;34,2;;;;;;;
pv;Rodrigues 2;RDR200;Inversor 2.2;Ipv16;acima das esperadas;14;2026-09-05 13:00;2026-09-06 09:30;voltou;quedas gravadas;51,1;;;;;;;
pv;Rodrigues 2;RDR200;Inversor 2.2;Ipv16;acima das esperadas;14;2026-09-06 12:30;2026-09-10 12:30;voltou;quedas gravadas;348,8;;;;;;;
pv;Rodrigues 2;RDR200;Inversor 2.2;Ipv16;acima das esperadas;14;2026-09-11 06:10;2026-09-11 14:50;voltou;quedas gravadas;79,2;;;;;;;
pv;Rodrigues 2;RDR200;Inversor 2.2;Ipv16;acima das esperadas;14;2026-09-11 15:20;2026-09-12 13:20;voltou;quedas gravadas;77,8;;;;;;;
pv;Rodrigues 2;RDR200;Inversor 2.2;Ipv16;acima das esperadas;14;2026-09-13 06:10;2026-09-13 11:00;voltou;quedas gravadas;47,5;;;;;;;
pv;Rodrigues 2;RDR200;Inversor 2.2;Ipv16;acima das esperadas;14;2026-09-13 14:20;2026-09-14 10:30;voltou;quedas gravadas;53,9;;;;;;;
pv;Rodrigues 2;RDR200;Inversor 2.2;Ipv16;acima das esperadas;14;2026-09-14 14:00;2026-09-15 08:30;voltou;quedas gravadas;30,8;;;;;;;
pv;Rodrigues 2;RDR200;Inversor 2.2;Ipv16;acima das esperadas;14;2026-09-15 12:20;2026-09-16 13:40;voltou;quedas gravadas;104,3;;;;;;;
pv;Rodrigues 2;RDR200;Inversor 2.2;Ipv16;acima das esperadas;14;2026-09-16 16:20;2026-09-17 13:40;voltou;quedas gravadas;68,7;;;;;;;
pv;Rodrigues 2;RDR200;Inversor 2.2;Ipv17;acima das esperadas;14;2026-09-05 06:10;2026-09-05 10:20;voltou;quedas gravadas;34,2;;;;;;;
pv;Rodrigues 2;RDR200;Inversor 2.2;Ipv17;acima das esperadas;14;2026-09-05 13:00;2026-09-06 09:30;voltou;quedas gravadas;51,1;;;;;;;
pv;Rodrigues 2;RDR200;Inversor 2.2;Ipv17;acima das esperadas;14;2026-09-06 12:30;2026-09-10 12:30;voltou;quedas gravadas;348,8;;;;;;;
pv;Rodrigues 2;RDR200;Inversor 2.2;Ipv17;acima das esperadas;14;2026-09-11 06:10;2026-09-11 14:50;voltou;quedas gravadas;79,2;;;;;;;
pv;Rodrigues 2;RDR200;Inversor 2.2;Ipv17;acima das esperadas;14;2026-09-11 15:20;2026-09-12 13:20;voltou;quedas gravadas;77,8;;;;;;;
pv;Rodrigues 2;RDR200;Inversor 2.2;Ipv17;acima das esperadas;14;2026-09-13 06:10;2026-09-13 11:00;voltou;quedas gravadas;47,5;;;;;;;
pv;Rodrigues 2;RDR200;Inversor 2.2;Ipv17;acima das esperadas;14;2026-09-13 14:20;2026-09-14 10:30;voltou;quedas gravadas;53,9;;;;;;;
pv;Rodrigues 2;RDR200;Inversor 2.2;Ipv17;acima das esperadas;14;2026-09-14 14:00;2026-09-15 08:30;voltou;quedas gravadas;30,8;;;;;;;
pv;Rodrigues 2;RDR200;Inversor 2.2;Ipv17;acima das esperadas;14;2026-09-15 12:20;2026-09-16 13:40;voltou;quedas gravadas;104,3;;;;;;;
pv;Rodrigues 2;RDR200;Inversor 2.2;Ipv17;acima das esperadas;14;2026-09-16 16:20;2026-09-17 13:40;voltou;quedas gravadas;68,7;;;;;;;
pv;Rodrigues 2;RDR200;Inversor 2.2;Ipv18;acima das esperadas;14;2026-09-05 06:10;2026-09-05 10:20;voltou;quedas gravadas;34,2;;;;;;;
pv;Rodrigues 2;RDR200;Inversor 2.2;Ipv18;acima das esperadas;14;2026-09-05 13:00;2026-09-06 09:30;voltou;quedas gravadas;51,1;;;;;;;
pv;Rodrigues 2;RDR200;Inversor 2.2;Ipv18;acima das esperadas;14;2026-09-06 12:30;2026-09-10 12:30;voltou;quedas gravadas;348,8;;;;;;;
pv;Rodrigues 2;RDR200;Inversor 2.2;Ipv18;acima das esperadas;14;2026-09-11 06:10;2026-09-11 14:50;voltou;quedas gravadas;79,2;;;;;;;
pv;Rodrigues 2;RDR200;Inversor 2.2;Ipv18;acima das esperadas;14;2026-09-11 15:20;2026-09-12 13:20;voltou;quedas gravadas;77,8;;;;;;;
pv;Rodrigues 2;RDR200;Inversor 2.2;Ipv18;acima das esperadas;14;2026-09-13 06:10;2026-09-13 11:00;voltou;quedas gravadas;47,5;;;;;;;
pv;Rodrigues 2;RDR200;Inversor 2.2;Ipv18;acima das esperadas;14;2026-09-13 14:20;2026-09-14 10:30;voltou;quedas gravadas;53,9;;;;;;;
pv;Rodrigues 2;RDR200;Inversor 2.2;Ipv18;acima das esperadas;14;2026-09-14 14:00;2026-09-15 08:30;voltou;quedas gravadas;30,8;;;;;;;
pv;Rodrigues 2;RDR200;Inversor 2.2;Ipv18;acima das esperadas;14;2026-09-15 12:20;2026-09-16 13:40;voltou;quedas gravadas;104,3;;;;;;;
pv;Rodrigues 2;RDR200;Inversor 2.2;Ipv18;acima das esperadas;14;2026-09-16 16:20;2026-09-17 13:40;voltou;quedas gravadas;68,7;;;;;;;
pv;Rodrigues 2;RDR200;Inversor 2.2;Ipv21;acima das esperadas;14;2026-09-05 06:10;2026-09-05 10:20;voltou;quedas gravadas;34,2;;;;;;;
pv;Rodrigues 2;RDR200;Inversor 2.2;Ipv21;acima das esperadas;14;2026-09-05 13:00;2026-09-06 09:30;voltou;quedas gravadas;51,1;;;;;;;
pv;Rodrigues 2;RDR200;Inversor 2.2;Ipv21;acima das esperadas;14;2026-09-06 12:30;2026-09-10 12:30;voltou;quedas gravadas;348,8;;;;;;;
pv;Rodrigues 2;RDR200;Inversor 2.2;Ipv21;acima das esperadas;14;2026-09-11 06:10;2026-09-11 14:50;voltou;quedas gravadas;79,2;;;;;;;
pv;Rodrigues 2;RDR200;Inversor 2.2;Ipv21;acima das esperadas;14;2026-09-11 15:20;2026-09-12 13:20;voltou;quedas gravadas;77,8;;;;;;;
pv;Rodrigues 2;RDR200;Inversor 2.2;Ipv21;acima das esperadas;14;2026-09-13 06:10;2026-09-13 11:00;voltou;quedas gravadas;47,5;;;;;;;
pv;Rodrigues 2;RDR200;Inversor 2.2;Ipv21;acima das esperadas;14;2026-09-13 14:20;2026-09-14 10:30;voltou;quedas gravadas;53,9;;;;;;;
pv;Rodrigues 2;RDR200;Inversor 2.2;Ipv21;acima das esperadas;14;2026-09-14 14:00;2026-09-15 08:30;voltou;quedas gravadas;30,8;;;;;;;
pv;Rodrigues 2;RDR200;Inversor 2.2;Ipv21;acima das esperadas;14;2026-09-15 12:20;2026-09-16 13:40;voltou;quedas gravadas;104,3;;;;;;;
pv;Rodrigues 2;RDR200;Inversor 2.2;Ipv21;acima das esperadas;14;2026-09-16 16:20;2026-09-17 13:40;voltou;quedas gravadas;68,7;;;;;;;
pv;Rodrigues 2;RDR200;Inversor 2.2;Ipv22;acima das esperadas;14;2026-09-05 06:10;2026-09-05 10:20;voltou;quedas gravadas;34,2;;;;;;;
pv;Rodrigues 2;RDR200;Inversor 2.2;Ipv22;acima das esperadas;14;2026-09-05 13:00;2026-09-06 09:30;voltou;quedas gravadas;51,1;;;;;;;
pv;Rodrigues 2;RDR200;Inversor 2.2;Ipv22;acima das esperadas;14;2026-09-06 12:30;2026-09-10 12:30;voltou;quedas gravadas;348,8;;;;;;;
pv;Rodrigues 2;RDR200;Inversor 2.2;Ipv22;acima das esperadas;14;2026-09-11 06:10;2026-09-11 14:50;voltou;quedas gravadas;79,2;;;;;;;
pv;Rodrigues 2;RDR200;Inversor 2.2;Ipv22;acima das esperadas;14;2026-09-11 15:20;2026-09-12 13:20;voltou;quedas gravadas;77,8;;;;;;;
pv;Rodrigues 2;RDR200;Inversor 2.2;Ipv22;acima das esperadas;14;2026-09-13 06:10;2026-09-13 11:00;voltou;quedas gravadas;47,5;;;;;;;
pv;Rodrigues 2;RDR200;Inversor 2.2;Ipv22;acima das esperadas;14;2026-09-13 14:20;2026-09-14 10:30;voltou;quedas gravadas;53,9;;;;;;;
pv;Rodrigues 2;RDR200;Inversor 2.2;Ipv22;acima das esperadas;14;2026-09-14 14:00;2026-09-15 08:30;voltou;quedas gravadas;30,8;;;;;;;
pv;Rodrigues 2;RDR200;Inversor 2.2;Ipv22;acima das esperadas;14;2026-09-15 12:20;2026-09-16 13:40;voltou;quedas gravadas;104,3;;;;;;;
pv;Rodrigues 2;RDR200;Inversor 2.2;Ipv22;acima das esperadas;14;2026-09-16 16:20;2026-09-17 13:40;voltou;quedas gravadas;68,7;;;;;;;
pv;Rodrigues 2;RDR200;Inversor 2.2;Ipv23;acima das esperadas;14;2026-09-05 06:10;2026-09-05 10:20;voltou;quedas gravadas;34,2;;;;;;;
pv;Rodrigues 2;RDR200;Inversor 2.2;Ipv23;acima das esperadas;14;2026-09-05 13:00;2026-09-06 09:30;voltou;quedas gravadas;51,1;;;;;;;
pv;Rodrigues 2;RDR200;Inversor 2.2;Ipv23;acima das esperadas;14;2026-09-06 12:30;2026-09-10 12:30;voltou;quedas gravadas;348,8;;;;;;;
pv;Rodrigues 2;RDR200;Inversor 2.2;Ipv23;acima das esperadas;14;2026-09-11 06:10;2026-09-11 14:50;voltou;quedas gravadas;79,2;;;;;;;
pv;Rodrigues 2;RDR200;Inversor 2.2;Ipv23;acima das esperadas;14;2026-09-11 15:20;2026-09-12 13:20;voltou;quedas gravadas;77,8;;;;;;;
pv;Rodrigues 2;RDR200;Inversor 2.2;Ipv23;acima das esperadas;14;2026-09-13 06:10;2026-09-13 11:00;voltou;quedas gravadas;47,5;;;;;;;
pv;Rodrigues 2;RDR200;Inversor 2.2;Ipv23;acima das esperadas;14;2026-09-13 14:20;2026-09-14 10:30;voltou;quedas gravadas;53,9;;;;;;;
pv;Rodrigues 2;RDR200;Inversor 2.2;Ipv23;acima das esperadas;14;2026-09-14 14:00;2026-09-15 08:30;voltou;quedas gravadas;30,8;;;;;;;
pv;Rodrigues 2;RDR200;Inversor 2.2;Ipv23;acima das esperadas;14;2026-09-15 12:20;2026-09-16 13:40;voltou;quedas gravadas;104,3;;;;;;;
pv;Rodrigues 2;RDR200;Inversor 2.2;Ipv23;acima das esperadas;14;2026-09-16 16:20;2026-09-17 13:40;voltou;quedas gravadas;68,7;;;;;;;
pv;Rodrigues 2;RDR200;Inversor 3.1;Ipv16;acima das esperadas;14;2026-09-05 06:10;2026-09-25 06:00;voltou entre varreduras;quedas gravadas;1188,9;;;;;;;
pv;Rodrigues 2;RDR200;Inversor 3.1;Ipv17;acima das esperadas;14;2026-09-05 06:10;2026-09-25 06:00;voltou entre varreduras;quedas gravadas;1188,9;;;;;;;
pv;Rodrigues 2;RDR200;Inversor 3.1;Ipv18;acima das esperadas;14;2026-09-05 06:10;2026-09-25 06:00;voltou entre varreduras;quedas gravadas;1188,9;;;;;;;
pv;Rodrigues 2;RDR200;Inversor 3.1;Ipv21;acima das esperadas;14;2026-09-05 06:10;2026-09-25 06:00;voltou entre varreduras;quedas gravadas;1188,9;;;;;;;
pv;Rodrigues 2;RDR200;Inversor 3.1;Ipv22;acima das esperadas;14;2026-09-05 06:10;2026-09-25 06:00;voltou entre varreduras;quedas gravadas;1188,9;;;;;;;
pv;Rodrigues 2;RDR200;Inversor 3.1;Ipv23;acima das esperadas;14;2026-09-05 06:10;2026-09-25 06:00;voltou entre varreduras;quedas gravadas;1188,9;;;;;;;
pv;Rodrigues 2;RDR200;Inversor 3.2;Ipv16;acima das esperadas;13;2026-09-05 06:10;2026-09-25 06:00;voltou entre varreduras;quedas gravadas;1187,2;;;;;;;
pv;Rodrigues 2;RDR200;Inversor 3.2;Ipv17;acima das esperadas;13;2026-09-05 06:10;2026-09-25 06:00;voltou entre varreduras;quedas gravadas;1187,2;;;;;;;
pv;Rodrigues 2;RDR200;Inversor 3.2;Ipv18;acima das esperadas;13;2026-09-05 06:10;2026-09-25 06:00;voltou entre varreduras;quedas gravadas;1187,2;;;;;;;
pv;Rodrigues 2;RDR200;Inversor 3.2;Ipv21;acima das esperadas;13;2026-09-05 06:10;2026-09-25 06:00;voltou entre varreduras;quedas gravadas;1187,2;;;;;;;
pv;Rodrigues 2;RDR200;Inversor 3.2;Ipv22;acima das esperadas;13;2026-09-05 06:10;2026-09-25 06:00;voltou entre varreduras;quedas gravadas;1187,2;;;;;;;
pv;Rodrigues 2;RDR200;Inversor 3.2;Ipv23;acima das esperadas;13;2026-09-05 06:10;2026-09-25 06:00;voltou entre varreduras;quedas gravadas;1187,2;;;;;;;
sunop;SMP100;SMP100;Inversor 3.1;ST 01;dentro das esperadas;17;2026-09-19 07:20;2026-09-20 06:40;voltou de madrugada;quedas gravadas;73,6;;;;;;;
sunop;SMP100;SMP100;Inversor 3.1;ST 01;dentro das esperadas;17;2026-09-22 07:10;2026-09-23 06:40;voltou de madrugada;quedas gravadas;75,8;;;;;;;
sunop;SMP100;SMP100;Inversor 3.1;ST 01;dentro das esperadas;17;2026-09-24 07:10;2026-09-24 17:10;voltou;quedas gravadas;82,3;;;;;;;
sunop;SMP100;SMP100;Inversor 3.1;ST 06;dentro das esperadas;17;2026-09-19 07:20;2026-09-20 06:40;voltou de madrugada;quedas gravadas;73,6;;;;;;;
sunop;SMP100;SMP100;Inversor 3.1;ST 06;dentro das esperadas;17;2026-09-22 07:10;2026-09-23 06:40;voltou de madrugada;quedas gravadas;75,8;;;;;;;
sunop;SMP100;SMP100;Inversor 3.1;ST 06;dentro das esperadas;17;2026-09-24 07:10;2026-09-24 17:10;voltou;quedas gravadas;82,3;;;;;;;
sunop;SMP100;SMP100;Inversor 3.1;ST 07;dentro das esperadas;17;2026-09-19 07:20;2026-09-20 06:40;voltou de madrugada;quedas gravadas;73,6;;;;;;;
sunop;SMP100;SMP100;Inversor 3.1;ST 07;dentro das esperadas;17;2026-09-22 07:10;2026-09-23 06:40;voltou de madrugada;quedas gravadas;75,8;;;;;;;
sunop;SMP100;SMP100;Inversor 3.1;ST 07;dentro das esperadas;17;2026-09-24 07:10;2026-09-24 17:10;voltou;quedas gravadas;82,3;;;;;;;
sunop;SMP100;SMP100;Inversor 3.1;ST 12;dentro das esperadas;17;2026-09-19 07:20;2026-09-20 06:40;voltou de madrugada;quedas gravadas;73,6;;;;;;;
sunop;SMP100;SMP100;Inversor 3.1;ST 12;dentro das esperadas;17;2026-09-22 07:10;2026-09-23 06:40;voltou de madrugada;quedas gravadas;75,8;;;;;;;
sunop;SMP100;SMP100;Inversor 3.1;ST 12;dentro das esperadas;17;2026-09-24 07:10;2026-09-24 17:10;voltou;quedas gravadas;82,3;;;;;;;
sunop;SMP100;SMP100;Inversor 3.1;ST 16;dentro das esperadas;17;2026-09-19 07:20;2026-09-20 06:40;voltou de madrugada;quedas gravadas;73,6;;;;;;;
sunop;SMP100;SMP100;Inversor 3.1;ST 16;dentro das esperadas;17;2026-09-22 07:10;2026-09-23 06:40;voltou de madrugada;quedas gravadas;75,8;;;;;;;
sunop;SMP100;SMP100;Inversor 3.1;ST 16;dentro das esperadas;17;2026-09-24 07:10;2026-09-24 17:10;voltou;quedas gravadas;82,3;;;;;;;
sunop;SMP100;SMP100;Inversor 3.1;ST 20;acima das esperadas;17;2026-09-19 07:20;2026-09-20 06:40;voltou de madrugada;quedas gravadas;73,6;;;;;;;
sunop;SMP100;SMP100;Inversor 3.1;ST 20;acima das esperadas;17;2026-09-22 07:10;2026-09-22 15:10;voltou;quedas gravadas;65,2;;;;;;;
sunop;SMP100;SMP100;Inversor 3.1;ST 20;acima das esperadas;17;2026-09-24 07:10;2026-09-24 10:50;voltou;quedas gravadas;26,9;;;;;;;
sunop;SMP100;SMP100;Inversor 3.1;ST 20;acima das esperadas;17;2026-09-24 11:00;2026-09-24 15:40;voltou;quedas gravadas;46,4;;;;;;;
sunop;SMP100;SMP100;Inversor 3.1;ST 25;acima das esperadas;17;2026-09-19 07:20;2026-09-20 06:40;voltou de madrugada;quedas gravadas;73,6;;;;;;;
sunop;SMP100;SMP100;Inversor 3.1;ST 25;acima das esperadas;17;2026-09-22 07:10;2026-09-23 06:40;voltou de madrugada;quedas gravadas;75,8;;;;;;;
sunop;SMP100;SMP100;Inversor 3.1;ST 25;acima das esperadas;17;2026-09-24 11:00;2026-09-24 17:10;voltou;quedas gravadas;53,5;;;;;;;
sunop;SMP100;SMP100;Inversor 5.2;ST 15;dentro das esperadas;17;2026-09-06 10:40;2026-09-07 08:10;voltou;quedas gravadas;68,9;;;;;;;
sunop;SMP100;SMP100;Inversor 5.2;ST 15;dentro das esperadas;17;2026-09-07 10:00;2026-09-08 08:10;voltou;quedas gravadas;87,0;;;;;;;
sunop;SMP100;SMP100;Inversor 5.2;ST 15;dentro das esperadas;17;2026-09-08 09:50;2026-09-09 06:46;voltou de madrugada;quedas gravadas;70,8;13297;recomposição;cita a string;Concluída;2026-09-09 14:37;2026-09-21 09:04;-290,3
sunop;SMP100;SMP100;Inversor 5.2;ST 15;dentro das esperadas;17;2026-09-09 10:50;2026-09-10 08:40;voltou;quedas gravadas;66,4;13297;recomposição;cita a string;Concluída;2026-09-09 14:37;2026-09-21 09:04;-264,4
sunop;SMP100;SMP100;Inversor 5.2;ST 15;dentro das esperadas;17;2026-09-10 10:10;2026-09-11 08:30;voltou;quedas gravadas;65,1;13297;recomposição;cita a string;Concluída;2026-09-09 14:37;2026-09-21 09:04;-240,6
sunop;SMP100;SMP100;Inversor 5.2;ST 15;dentro das esperadas;17;2026-09-11 10:30;2026-09-12 08:20;voltou;quedas gravadas;72,9;13297;recomposição;cita a string;Concluída;2026-09-09 14:37;2026-09-21 09:04;-216,7
sunop;SMP100;SMP100;Inversor 5.2;ST 15;dentro das esperadas;17;2026-09-12 09:50;2026-09-13 08:10;voltou;quedas gravadas;83,3;13297;recomposição;cita a string;Concluída;2026-09-09 14:37;2026-09-21 09:04;-192,9
sunop;SMP100;SMP100;Inversor 5.2;ST 15;dentro das esperadas;17;2026-09-13 10:40;2026-09-14 08:20;voltou;quedas gravadas;91,0;13297;recomposição;cita a string;Concluída;2026-09-09 14:37;2026-09-21 09:04;-168,7
sunop;SMP100;SMP100;Inversor 5.2;ST 15;dentro das esperadas;17;2026-09-14 10:00;2026-09-15 08:00;voltou;quedas gravadas;74,7;13297;recomposição;cita a string;Concluída;2026-09-09 14:37;2026-09-21 09:04;-145,1
sunop;SMP100;SMP100;Inversor 5.2;ST 15;dentro das esperadas;17;2026-09-15 10:40;2026-09-16 08:10;voltou;quedas gravadas;71,1;13297;recomposição;cita a string;Concluída;2026-09-09 14:37;2026-09-21 09:04;-120,9
sunop;SMP100;SMP100;Inversor 5.2;ST 15;dentro das esperadas;17;2026-09-16 10:20;2026-09-17 07:50;voltou;quedas gravadas;79,2;13297;recomposição;cita a string;Concluída;2026-09-09 14:37;2026-09-21 09:04;-97,2
sunop;SMP100;SMP100;Inversor 5.2;ST 16;dentro das esperadas;17;2026-09-05 14:30;2026-09-08 12:40;voltou;quedas gravadas;264,1;;;;;;;
sunop;SMP100;SMP100;Inversor 5.2;ST 16;dentro das esperadas;17;2026-09-09 09:10;2026-09-17 10:30;voltou;quedas gravadas;775,0;13297;recomposição;cita a string;Concluída;2026-09-09 14:37;2026-09-21 09:04;-94,6
sunop;SMP100;SMP100;Inversor 5.2;ST 17;dentro das esperadas;17;2026-09-05 14:30;2026-09-06 06:46;voltou de madrugada;quedas gravadas;19,6;;;;;;;
sunop;SMP100;SMP100;Inversor 5.2;ST 17;dentro das esperadas;17;2026-09-07 08:10;2026-09-07 11:00;voltou;quedas gravadas;29,7;;;;;;;
sunop;SMP100;SMP100;Inversor 5.2;ST 17;dentro das esperadas;17;2026-09-08 09:50;2026-09-09 06:46;voltou de madrugada;quedas gravadas;70,8;13297;recomposição;cita a string;Concluída;2026-09-09 14:37;2026-09-21 09:04;-290,3
sunop;SMP100;SMP100;Inversor 5.2;ST 17;dentro das esperadas;17;2026-09-09 09:10;2026-09-09 12:10;voltou;quedas gravadas;31,0;13297;recomposição;cita a string;Concluída;2026-09-09 14:37;2026-09-21 09:04;-284,9
sunop;SMP100;SMP100;Inversor 5.2;ST 17;dentro das esperadas;17;2026-09-09 15:10;2026-09-10 06:44;voltou de madrugada;quedas gravadas;12,7;13297;recomposição;cita a string;Concluída;2026-09-09 14:37;2026-09-21 09:04;-266,3
sunop;SMP100;SMP100;Inversor 5.2;ST 17;dentro das esperadas;17;2026-09-11 07:50;2026-09-11 10:50;voltou;quedas gravadas;26,0;13297;recomposição;cita a string;Concluída;2026-09-09 14:37;2026-09-21 09:04;-238,2
sunop;SMP100;SMP100;Inversor 5.2;ST 17;dentro das esperadas;17;2026-09-12 07:50;2026-09-12 11:20;voltou;quedas gravadas;33,3;13297;recomposição;cita a string;Concluída;2026-09-09 14:37;2026-09-21 09:04;-213,7
sunop;SMP100;SMP100;Inversor 5.2;ST 17;dentro das esperadas;17;2026-09-13 07:50;2026-09-13 11:50;voltou;quedas gravadas;50,1;13297;recomposição;cita a string;Concluída;2026-09-09 14:37;2026-09-21 09:04;-189,2
sunop;SMP100;SMP100;Inversor 5.2;ST 17;dentro das esperadas;17;2026-09-14 07:40;2026-09-14 10:20;voltou;quedas gravadas;21,0;13297;recomposição;cita a string;Concluída;2026-09-09 14:37;2026-09-21 09:04;-166,7
sunop;SMP100;SMP100;Inversor 5.2;ST 17;dentro das esperadas;17;2026-09-15 07:40;2026-09-15 11:30;voltou;quedas gravadas;35,3;13297;recomposição;cita a string;Concluída;2026-09-09 14:37;2026-09-21 09:04;-141,6
sunop;SMP100;SMP100;Inversor 5.2;ST 19;acima das esperadas;17;2026-09-05 14:30;2026-09-08 12:40;voltou;quedas gravadas;264,1;;;;;;;
sunop;SMP100;SMP100;Inversor 5.2;ST 19;acima das esperadas;17;2026-09-09 09:10;;em aberto;misto;1630,0;13297;recomposição;cita a string;Concluída;2026-09-09 14:37;2026-09-21 09:04;
sunop;SMP100;SMP100;Inversor 5.2;ST 20;acima das esperadas;17;2026-09-06 06:30;2026-09-08 12:40;voltou;quedas gravadas;244,5;;;;;;;
sunop;SMP100;SMP100;Inversor 5.2;ST 20;acima das esperadas;17;2026-09-09 09:10;;em aberto;misto;1630,0;13297;recomposição;cita a string;Concluída;2026-09-09 14:37;2026-09-21 09:04;
sunop;SMP100;SMP100;Inversor 5.2;ST 21;acima das esperadas;17;2026-09-06 17:00;2026-09-07 08:10;voltou;quedas gravadas;7,9;;;;;;;
sunop;SMP100;SMP100;Inversor 5.2;ST 21;acima das esperadas;17;2026-09-09 15:10;2026-09-10 07:00;voltou;quedas gravadas;13,2;13297;recomposição;cita a string;Concluída;2026-09-09 14:37;2026-09-21 09:04;-266,1
sunop;SMP100;SMP100;Inversor 5.2;ST 21;acima das esperadas;17;2026-09-17 10:10;;em aberto;misto;859,0;13297;recomposição;cita a string;Concluída;2026-09-09 14:37;2026-09-21 09:04;
sunop;SMP100;SMP100;Inversor 5.2;ST 24;acima das esperadas;17;2026-09-05 14:30;2026-09-08 12:40;voltou;quedas gravadas;264,1;;;;;;;
sunop;SMP100;SMP100;Inversor 5.2;ST 24;acima das esperadas;17;2026-09-09 09:10;2026-09-17 10:50;voltou;quedas gravadas;779,1;13297;recomposição;cita a string;Concluída;2026-09-09 14:37;2026-09-21 09:04;-94,2
sunop;SMP100;SMP100;Inversor 5.2;ST 25;acima das esperadas;17;2026-09-05 14:30;2026-09-09 06:46;voltou de madrugada;quedas gravadas;303,3;13297;recomposição;cita a string;Concluída;2026-09-09 14:37;2026-09-21 09:04;-290,3
sunop;SMP100;SMP100;Inversor 5.2;ST 25;acima das esperadas;17;2026-09-09 09:10;2026-09-17 10:50;voltou;quedas gravadas;779,1;13297;recomposição;cita a string;Concluída;2026-09-09 14:37;2026-09-21 09:04;-94,2
sunop;SMP100;SMP100;Inversor 6.1;ST 01;dentro das esperadas;18;2026-09-18 14:50;2026-09-25 06:38;voltou de madrugada;quedas gravadas;477,1;13683;corretiva citando string;não cita string;Concluída;2026-09-16 09:29;2026-09-21 15:22;87,3
sunop;SMP100;SMP100;Inversor 6.1;ST 01;dentro das esperadas;18;2026-09-25 07:50;2026-09-26 06:38;voltou de madrugada;curva;87,7;14569;outra corretiva no inversor;não cita string;Concluída;2026-09-24 16:26;2026-09-25 10:14;20,4
sunop;SMP100;SMP100;Inversor 6.1;ST 01;dentro das esperadas;18;2026-09-26 07:40;;em aberto;curva;170,6;;;;;;;
sunop;SMP100;SMP100;Inversor 6.1;ST 02;dentro das esperadas;18;2026-09-18 14:50;2026-09-21 12:30;voltou;quedas gravadas;208,1;13683;corretiva citando string;não cita string;Concluída;2026-09-16 09:29;2026-09-21 15:22;-2,9
sunop;SMP100;SMP100;Inversor 6.1;ST 03;dentro das esperadas;18;2026-09-18 14:50;2026-09-19 09:10;voltou;quedas gravadas;18,7;13683;corretiva citando string;não cita string;Concluída;2026-09-16 09:29;2026-09-21 15:22;-54,2
sunop;SMP100;SMP100;Inversor 6.1;ST 03;dentro das esperadas;18;2026-09-19 12:00;2026-09-21 09:00;voltou;quedas gravadas;137,7;13683;corretiva citando string;não cita string;Concluída;2026-09-16 09:29;2026-09-21 15:22;-6,4
sunop;SMP100;SMP100;Inversor 6.1;ST 05;dentro das esperadas;18;2026-09-18 14:50;2026-09-21 12:30;voltou;quedas gravadas;208,1;13683;corretiva citando string;não cita string;Concluída;2026-09-16 09:29;2026-09-21 15:22;-2,9
sunop;SMP100;SMP100;Inversor 6.1;ST 05;dentro das esperadas;18;2026-09-21 12:40;2026-09-22 17:50;voltou;quedas gravadas;104,0;13683;corretiva citando string;não cita string;Concluída;2026-09-16 09:29;2026-09-21 15:22;26,5
sunop;SMP100;SMP100;Inversor 6.1;ST 05;dentro das esperadas;18;2026-09-23 06:30;2026-09-24 15:20;voltou;quedas gravadas;153,3;14569;outra corretiva no inversor;não cita string;Concluída;2026-09-24 16:26;2026-09-25 10:14;-18,9
sunop;SMP100;SMP100;Inversor 6.1;ST 05;dentro das esperadas;18;2026-09-25 07:50;2026-09-26 06:38;voltou de madrugada;curva;87,7;14569;outra corretiva no inversor;não cita string;Concluída;2026-09-24 16:26;2026-09-25 10:14;20,4
sunop;SMP100;SMP100;Inversor 6.1;ST 05;dentro das esperadas;18;2026-09-26 07:40;;em aberto;curva;170,6;;;;;;;
sunop;SMP100;SMP100;Inversor 6.1;ST 06;dentro das esperadas;18;2026-09-18 14:50;2026-09-25 06:38;voltou de madrugada;quedas gravadas;477,1;13683;corretiva citando string;não cita string;Concluída;2026-09-16 09:29;2026-09-21 15:22;87,3
sunop;SMP100;SMP100;Inversor 6.1;ST 06;dentro das esperadas;18;2026-09-25 07:50;2026-09-26 06:38;voltou de madrugada;curva;87,7;14569;outra corretiva no inversor;não cita string;Concluída;2026-09-24 16:26;2026-09-25 10:14;20,4
sunop;SMP100;SMP100;Inversor 6.1;ST 06;dentro das esperadas;18;2026-09-26 07:40;;em aberto;curva;170,6;;;;;;;
sunop;SMP100;SMP100;Inversor 6.1;ST 10;dentro das esperadas;18;2026-09-18 14:50;2026-09-21 12:30;voltou;quedas gravadas;208,1;13683;corretiva citando string;não cita string;Concluída;2026-09-16 09:29;2026-09-21 15:22;-2,9
sunop;SMP100;SMP100;Inversor 6.1;ST 11;dentro das esperadas;18;2026-09-18 14:50;2026-09-21 12:30;voltou;quedas gravadas;208,1;13683;corretiva citando string;não cita string;Concluída;2026-09-16 09:29;2026-09-21 15:22;-2,9
sunop;SMP100;SMP100;Inversor 6.1;ST 12;dentro das esperadas;18;2026-09-19 15:50;2026-09-21 07:50;voltou;quedas gravadas;99,7;13683;corretiva citando string;não cita string;Concluída;2026-09-16 09:29;2026-09-21 15:22;-7,5
sunop;SMP100;SMP100;Inversor 6.1;ST 15;dentro das esperadas;18;2026-09-21 12:30;2026-09-25 06:38;voltou de madrugada;quedas gravadas;268,4;13683;corretiva citando string;não cita string;Concluída;2026-09-16 09:29;2026-09-21 15:22;87,3
sunop;SMP100;SMP100;Inversor 6.1;ST 15;dentro das esperadas;18;2026-09-25 07:50;2026-09-26 06:38;voltou de madrugada;curva;87,7;14569;outra corretiva no inversor;não cita string;Concluída;2026-09-24 16:26;2026-09-25 10:14;20,4
sunop;SMP100;SMP100;Inversor 6.1;ST 15;dentro das esperadas;18;2026-09-26 07:40;;em aberto;curva;170,6;;;;;;;
sunop;SMP100;SMP100;Inversor 6.1;ST 19;acima das esperadas;18;2026-09-21 12:30;2026-09-25 06:38;voltou de madrugada;quedas gravadas;268,1;13683;corretiva citando string;não cita string;Concluída;2026-09-16 09:29;2026-09-21 15:22;87,3
sunop;SMP100;SMP100;Inversor 6.1;ST 19;acima das esperadas;18;2026-09-25 07:50;2026-09-26 06:38;voltou de madrugada;curva;87,7;14569;outra corretiva no inversor;não cita string;Concluída;2026-09-24 16:26;2026-09-25 10:14;20,4
sunop;SMP100;SMP100;Inversor 6.1;ST 19;acima das esperadas;18;2026-09-26 07:40;;em aberto;curva;170,6;;;;;;;
sunop;SMP100;SMP100;Inversor 6.1;ST 20;acima das esperadas;18;2026-09-21 12:30;2026-09-25 06:38;voltou de madrugada;quedas gravadas;269,0;13683;corretiva citando string;não cita string;Concluída;2026-09-16 09:29;2026-09-21 15:22;87,3
sunop;SMP100;SMP100;Inversor 6.1;ST 20;acima das esperadas;18;2026-09-25 07:50;2026-09-26 06:38;voltou de madrugada;curva;87,7;14569;outra corretiva no inversor;não cita string;Concluída;2026-09-24 16:26;2026-09-25 10:14;20,4
sunop;SMP100;SMP100;Inversor 6.1;ST 20;acima das esperadas;18;2026-09-26 07:40;;em aberto;curva;170,6;;;;;;;
sunop;SMP100;SMP100;Inversor 6.1;ST 24;acima das esperadas;18;2026-09-21 12:30;2026-09-24 16:10;voltou;quedas gravadas;264,0;13683;corretiva citando string;não cita string;Concluída;2026-09-16 09:29;2026-09-21 15:22;72,8
sunop;SMP100;SMP100;Inversor 6.1;ST 24;acima das esperadas;18;2026-09-25 07:50;2026-09-26 06:38;voltou de madrugada;curva;87,7;14569;outra corretiva no inversor;não cita string;Concluída;2026-09-24 16:26;2026-09-25 10:14;20,4
sunop;SMP100;SMP100;Inversor 6.1;ST 24;acima das esperadas;18;2026-09-26 07:40;;em aberto;curva;170,6;;;;;;;
sunop;SMP100;SMP100;Inversor 6.1;ST 25;acima das esperadas;18;2026-09-21 12:30;2026-09-25 06:38;voltou de madrugada;quedas gravadas;269,0;13683;corretiva citando string;não cita string;Concluída;2026-09-16 09:29;2026-09-21 15:22;87,3
sunop;SMP100;SMP100;Inversor 6.1;ST 25;acima das esperadas;18;2026-09-25 07:50;2026-09-26 06:38;voltou de madrugada;curva;87,7;14569;outra corretiva no inversor;não cita string;Concluída;2026-09-24 16:26;2026-09-25 10:14;20,4
sunop;SMP100;SMP100;Inversor 6.1;ST 25;acima das esperadas;18;2026-09-26 07:40;;em aberto;curva;170,6;;;;;;;
pv;Santana do Ipanema;SDI100;Inversor 1.1;Ipv29;Ipv29–32;10;2026-09-07 06:10;;em aberto;misto;1321,7;;;;;;;
pv;Santana do Ipanema;SDI100;Inversor 1.1;Ipv30;Ipv29–32;10;2026-09-07 06:10;;em aberto;misto;1321,7;;;;;;;
pv;Santana do Ipanema;SDI100;Inversor 1.1;Ipv31;Ipv29–32;10;2026-09-07 06:10;;em aberto;misto;1321,7;;;;;;;
pv;Santana do Ipanema;SDI100;Inversor 1.1;Ipv32;Ipv29–32;10;2026-09-07 06:10;;em aberto;misto;1321,7;;;;;;;
pv;Santana do Ipanema;SDI100;Inversor 1.11;Ipv29;Ipv29–32;10;2026-09-07 06:10;;em aberto;misto;1321,3;;;;;;;
pv;Santana do Ipanema;SDI100;Inversor 1.11;Ipv30;Ipv29–32;10;2026-09-07 06:10;;em aberto;misto;1321,3;;;;;;;
pv;Santana do Ipanema;SDI100;Inversor 1.11;Ipv31;Ipv29–32;10;2026-09-07 06:10;;em aberto;misto;1321,3;;;;;;;
pv;Santana do Ipanema;SDI100;Inversor 1.11;Ipv32;Ipv29–32;10;2026-09-07 06:10;;em aberto;misto;1321,3;;;;;;;
pv;Santana do Ipanema;SDI100;Inversor 1.12;Ipv29;Ipv29–32;10;2026-09-07 06:00;;em aberto;misto;1322,0;;;;;;;
pv;Santana do Ipanema;SDI100;Inversor 1.12;Ipv30;Ipv29–32;10;2026-09-07 06:00;;em aberto;misto;1322,0;;;;;;;
pv;Santana do Ipanema;SDI100;Inversor 1.12;Ipv31;Ipv29–32;10;2026-09-07 06:00;;em aberto;misto;1322,0;;;;;;;
pv;Santana do Ipanema;SDI100;Inversor 1.12;Ipv32;Ipv29–32;10;2026-09-07 06:00;;em aberto;misto;1322,0;;;;;;;
pv;Santana do Ipanema;SDI100;Inversor 1.13;Ipv29;Ipv29–32;10;2026-09-07 06:00;;em aberto;misto;1321,6;;;;;;;
pv;Santana do Ipanema;SDI100;Inversor 1.13;Ipv30;Ipv29–32;10;2026-09-07 06:00;;em aberto;misto;1321,6;;;;;;;
pv;Santana do Ipanema;SDI100;Inversor 1.13;Ipv31;Ipv29–32;10;2026-09-07 06:00;;em aberto;misto;1321,6;;;;;;;
pv;Santana do Ipanema;SDI100;Inversor 1.13;Ipv32;Ipv29–32;10;2026-09-07 06:00;;em aberto;misto;1321,6;;;;;;;
pv;Santana do Ipanema;SDI100;Inversor 1.14;Ipv29;Ipv29–32;10;2026-09-07 06:10;2026-09-27 06:00;voltou entre varreduras;misto;1205,2;;;;;;;
pv;Santana do Ipanema;SDI100;Inversor 1.14;Ipv30;Ipv29–32;10;2026-09-07 06:10;2026-09-27 06:00;voltou entre varreduras;misto;1205,2;;;;;;;
pv;Santana do Ipanema;SDI100;Inversor 1.14;Ipv31;Ipv29–32;10;2026-09-07 06:10;2026-09-27 06:00;voltou entre varreduras;misto;1205,2;;;;;;;
pv;Santana do Ipanema;SDI100;Inversor 1.14;Ipv32;Ipv29–32;10;2026-09-07 06:10;2026-09-27 06:00;voltou entre varreduras;misto;1205,2;;;;;;;
pv;Santana do Ipanema;SDI100;Inversor 1.15;Ipv29;Ipv29–32;10;2026-09-07 06:10;;em aberto;misto;1321,3;;;;;;;
pv;Santana do Ipanema;SDI100;Inversor 1.15;Ipv30;Ipv29–32;10;2026-09-07 06:10;;em aberto;misto;1321,3;;;;;;;
pv;Santana do Ipanema;SDI100;Inversor 1.15;Ipv31;Ipv29–32;10;2026-09-07 06:10;;em aberto;misto;1321,3;;;;;;;
pv;Santana do Ipanema;SDI100;Inversor 1.15;Ipv32;Ipv29–32;10;2026-09-07 06:10;;em aberto;misto;1321,3;;;;;;;
pv;Santana do Ipanema;SDI100;Inversor 1.16;Ipv29;Ipv29–32;10;2026-09-07 06:00;;em aberto;misto;1322,3;;;;;;;
pv;Santana do Ipanema;SDI100;Inversor 1.16;Ipv30;Ipv29–32;10;2026-09-07 06:00;;em aberto;misto;1322,3;;;;;;;
pv;Santana do Ipanema;SDI100;Inversor 1.16;Ipv31;Ipv29–32;10;2026-09-07 06:00;;em aberto;misto;1322,3;;;;;;;
pv;Santana do Ipanema;SDI100;Inversor 1.16;Ipv32;Ipv29–32;10;2026-09-07 06:00;;em aberto;misto;1322,3;;;;;;;
pv;Santana do Ipanema;SDI100;Inversor 1.17;Ipv29;Ipv29–32;10;2026-09-07 06:00;;em aberto;misto;1322,7;;;;;;;
pv;Santana do Ipanema;SDI100;Inversor 1.17;Ipv30;Ipv29–32;10;2026-09-07 06:00;;em aberto;misto;1322,7;;;;;;;
pv;Santana do Ipanema;SDI100;Inversor 1.17;Ipv31;Ipv29–32;10;2026-09-07 06:00;;em aberto;misto;1322,7;;;;;;;
pv;Santana do Ipanema;SDI100;Inversor 1.17;Ipv32;Ipv29–32;10;2026-09-07 06:00;;em aberto;misto;1322,7;;;;;;;
pv;Santana do Ipanema;SDI100;Inversor 1.18;Ipv29;Ipv29–32;10;2026-09-07 06:00;;em aberto;misto;1322,7;;;;;;;
pv;Santana do Ipanema;SDI100;Inversor 1.18;Ipv30;Ipv29–32;10;2026-09-07 06:00;;em aberto;misto;1322,7;;;;;;;
pv;Santana do Ipanema;SDI100;Inversor 1.18;Ipv31;Ipv29–32;10;2026-09-07 06:00;;em aberto;misto;1322,7;;;;;;;
pv;Santana do Ipanema;SDI100;Inversor 1.18;Ipv32;Ipv29–32;10;2026-09-07 06:00;;em aberto;misto;1322,7;;;;;;;
pv;Santana do Ipanema;SDI100;Inversor 1.19;Ipv29;Ipv29–32;10;2026-09-07 06:00;;em aberto;misto;1322,0;;;;;;;
pv;Santana do Ipanema;SDI100;Inversor 1.19;Ipv30;Ipv29–32;10;2026-09-07 06:00;;em aberto;misto;1322,0;;;;;;;
pv;Santana do Ipanema;SDI100;Inversor 1.19;Ipv31;Ipv29–32;10;2026-09-07 06:00;;em aberto;misto;1322,0;;;;;;;
pv;Santana do Ipanema;SDI100;Inversor 1.19;Ipv32;Ipv29–32;10;2026-09-07 06:00;;em aberto;misto;1322,0;;;;;;;
pv;Santana do Ipanema;SDI100;Inversor 1.2;Ipv29;Ipv29–32;10;2026-09-07 06:10;;em aberto;misto;1322,0;;;;;;;
pv;Santana do Ipanema;SDI100;Inversor 1.2;Ipv30;Ipv29–32;10;2026-09-07 06:10;;em aberto;misto;1322,0;;;;;;;
pv;Santana do Ipanema;SDI100;Inversor 1.2;Ipv31;Ipv29–32;10;2026-09-07 06:10;;em aberto;misto;1322,0;;;;;;;
pv;Santana do Ipanema;SDI100;Inversor 1.2;Ipv32;Ipv29–32;10;2026-09-07 06:10;;em aberto;misto;1322,0;;;;;;;
pv;Santana do Ipanema;SDI100;Inversor 1.20;Ipv29;Ipv29–32;10;2026-09-07 06:00;;em aberto;misto;1322,0;;;;;;;
pv;Santana do Ipanema;SDI100;Inversor 1.20;Ipv30;Ipv29–32;10;2026-09-07 06:00;;em aberto;misto;1322,0;;;;;;;
pv;Santana do Ipanema;SDI100;Inversor 1.20;Ipv31;Ipv29–32;10;2026-09-07 06:00;;em aberto;misto;1322,0;;;;;;;
pv;Santana do Ipanema;SDI100;Inversor 1.20;Ipv32;Ipv29–32;10;2026-09-07 06:00;;em aberto;misto;1322,0;;;;;;;
pv;Santana do Ipanema;SDI100;Inversor 1.21;Ipv29;Ipv29–32;10;2026-09-07 06:10;;em aberto;misto;1321,7;;;;;;;
pv;Santana do Ipanema;SDI100;Inversor 1.21;Ipv30;Ipv29–32;10;2026-09-07 06:10;;em aberto;misto;1321,7;;;;;;;
pv;Santana do Ipanema;SDI100;Inversor 1.21;Ipv31;Ipv29–32;10;2026-09-07 06:10;;em aberto;misto;1321,7;;;;;;;
pv;Santana do Ipanema;SDI100;Inversor 1.21;Ipv32;Ipv29–32;10;2026-09-07 06:10;;em aberto;misto;1321,7;;;;;;;
pv;Santana do Ipanema;SDI100;Inversor 1.22;Ipv29;Ipv29–32;10;2026-09-23 06:00;;em aberto;misto;295,4;;;;;;;
pv;Santana do Ipanema;SDI100;Inversor 1.22;Ipv30;Ipv29–32;10;2026-09-23 06:00;;em aberto;misto;295,4;;;;;;;
pv;Santana do Ipanema;SDI100;Inversor 1.22;Ipv31;Ipv29–32;10;2026-09-23 06:00;;em aberto;misto;295,4;;;;;;;
pv;Santana do Ipanema;SDI100;Inversor 1.22;Ipv32;Ipv29–32;10;2026-09-23 06:00;;em aberto;misto;295,4;;;;;;;
pv;Santana do Ipanema;SDI100;Inversor 1.23;Ipv29;Ipv29–32;10;2026-09-07 06:00;;em aberto;misto;1322,0;;;;;;;
pv;Santana do Ipanema;SDI100;Inversor 1.23;Ipv30;Ipv29–32;10;2026-09-07 06:00;;em aberto;misto;1322,0;;;;;;;
pv;Santana do Ipanema;SDI100;Inversor 1.23;Ipv31;Ipv29–32;10;2026-09-07 06:00;;em aberto;misto;1322,0;;;;;;;
pv;Santana do Ipanema;SDI100;Inversor 1.23;Ipv32;Ipv29–32;10;2026-09-07 06:00;;em aberto;misto;1322,0;;;;;;;
pv;Santana do Ipanema;SDI100;Inversor 1.24;Ipv29;Ipv29–32;10;2026-09-07 06:00;;em aberto;misto;1322,0;;;;;;;
pv;Santana do Ipanema;SDI100;Inversor 1.24;Ipv30;Ipv29–32;10;2026-09-07 06:00;;em aberto;misto;1322,0;;;;;;;
pv;Santana do Ipanema;SDI100;Inversor 1.24;Ipv31;Ipv29–32;10;2026-09-07 06:00;;em aberto;misto;1322,0;;;;;;;
pv;Santana do Ipanema;SDI100;Inversor 1.24;Ipv32;Ipv29–32;10;2026-09-07 06:00;;em aberto;misto;1322,0;;;;;;;
pv;Santana do Ipanema;SDI100;Inversor 1.3;Ipv29;Ipv29–32;10;2026-09-07 06:00;;em aberto;misto;1322,3;;;;;;;
pv;Santana do Ipanema;SDI100;Inversor 1.3;Ipv30;Ipv29–32;10;2026-09-07 06:00;;em aberto;misto;1322,3;;;;;;;
pv;Santana do Ipanema;SDI100;Inversor 1.3;Ipv31;Ipv29–32;10;2026-09-07 06:00;;em aberto;misto;1322,3;;;;;;;
pv;Santana do Ipanema;SDI100;Inversor 1.3;Ipv32;Ipv29–32;10;2026-09-07 06:00;;em aberto;misto;1322,3;;;;;;;
pv;Santana do Ipanema;SDI100;Inversor 1.4;Ipv29;Ipv29–32;10;2026-09-07 06:00;;em aberto;misto;1322,0;;;;;;;
pv;Santana do Ipanema;SDI100;Inversor 1.4;Ipv30;Ipv29–32;10;2026-09-07 06:00;;em aberto;misto;1322,0;;;;;;;
pv;Santana do Ipanema;SDI100;Inversor 1.4;Ipv31;Ipv29–32;10;2026-09-07 06:00;;em aberto;misto;1322,0;;;;;;;
pv;Santana do Ipanema;SDI100;Inversor 1.4;Ipv32;Ipv29–32;10;2026-09-07 06:00;;em aberto;misto;1322,0;;;;;;;
pv;Santana do Ipanema;SDI100;Inversor 1.5;Ipv29;Ipv29–32;10;2026-09-07 06:00;;em aberto;misto;1322,3;;;;;;;
pv;Santana do Ipanema;SDI100;Inversor 1.5;Ipv30;Ipv29–32;10;2026-09-07 06:00;;em aberto;misto;1322,3;;;;;;;
pv;Santana do Ipanema;SDI100;Inversor 1.5;Ipv31;Ipv29–32;10;2026-09-07 06:00;;em aberto;misto;1322,3;;;;;;;
pv;Santana do Ipanema;SDI100;Inversor 1.5;Ipv32;Ipv29–32;10;2026-09-07 06:00;;em aberto;misto;1322,3;;;;;;;
pv;Santana do Ipanema;SDI100;Inversor 1.6;Ipv29;Ipv29–32;10;2026-09-07 06:00;;em aberto;misto;1322,0;;;;;;;
pv;Santana do Ipanema;SDI100;Inversor 1.6;Ipv30;Ipv29–32;10;2026-09-07 06:00;;em aberto;misto;1322,0;;;;;;;
pv;Santana do Ipanema;SDI100;Inversor 1.6;Ipv31;Ipv29–32;10;2026-09-07 06:00;;em aberto;misto;1322,0;;;;;;;
pv;Santana do Ipanema;SDI100;Inversor 1.6;Ipv32;Ipv29–32;10;2026-09-07 06:00;;em aberto;misto;1322,0;;;;;;;
pv;Santana do Ipanema;SDI100;Inversor 1.7;Ipv29;Ipv29–32;10;2026-09-07 06:00;;em aberto;misto;1322,3;;;;;;;
pv;Santana do Ipanema;SDI100;Inversor 1.7;Ipv30;Ipv29–32;10;2026-09-07 06:00;;em aberto;misto;1322,3;;;;;;;
pv;Santana do Ipanema;SDI100;Inversor 1.7;Ipv31;Ipv29–32;10;2026-09-07 06:00;;em aberto;misto;1322,3;;;;;;;
pv;Santana do Ipanema;SDI100;Inversor 1.7;Ipv32;Ipv29–32;10;2026-09-07 06:00;;em aberto;misto;1322,3;;;;;;;
pv;Santana do Ipanema;SDI100;Inversor 1.8;Ipv29;Ipv29–32;10;2026-09-07 06:00;;em aberto;misto;1322,0;;;;;;;
pv;Santana do Ipanema;SDI100;Inversor 1.8;Ipv30;Ipv29–32;10;2026-09-07 06:00;;em aberto;misto;1322,0;;;;;;;
pv;Santana do Ipanema;SDI100;Inversor 1.8;Ipv31;Ipv29–32;10;2026-09-07 06:00;;em aberto;misto;1322,0;;;;;;;
pv;Santana do Ipanema;SDI100;Inversor 1.8;Ipv32;Ipv29–32;10;2026-09-07 06:00;;em aberto;misto;1322,0;;;;;;;
pv;Santana do Ipanema;SDI100;Inversor 1.9;Ipv29;Ipv29–32;10;2026-09-07 06:00;;em aberto;misto;1322,0;;;;;;;
pv;Santana do Ipanema;SDI100;Inversor 1.9;Ipv30;Ipv29–32;10;2026-09-07 06:00;;em aberto;misto;1322,0;;;;;;;
pv;Santana do Ipanema;SDI100;Inversor 1.9;Ipv31;Ipv29–32;10;2026-09-07 06:00;;em aberto;misto;1322,0;;;;;;;
pv;Santana do Ipanema;SDI100;Inversor 1.9;Ipv32;Ipv29–32;10;2026-09-07 06:00;;em aberto;misto;1322,0;;;;;;;
pv;Santo Anastacio;STA100;Inversor 1.1;Ipv1;dentro das esperadas;20;2026-09-25 07:20;;em aberto;curva;240,9;;;;;;;
pv;Santo Anastacio;STA100;Inversor 1.1;Ipv13;dentro das esperadas;20;2026-09-25 07:20;;em aberto;curva;240,9;;;;;;;
pv;Santo Anastacio;STA100;Inversor 1.1;Ipv14;dentro das esperadas;20;2026-09-25 07:20;;em aberto;curva;240,9;;;;;;;
pv;Santo Anastacio;STA100;Inversor 1.1;Ipv18;dentro das esperadas;20;2026-09-25 07:20;;em aberto;curva;240,9;;;;;;;
pv;Santo Anastacio;STA100;Inversor 1.1;Ipv23;acima das esperadas;20;2026-09-25 07:20;;em aberto;curva;240,9;;;;;;;
pv;Santo Anastacio;STA100;Inversor 1.1;Ipv28;acima das esperadas;20;2026-09-25 07:20;;em aberto;curva;240,9;;;;;;;
pv;Santo Anastacio;STA100;Inversor 1.1;Ipv8;dentro das esperadas;20;2026-09-25 07:20;;em aberto;curva;240,9;;;;;;;
pv;Santo Anastacio;STA100;Inversor 1.1;Ipv9;dentro das esperadas;20;2026-09-25 07:20;;em aberto;curva;240,9;;;;;;;
pv;Santo Anastacio;STA100;Inversor 1.3;Ipv13;dentro das esperadas;20;2026-09-25 07:20;;em aberto;curva;240,9;;;;;;;
pv;Santo Anastacio;STA100;Inversor 1.3;Ipv14;dentro das esperadas;20;2026-09-25 07:20;;em aberto;curva;240,9;;;;;;;
pv;Santo Anastacio;STA100;Inversor 1.3;Ipv18;dentro das esperadas;20;2026-09-25 07:20;;em aberto;curva;240,9;;;;;;;
pv;Santo Anastacio;STA100;Inversor 1.3;Ipv22;acima das esperadas;20;2026-09-25 07:20;;em aberto;curva;240,9;;;;;;;
pv;Santo Anastacio;STA100;Inversor 1.3;Ipv23;acima das esperadas;20;2026-09-25 07:20;;em aberto;curva;240,9;;;;;;;
pv;Santo Anastacio;STA100;Inversor 1.3;Ipv28;acima das esperadas;20;2026-09-25 07:20;;em aberto;curva;240,9;;;;;;;
pv;Santo Anastacio;STA100;Inversor 1.3;Ipv8;dentro das esperadas;20;2026-09-25 07:20;;em aberto;curva;240,9;;;;;;;
pv;Santo Anastacio;STA100;Inversor 1.3;Ipv9;dentro das esperadas;20;2026-09-25 07:20;;em aberto;curva;240,9;;;;;;;
pv;Sitio dos Nogueiras;SDN100;Inversor 2.1;Ipv23;acima das esperadas;22;2026-09-24 06:30;2026-09-25 07:10;voltou de madrugada;quedas gravadas;91,2;;;;;;;
pv;Sitio dos Nogueiras;SDN100;Inversor 2.1;Ipv23;acima das esperadas;22;2026-09-25 09:50;;em aberto;curva;195,8;;;;;;;
pv;Sitio dos Nogueiras;SDN100;Inversor 2.1;Ipv24;acima das esperadas;22;2026-09-24 06:30;2026-09-25 07:10;voltou de madrugada;quedas gravadas;91,2;;;;;;;
pv;Sitio dos Nogueiras;SDN100;Inversor 2.1;Ipv24;acima das esperadas;22;2026-09-25 09:50;;em aberto;curva;195,8;;;;;;;
pv;Sitio dos Nogueiras;SDN100;Inversor 2.2;Ipv23;acima das esperadas;22;2026-09-24 06:30;2026-09-25 07:10;voltou de madrugada;quedas gravadas;91,2;;;;;;;
pv;Sitio dos Nogueiras;SDN100;Inversor 2.2;Ipv23;acima das esperadas;22;2026-09-25 09:50;;em aberto;curva;195,8;;;;;;;
pv;Sitio dos Nogueiras;SDN100;Inversor 2.2;Ipv24;acima das esperadas;22;2026-09-24 06:30;2026-09-25 07:10;voltou de madrugada;quedas gravadas;91,2;;;;;;;
pv;Sitio dos Nogueiras;SDN100;Inversor 2.2;Ipv24;acima das esperadas;22;2026-09-25 09:50;;em aberto;curva;195,8;;;;;;;
pv;Sitio dos Nogueiras;SDN100;Inversor 2.3;Ipv23;acima das esperadas;22;2026-09-24 06:30;2026-09-25 07:10;voltou de madrugada;quedas gravadas;91,2;;;;;;;
pv;Sitio dos Nogueiras;SDN100;Inversor 2.3;Ipv23;acima das esperadas;22;2026-09-25 09:50;;em aberto;curva;195,8;;;;;;;
pv;Sitio dos Nogueiras;SDN100;Inversor 2.3;Ipv24;acima das esperadas;22;2026-09-24 06:30;2026-09-25 07:10;voltou de madrugada;quedas gravadas;91,2;;;;;;;
pv;Sitio dos Nogueiras;SDN100;Inversor 2.3;Ipv24;acima das esperadas;22;2026-09-25 09:50;;em aberto;curva;195,8;;;;;;;
pv;Sitio dos Nogueiras;SDN100;Inversor 2.4;Ipv23;acima das esperadas;22;2026-09-24 06:30;2026-09-25 07:10;voltou de madrugada;quedas gravadas;91,2;;;;;;;
pv;Sitio dos Nogueiras;SDN100;Inversor 2.4;Ipv23;acima das esperadas;22;2026-09-25 09:50;;em aberto;curva;195,8;;;;;;;
pv;Sitio dos Nogueiras;SDN100;Inversor 2.4;Ipv24;acima das esperadas;22;2026-09-24 06:30;2026-09-25 07:10;voltou de madrugada;quedas gravadas;91,2;;;;;;;
pv;Sitio dos Nogueiras;SDN100;Inversor 2.4;Ipv24;acima das esperadas;22;2026-09-25 09:50;;em aberto;curva;195,8;;;;;;;
pv;Sorocaba;SCB100;Inversor 1.1;Ipv29;Ipv29–32;19;2026-09-04 06:50;2026-09-16 06:42;voltou entre varreduras;quedas gravadas;186,6;;;;;;;
pv;Sorocaba;SCB100;Inversor 1.1;Ipv29;Ipv29–32;19;2026-09-25 07:00;;em aberto;curva;243,6;;;;;;;
pv;Sorocaba;SCB100;Inversor 1.1;Ipv30;Ipv29–32;19;2026-09-04 06:50;2026-09-16 06:42;voltou entre varreduras;quedas gravadas;186,6;;;;;;;
pv;Sorocaba;SCB100;Inversor 1.1;Ipv30;Ipv29–32;19;2026-09-25 07:00;;em aberto;curva;243,6;;;;;;;
pv;Sorocaba;SCB100;Inversor 1.1;Ipv31;Ipv29–32;19;2026-09-04 06:50;2026-09-16 06:42;voltou entre varreduras;quedas gravadas;186,6;;;;;;;
pv;Sorocaba;SCB100;Inversor 1.1;Ipv31;Ipv29–32;19;2026-09-25 07:00;;em aberto;curva;243,6;;;;;;;
pv;Sorocaba;SCB100;Inversor 1.1;Ipv32;Ipv29–32;19;2026-09-04 06:50;2026-09-16 06:42;voltou entre varreduras;quedas gravadas;186,6;;;;;;;
pv;Sorocaba;SCB100;Inversor 1.1;Ipv32;Ipv29–32;19;2026-09-25 07:00;;em aberto;curva;243,6;;;;;;;
pv;Sorocaba;SCB100;Inversor 1.10;Ipv29;Ipv29–32;19;2026-09-04 06:40;2026-09-16 06:42;voltou entre varreduras;quedas gravadas;186,6;;;;;;;
pv;Sorocaba;SCB100;Inversor 1.10;Ipv29;Ipv29–32;19;2026-09-25 07:00;;em aberto;curva;244,8;;;;;;;
pv;Sorocaba;SCB100;Inversor 1.10;Ipv30;Ipv29–32;19;2026-09-04 06:40;2026-09-16 06:42;voltou entre varreduras;quedas gravadas;186,6;;;;;;;
pv;Sorocaba;SCB100;Inversor 1.10;Ipv30;Ipv29–32;19;2026-09-25 07:00;;em aberto;curva;244,8;;;;;;;
pv;Sorocaba;SCB100;Inversor 1.10;Ipv31;Ipv29–32;19;2026-09-04 06:40;2026-09-16 06:42;voltou entre varreduras;quedas gravadas;186,6;;;;;;;
pv;Sorocaba;SCB100;Inversor 1.10;Ipv31;Ipv29–32;19;2026-09-25 07:00;;em aberto;curva;244,8;;;;;;;
pv;Sorocaba;SCB100;Inversor 1.10;Ipv32;Ipv29–32;19;2026-09-04 06:40;2026-09-16 06:42;voltou entre varreduras;quedas gravadas;186,6;;;;;;;
pv;Sorocaba;SCB100;Inversor 1.10;Ipv32;Ipv29–32;19;2026-09-25 07:00;;em aberto;curva;244,8;;;;;;;
pv;Sorocaba;SCB100;Inversor 1.11;Ipv29;Ipv29–32;19;2026-09-04 06:40;2026-09-16 06:42;voltou entre varreduras;quedas gravadas;186,6;;;;;;;
pv;Sorocaba;SCB100;Inversor 1.11;Ipv29;Ipv29–32;19;2026-09-25 07:00;;em aberto;curva;244,8;;;;;;;
pv;Sorocaba;SCB100;Inversor 1.11;Ipv30;Ipv29–32;19;2026-09-04 06:40;2026-09-16 06:42;voltou entre varreduras;quedas gravadas;186,6;;;;;;;
pv;Sorocaba;SCB100;Inversor 1.11;Ipv30;Ipv29–32;19;2026-09-25 07:00;;em aberto;curva;244,8;;;;;;;
pv;Sorocaba;SCB100;Inversor 1.11;Ipv31;Ipv29–32;19;2026-09-04 06:40;2026-09-16 06:42;voltou entre varreduras;quedas gravadas;186,6;;;;;;;
pv;Sorocaba;SCB100;Inversor 1.11;Ipv31;Ipv29–32;19;2026-09-25 07:00;;em aberto;curva;244,8;;;;;;;
pv;Sorocaba;SCB100;Inversor 1.11;Ipv32;Ipv29–32;19;2026-09-04 06:40;2026-09-16 06:42;voltou entre varreduras;quedas gravadas;186,6;;;;;;;
pv;Sorocaba;SCB100;Inversor 1.11;Ipv32;Ipv29–32;19;2026-09-25 07:00;;em aberto;curva;244,8;;;;;;;
pv;Sorocaba;SCB100;Inversor 1.12;Ipv29;Ipv29–32;19;2026-09-04 06:40;2026-09-16 06:42;voltou entre varreduras;quedas gravadas;186,6;;;;;;;
pv;Sorocaba;SCB100;Inversor 1.12;Ipv29;Ipv29–32;19;2026-09-25 07:00;;em aberto;curva;244,8;;;;;;;
pv;Sorocaba;SCB100;Inversor 1.12;Ipv30;Ipv29–32;19;2026-09-04 06:40;2026-09-16 06:42;voltou entre varreduras;quedas gravadas;186,6;;;;;;;
pv;Sorocaba;SCB100;Inversor 1.12;Ipv30;Ipv29–32;19;2026-09-25 07:00;;em aberto;curva;244,8;;;;;;;
pv;Sorocaba;SCB100;Inversor 1.12;Ipv31;Ipv29–32;19;2026-09-04 06:40;2026-09-16 06:42;voltou entre varreduras;quedas gravadas;186,6;;;;;;;
pv;Sorocaba;SCB100;Inversor 1.12;Ipv31;Ipv29–32;19;2026-09-25 07:00;;em aberto;curva;244,8;;;;;;;
pv;Sorocaba;SCB100;Inversor 1.12;Ipv32;Ipv29–32;19;2026-09-04 06:40;2026-09-16 06:42;voltou entre varreduras;quedas gravadas;186,6;;;;;;;
pv;Sorocaba;SCB100;Inversor 1.12;Ipv32;Ipv29–32;19;2026-09-25 07:00;;em aberto;curva;244,8;;;;;;;
pv;Sorocaba;SCB100;Inversor 1.2;Ipv29;Ipv29–32;19;2026-09-04 06:50;2026-09-16 06:42;voltou entre varreduras;quedas gravadas;186,6;;;;;;;
pv;Sorocaba;SCB100;Inversor 1.2;Ipv29;Ipv29–32;19;2026-09-25 07:00;;em aberto;curva;243,6;;;;;;;
pv;Sorocaba;SCB100;Inversor 1.2;Ipv30;Ipv29–32;19;2026-09-04 06:50;2026-09-16 06:42;voltou entre varreduras;quedas gravadas;186,6;;;;;;;
pv;Sorocaba;SCB100;Inversor 1.2;Ipv30;Ipv29–32;19;2026-09-25 07:00;;em aberto;curva;243,6;;;;;;;
pv;Sorocaba;SCB100;Inversor 1.2;Ipv31;Ipv29–32;19;2026-09-04 06:50;2026-09-16 06:42;voltou entre varreduras;quedas gravadas;186,6;;;;;;;
pv;Sorocaba;SCB100;Inversor 1.2;Ipv31;Ipv29–32;19;2026-09-25 07:00;;em aberto;curva;243,6;;;;;;;
pv;Sorocaba;SCB100;Inversor 1.2;Ipv32;Ipv29–32;19;2026-09-04 06:50;2026-09-16 06:42;voltou entre varreduras;quedas gravadas;186,6;;;;;;;
pv;Sorocaba;SCB100;Inversor 1.2;Ipv32;Ipv29–32;19;2026-09-25 07:00;;em aberto;curva;243,6;;;;;;;
pv;Sorocaba;SCB100;Inversor 1.3;Ipv29;Ipv29–32;19;2026-09-04 06:50;2026-09-16 06:42;voltou entre varreduras;quedas gravadas;186,6;12877;recomposição;cita outras strings;Concluída;2026-09-03 09:00;2026-09-14 09:15;45,4
pv;Sorocaba;SCB100;Inversor 1.3;Ipv29;Ipv29–32;19;2026-09-25 07:00;;em aberto;curva;243,6;;;;;;;
pv;Sorocaba;SCB100;Inversor 1.3;Ipv30;Ipv29–32;19;2026-09-04 06:50;2026-09-16 06:42;voltou entre varreduras;quedas gravadas;186,6;12877;recomposição;cita outras strings;Concluída;2026-09-03 09:00;2026-09-14 09:15;45,4
pv;Sorocaba;SCB100;Inversor 1.3;Ipv30;Ipv29–32;19;2026-09-25 07:00;;em aberto;curva;243,6;;;;;;;
pv;Sorocaba;SCB100;Inversor 1.3;Ipv31;Ipv29–32;19;2026-09-04 06:50;2026-09-16 06:42;voltou entre varreduras;quedas gravadas;186,6;12877;recomposição;cita outras strings;Concluída;2026-09-03 09:00;2026-09-14 09:15;45,4
pv;Sorocaba;SCB100;Inversor 1.3;Ipv31;Ipv29–32;19;2026-09-25 07:00;;em aberto;curva;243,6;;;;;;;
pv;Sorocaba;SCB100;Inversor 1.3;Ipv32;Ipv29–32;19;2026-09-04 06:50;2026-09-16 06:42;voltou entre varreduras;quedas gravadas;186,6;12877;recomposição;cita outras strings;Concluída;2026-09-03 09:00;2026-09-14 09:15;45,4
pv;Sorocaba;SCB100;Inversor 1.3;Ipv32;Ipv29–32;19;2026-09-25 07:00;;em aberto;curva;243,6;;;;;;;
pv;Sorocaba;SCB100;Inversor 1.4;Ipv29;Ipv29–32;19;2026-09-04 06:50;2026-09-16 06:42;voltou entre varreduras;quedas gravadas;186,6;;;;;;;
pv;Sorocaba;SCB100;Inversor 1.4;Ipv29;Ipv29–32;19;2026-09-25 07:00;;em aberto;curva;243,6;;;;;;;
pv;Sorocaba;SCB100;Inversor 1.4;Ipv30;Ipv29–32;19;2026-09-04 06:50;2026-09-16 06:42;voltou entre varreduras;quedas gravadas;186,6;;;;;;;
pv;Sorocaba;SCB100;Inversor 1.4;Ipv30;Ipv29–32;19;2026-09-25 07:00;;em aberto;curva;243,6;;;;;;;
pv;Sorocaba;SCB100;Inversor 1.4;Ipv31;Ipv29–32;19;2026-09-04 06:50;2026-09-16 06:42;voltou entre varreduras;quedas gravadas;186,6;;;;;;;
pv;Sorocaba;SCB100;Inversor 1.4;Ipv31;Ipv29–32;19;2026-09-25 07:00;;em aberto;curva;243,6;;;;;;;
pv;Sorocaba;SCB100;Inversor 1.4;Ipv32;Ipv29–32;19;2026-09-04 06:50;2026-09-16 06:42;voltou entre varreduras;quedas gravadas;186,6;;;;;;;
pv;Sorocaba;SCB100;Inversor 1.4;Ipv32;Ipv29–32;19;2026-09-25 07:00;;em aberto;curva;243,6;;;;;;;
pv;Sorocaba;SCB100;Inversor 1.5;Ipv29;Ipv29–32;19;2026-09-04 06:50;2026-09-16 06:42;voltou entre varreduras;quedas gravadas;186,6;;;;;;;
pv;Sorocaba;SCB100;Inversor 1.5;Ipv29;Ipv29–32;19;2026-09-25 07:00;;em aberto;curva;244,1;;;;;;;
pv;Sorocaba;SCB100;Inversor 1.5;Ipv30;Ipv29–32;19;2026-09-04 06:50;2026-09-16 06:42;voltou entre varreduras;quedas gravadas;186,6;;;;;;;
pv;Sorocaba;SCB100;Inversor 1.5;Ipv30;Ipv29–32;19;2026-09-25 07:00;;em aberto;curva;244,1;;;;;;;
pv;Sorocaba;SCB100;Inversor 1.5;Ipv31;Ipv29–32;19;2026-09-04 06:50;2026-09-16 06:42;voltou entre varreduras;quedas gravadas;186,6;;;;;;;
pv;Sorocaba;SCB100;Inversor 1.5;Ipv31;Ipv29–32;19;2026-09-25 07:00;;em aberto;curva;244,1;;;;;;;
pv;Sorocaba;SCB100;Inversor 1.5;Ipv32;Ipv29–32;19;2026-09-04 06:50;2026-09-16 06:42;voltou entre varreduras;quedas gravadas;186,6;;;;;;;
pv;Sorocaba;SCB100;Inversor 1.5;Ipv32;Ipv29–32;19;2026-09-25 07:00;;em aberto;curva;244,1;;;;;;;
pv;Sorocaba;SCB100;Inversor 1.6;Ipv29;Ipv29–32;19;2026-09-04 06:50;2026-09-16 06:42;voltou entre varreduras;quedas gravadas;186,6;;;;;;;
pv;Sorocaba;SCB100;Inversor 1.6;Ipv29;Ipv29–32;19;2026-09-27 07:00;;em aberto;curva;76,0;;;;;;;
pv;Sorocaba;SCB100;Inversor 1.6;Ipv30;Ipv29–32;19;2026-09-04 06:50;2026-09-16 06:42;voltou entre varreduras;quedas gravadas;186,6;;;;;;;
pv;Sorocaba;SCB100;Inversor 1.6;Ipv30;Ipv29–32;19;2026-09-27 07:00;;em aberto;curva;76,0;;;;;;;
pv;Sorocaba;SCB100;Inversor 1.6;Ipv31;Ipv29–32;19;2026-09-04 06:50;2026-09-16 06:42;voltou entre varreduras;quedas gravadas;186,6;;;;;;;
pv;Sorocaba;SCB100;Inversor 1.6;Ipv31;Ipv29–32;19;2026-09-27 07:00;;em aberto;curva;76,0;;;;;;;
pv;Sorocaba;SCB100;Inversor 1.6;Ipv32;Ipv29–32;19;2026-09-04 06:50;2026-09-16 06:42;voltou entre varreduras;quedas gravadas;186,6;;;;;;;
pv;Sorocaba;SCB100;Inversor 1.6;Ipv32;Ipv29–32;19;2026-09-27 07:00;;em aberto;curva;76,0;;;;;;;
pv;Sorocaba;SCB100;Inversor 1.7;Ipv29;Ipv29–32;19;2026-09-04 06:50;2026-09-16 06:42;voltou entre varreduras;quedas gravadas;186,6;;;;;;;
pv;Sorocaba;SCB100;Inversor 1.7;Ipv29;Ipv29–32;19;2026-09-27 06:50;;em aberto;curva;76,5;;;;;;;
pv;Sorocaba;SCB100;Inversor 1.7;Ipv30;Ipv29–32;19;2026-09-04 06:50;2026-09-16 06:42;voltou entre varreduras;quedas gravadas;186,6;;;;;;;
pv;Sorocaba;SCB100;Inversor 1.7;Ipv30;Ipv29–32;19;2026-09-27 06:50;;em aberto;curva;76,5;;;;;;;
pv;Sorocaba;SCB100;Inversor 1.7;Ipv31;Ipv29–32;19;2026-09-04 06:50;2026-09-16 06:42;voltou entre varreduras;quedas gravadas;186,6;;;;;;;
pv;Sorocaba;SCB100;Inversor 1.7;Ipv31;Ipv29–32;19;2026-09-27 06:50;;em aberto;curva;76,5;;;;;;;
pv;Sorocaba;SCB100;Inversor 1.7;Ipv32;Ipv29–32;19;2026-09-04 06:50;2026-09-16 06:42;voltou entre varreduras;quedas gravadas;186,6;;;;;;;
pv;Sorocaba;SCB100;Inversor 1.7;Ipv32;Ipv29–32;19;2026-09-27 06:50;;em aberto;curva;76,5;;;;;;;
pv;Sorocaba;SCB100;Inversor 1.8;Ipv29;Ipv29–32;21;2026-09-04 06:40;2026-09-16 06:42;voltou entre varreduras;quedas gravadas;168,8;;;;;;;
pv;Sorocaba;SCB100;Inversor 1.8;Ipv29;Ipv29–32;21;2026-09-25 07:00;;em aberto;curva;221,5;;;;;;;
pv;Sorocaba;SCB100;Inversor 1.8;Ipv30;Ipv29–32;21;2026-09-04 06:40;2026-09-16 06:42;voltou entre varreduras;quedas gravadas;168,8;;;;;;;
pv;Sorocaba;SCB100;Inversor 1.8;Ipv30;Ipv29–32;21;2026-09-25 07:00;;em aberto;curva;221,5;;;;;;;
pv;Sorocaba;SCB100;Inversor 1.8;Ipv31;Ipv29–32;21;2026-09-04 06:40;2026-09-16 06:42;voltou entre varreduras;quedas gravadas;168,8;;;;;;;
pv;Sorocaba;SCB100;Inversor 1.8;Ipv31;Ipv29–32;21;2026-09-25 07:00;;em aberto;curva;221,5;;;;;;;
pv;Sorocaba;SCB100;Inversor 1.8;Ipv32;Ipv29–32;21;2026-09-04 06:40;2026-09-16 06:42;voltou entre varreduras;quedas gravadas;168,8;;;;;;;
pv;Sorocaba;SCB100;Inversor 1.8;Ipv32;Ipv29–32;21;2026-09-25 07:00;;em aberto;curva;221,5;;;;;;;
pv;Sorocaba;SCB100;Inversor 1.9;Ipv29;Ipv29–32;19;2026-09-04 06:40;2026-09-16 06:42;voltou entre varreduras;quedas gravadas;186,6;;;;;;;
pv;Sorocaba;SCB100;Inversor 1.9;Ipv29;Ipv29–32;19;2026-09-27 06:50;;em aberto;curva;76,5;;;;;;;
pv;Sorocaba;SCB100;Inversor 1.9;Ipv30;Ipv29–32;19;2026-09-04 06:40;2026-09-16 06:42;voltou entre varreduras;quedas gravadas;186,6;;;;;;;
pv;Sorocaba;SCB100;Inversor 1.9;Ipv30;Ipv29–32;19;2026-09-27 06:50;;em aberto;curva;76,5;;;;;;;
pv;Sorocaba;SCB100;Inversor 1.9;Ipv31;Ipv29–32;19;2026-09-04 06:40;2026-09-16 06:42;voltou entre varreduras;quedas gravadas;186,6;;;;;;;
pv;Sorocaba;SCB100;Inversor 1.9;Ipv31;Ipv29–32;19;2026-09-27 06:50;;em aberto;curva;76,5;;;;;;;
pv;Sorocaba;SCB100;Inversor 1.9;Ipv32;Ipv29–32;19;2026-09-04 06:40;2026-09-16 06:42;voltou entre varreduras;quedas gravadas;186,6;;;;;;;
pv;Sorocaba;SCB100;Inversor 1.9;Ipv32;Ipv29–32;19;2026-09-27 06:50;;em aberto;curva;76,5;;;;;;;
pv;São Bento do Una;SBU100;Inversor 1.1;Ipv29;Ipv29–32;21;2026-09-25 06:10;;em aberto;curva;218,1;;;;;;;
pv;São Bento do Una;SBU100;Inversor 1.1;Ipv30;Ipv29–32;21;2026-09-25 06:10;;em aberto;curva;218,1;;;;;;;
pv;São Bento do Una;SBU100;Inversor 1.1;Ipv31;Ipv29–32;21;2026-09-25 06:10;;em aberto;curva;218,1;;;;;;;
pv;São Bento do Una;SBU100;Inversor 1.1;Ipv32;Ipv29–32;21;2026-09-25 06:10;;em aberto;curva;218,1;;;;;;;
pv;São Bento do Una;SBU100;Inversor 1.10;Ipv29;Ipv29–32;21;2026-09-25 06:10;;em aberto;curva;218,1;14636;corretiva citando string;cita outras strings;Em andamento;2026-09-25 13:36;;
pv;São Bento do Una;SBU100;Inversor 1.10;Ipv30;Ipv29–32;21;2026-09-25 06:10;;em aberto;curva;218,1;14636;corretiva citando string;cita outras strings;Em andamento;2026-09-25 13:36;;
pv;São Bento do Una;SBU100;Inversor 1.10;Ipv31;Ipv29–32;21;2026-09-25 06:10;;em aberto;curva;218,1;14636;corretiva citando string;cita outras strings;Em andamento;2026-09-25 13:36;;
pv;São Bento do Una;SBU100;Inversor 1.10;Ipv32;Ipv29–32;21;2026-09-25 06:10;;em aberto;curva;218,1;14636;corretiva citando string;cita outras strings;Em andamento;2026-09-25 13:36;;
pv;São Bento do Una;SBU100;Inversor 1.2;Ipv29;Ipv29–32;21;2026-09-25 06:10;;em aberto;curva;218,1;14637;corretiva citando string;cita outras strings;Em andamento;2026-09-25 13:41;;
pv;São Bento do Una;SBU100;Inversor 1.2;Ipv30;Ipv29–32;21;2026-09-25 06:10;;em aberto;curva;218,1;14637;corretiva citando string;cita outras strings;Em andamento;2026-09-25 13:41;;
pv;São Bento do Una;SBU100;Inversor 1.2;Ipv31;Ipv29–32;21;2026-09-25 06:10;;em aberto;curva;218,1;14637;corretiva citando string;cita outras strings;Em andamento;2026-09-25 13:41;;
pv;São Bento do Una;SBU100;Inversor 1.2;Ipv32;Ipv29–32;21;2026-09-25 06:10;;em aberto;curva;218,1;14637;corretiva citando string;cita outras strings;Em andamento;2026-09-25 13:41;;
pv;São Bento do Una;SBU100;Inversor 1.3;Ipv29;Ipv29–32;21;2026-09-25 06:10;;em aberto;curva;218,1;;;;;;;
pv;São Bento do Una;SBU100;Inversor 1.3;Ipv30;Ipv29–32;21;2026-09-25 06:10;;em aberto;curva;218,1;;;;;;;
pv;São Bento do Una;SBU100;Inversor 1.3;Ipv31;Ipv29–32;21;2026-09-25 06:10;;em aberto;curva;218,1;;;;;;;
pv;São Bento do Una;SBU100;Inversor 1.3;Ipv32;Ipv29–32;21;2026-09-25 06:10;;em aberto;curva;218,1;;;;;;;
pv;São Bento do Una;SBU100;Inversor 1.4;Ipv29;Ipv29–32;21;2026-09-25 06:10;;em aberto;curva;218,1;;;;;;;
pv;São Bento do Una;SBU100;Inversor 1.4;Ipv30;Ipv29–32;21;2026-09-25 06:10;;em aberto;curva;218,1;;;;;;;
pv;São Bento do Una;SBU100;Inversor 1.4;Ipv31;Ipv29–32;21;2026-09-25 06:10;;em aberto;curva;218,1;;;;;;;
pv;São Bento do Una;SBU100;Inversor 1.4;Ipv32;Ipv29–32;21;2026-09-25 06:10;;em aberto;curva;218,1;;;;;;;
pv;São Bento do Una;SBU100;Inversor 1.5;Ipv29;Ipv29–32;21;2026-09-25 06:10;;em aberto;curva;218,1;;;;;;;
pv;São Bento do Una;SBU100;Inversor 1.5;Ipv30;Ipv29–32;21;2026-09-25 06:10;;em aberto;curva;218,1;;;;;;;
pv;São Bento do Una;SBU100;Inversor 1.5;Ipv31;Ipv29–32;21;2026-09-25 06:10;;em aberto;curva;218,1;;;;;;;
pv;São Bento do Una;SBU100;Inversor 1.5;Ipv32;Ipv29–32;21;2026-09-25 06:10;;em aberto;curva;218,1;;;;;;;
pv;São Bento do Una;SBU100;Inversor 1.6;Ipv29;Ipv29–32;21;2026-09-25 06:10;;em aberto;curva;218,1;;;;;;;
pv;São Bento do Una;SBU100;Inversor 1.6;Ipv30;Ipv29–32;21;2026-09-25 06:10;;em aberto;curva;218,1;;;;;;;
pv;São Bento do Una;SBU100;Inversor 1.6;Ipv31;Ipv29–32;21;2026-09-25 06:10;;em aberto;curva;218,1;;;;;;;
pv;São Bento do Una;SBU100;Inversor 1.6;Ipv32;Ipv29–32;21;2026-09-25 06:10;;em aberto;curva;218,1;;;;;;;
pv;São Bento do Una;SBU100;Inversor 1.7;Ipv29;Ipv29–32;21;2026-09-25 06:10;;em aberto;curva;218,1;;;;;;;
pv;São Bento do Una;SBU100;Inversor 1.7;Ipv30;Ipv29–32;21;2026-09-25 06:10;;em aberto;curva;218,1;;;;;;;
pv;São Bento do Una;SBU100;Inversor 1.7;Ipv31;Ipv29–32;21;2026-09-25 06:10;;em aberto;curva;218,1;;;;;;;
pv;São Bento do Una;SBU100;Inversor 1.7;Ipv32;Ipv29–32;21;2026-09-25 06:10;;em aberto;curva;218,1;;;;;;;
pv;São Bento do Una;SBU100;Inversor 1.8;Ipv29;Ipv29–32;21;2026-09-25 06:10;;em aberto;curva;218,1;;;;;;;
pv;São Bento do Una;SBU100;Inversor 1.8;Ipv30;Ipv29–32;21;2026-09-25 06:10;;em aberto;curva;218,1;;;;;;;
pv;São Bento do Una;SBU100;Inversor 1.8;Ipv31;Ipv29–32;21;2026-09-25 06:10;;em aberto;curva;218,1;;;;;;;
pv;São Bento do Una;SBU100;Inversor 1.8;Ipv32;Ipv29–32;21;2026-09-25 06:10;;em aberto;curva;218,1;;;;;;;
pv;São Bento do Una;SBU100;Inversor 1.9;Ipv29;Ipv29–32;21;2026-09-27 06:00;;em aberto;curva;70,7;;;;;;;
pv;São Bento do Una;SBU100;Inversor 1.9;Ipv30;Ipv29–32;21;2026-09-27 06:00;;em aberto;curva;70,7;;;;;;;
pv;São Bento do Una;SBU100;Inversor 1.9;Ipv31;Ipv29–32;21;2026-09-27 06:00;;em aberto;curva;70,7;;;;;;;
pv;São Bento do Una;SBU100;Inversor 1.9;Ipv32;Ipv29–32;21;2026-09-27 06:00;;em aberto;curva;70,7;;;;;;;
sunop;TIM100;TIM100;Inversor 3.5;ST 07;dentro das esperadas;12;2026-09-22 09:20;2026-09-23 17:20;voltou;quedas gravadas;104,2;14326;recomposição;cita a string;Concluída;2026-09-22 10:49;2026-09-23 17:30;-0,2
owen;Tupi Paulista;TPP100;Inversor 2.2;1;dentro das esperadas;20;2026-09-22 08:20;2026-09-22 10:20;voltou;curva;5,3;;;;;;;
owen;Tupi Paulista;TPP100;Inversor 2.2;10;dentro das esperadas;20;2026-09-22 08:20;2026-09-22 10:20;voltou;curva;5,3;;;;;;;
owen;Tupi Paulista;TPP100;Inversor 2.2;11;dentro das esperadas;20;2026-09-22 08:20;2026-09-22 10:20;voltou;curva;5,3;;;;;;;
owen;Tupi Paulista;TPP100;Inversor 2.2;12;dentro das esperadas;20;2026-09-22 08:20;2026-09-22 10:20;voltou;curva;5,3;;;;;;;
owen;Tupi Paulista;TPP100;Inversor 2.2;15;dentro das esperadas;20;2026-09-22 08:20;2026-09-22 10:20;voltou;curva;5,3;;;;;;;
owen;Tupi Paulista;TPP100;Inversor 2.2;16;dentro das esperadas;20;2026-09-22 08:20;2026-09-22 10:20;voltou;curva;5,3;;;;;;;
owen;Tupi Paulista;TPP100;Inversor 2.2;17;dentro das esperadas;20;2026-09-22 08:20;2026-09-22 10:20;voltou;curva;5,3;;;;;;;
owen;Tupi Paulista;TPP100;Inversor 2.2;19;dentro das esperadas;20;2026-09-22 08:20;2026-09-22 10:20;voltou;curva;5,3;;;;;;;
owen;Tupi Paulista;TPP100;Inversor 2.2;2;dentro das esperadas;20;2026-09-22 08:20;2026-09-22 10:20;voltou;curva;5,3;;;;;;;
owen;Tupi Paulista;TPP100;Inversor 2.2;20;dentro das esperadas;20;2026-09-22 08:20;2026-09-22 10:20;voltou;curva;5,3;;;;;;;
owen;Tupi Paulista;TPP100;Inversor 2.2;21;acima das esperadas;20;2026-09-22 08:20;2026-09-22 10:20;voltou;curva;5,3;;;;;;;
owen;Tupi Paulista;TPP100;Inversor 2.2;24;acima das esperadas;20;2026-09-22 08:20;2026-09-22 10:20;voltou;curva;5,3;;;;;;;
owen;Tupi Paulista;TPP100;Inversor 2.2;3;dentro das esperadas;20;2026-09-22 08:20;2026-09-22 10:20;voltou;curva;5,3;;;;;;;
owen;Tupi Paulista;TPP100;Inversor 2.2;4;dentro das esperadas;20;2026-09-22 08:20;2026-09-22 10:20;voltou;curva;5,3;;;;;;;
owen;Tupi Paulista;TPP100;Inversor 2.2;5;dentro das esperadas;20;2026-09-22 08:20;2026-09-22 10:20;voltou;curva;5,3;;;;;;;
owen;Tupi Paulista;TPP100;Inversor 2.2;6;dentro das esperadas;20;2026-09-22 08:20;2026-09-22 10:20;voltou;curva;5,3;;;;;;;
owen;Tupi Paulista;TPP100;Inversor 2.2;7;dentro das esperadas;20;2026-09-22 08:20;2026-09-22 10:20;voltou;curva;5,3;;;;;;;
